{
  "results": [
    {
      "command": "normal_run",
      "mean": 0.5052187009999999,
      "stddev": 0.027758496051696793,
      "median": 0.4941194444,
      "user": 0.0022519239999999998,
      "system": 0.000603916,
      "min": 0.47466500240000004,
      "max": 0.5492511554,
      "times": [
        0.4943210424,
        0.47466500240000004,
        0.4914945484,
        0.5462946484,
        0.4939178464,
        0.5492511554,
        0.5026979404,
        0.47792011240000004,
        0.48708239540000003,
        0.5345423184
      ],
      "exit_codes": [
        0,
        0,
        0,
        0,
        0,
        0,
        0,
        0,
        0,
        0
      ]
    },
    {
      "command": "with_nested_loop_join",
      "mean": 0.5527688013000001,
      "stddev": 0.01730074803178037,
      "median": 0.5522184189000001,
      "user": 0.00145939,
      "system": 0.0016471279999999999,
      "min": 0.5316116094000001,
      "max": 0.5880538934,
      "times": [
        0.5495944204000001,
        0.5576568404000001,
        0.5548424174000001,
        0.5349426124000001,
        0.5316116094000001,
        0.5880538934,
        0.5426804304,
        0.5571062604,
        0.5396542564,
        0.5715452724
      ],
      "exit_codes": [
        0,
        0,
        0,
        0,
        0,
        0,
        0,
        0,
        0,
        0
      ]
    },
    {
      "command": "with_hash_join",
      "mean": 22.9024855124,
      "stddev": 0.3232635204660682,
      "median": 22.7322745384,
      "user": 0.0019433459999999999,
      "system": 0.001050424,
      "min": 22.536008852400002,
      "max": 23.5133107794,
      "times": [
        22.7283590054,
        23.5133107794,
        22.7361900714,
        22.536008852400002,
        22.6731057784,
        22.6280636964,
        22.712653201400002,
        23.197952099400002,
        23.1788527954,
        23.120358844400002
      ],
      "exit_codes": [
        0,
        0,
        0,
        0,
        0,
        0,
        0,
        0,
        0,
        0
      ]
    }
  ]
}
