{
  "results": [
    {
      "command": "normal_run",
      "mean": 8.2953131245,
      "stddev": 3.055442287743854,
      "median": 9.3337363742,
      "user": 0.002552739999999999,
      "system": 0.00029095,
      "min": 2.7365494787,
      "max": 10.7480872567,
      "times": [
        8.3712875487,
        10.7480872567,
        10.0557643077,
        9.5734871837,
        9.0939855647,
        10.6430719757,
        10.6637387657,
        2.7365494787,
        2.7629053937,
        8.3042537697
      ],
      "exit_codes": [
        0,
        0,
        0,
        0,
        0,
        0,
        0,
        0,
        0,
        0
      ]
    },
    {
      "command": "with_nested_loop_join",
      "mean": 8.988469566300001,
      "stddev": 0.686558137838436,
      "median": 8.8329920747,
      "user": 0.0020626579999999993,
      "system": 0.0009194500000000001,
      "min": 8.1700439157,
      "max": 10.3350180107,
      "times": [
        8.5376108147,
        10.3350180107,
        8.9010158837,
        9.0750006177,
        8.1700439157,
        8.4150113597,
        9.8648610077,
        8.7649682657,
        9.3475235507,
        8.4736422367
      ],
      "exit_codes": [
        0,
        0,
        0,
        0,
        0,
        0,
        0,
        0,
        0,
        0
      ]
    },
    {
      "command": "with_hash_join",
      "mean": 12.756857708499998,
      "stddev": 1.7876898150703147,
      "median": 12.763784732200001,
      "user": 0.0019356579999999994,
      "system": 0.0010829,
      "min": 11.0651224897,
      "max": 16.2685380967,
      "times": [
        11.2464767107,
        11.0651224897,
        11.0971481617,
        12.8738864717,
        12.8937184397,
        11.2632522697,
        12.9560724157,
        16.2685380967,
        15.2506790367,
        12.6536829927
      ],
      "exit_codes": [
        0,
        0,
        0,
        0,
        0,
        0,
        0,
        0,
        0,
        0
      ]
    }
  ]
}
