{
  "results": [
    {
      "command": "normal_run",
      "mean": 48.161756118940005,
      "stddev": 0.5112181937383599,
      "median": 48.13973701984,
      "user": 0.0014990399999999997,
      "system": 0.0016432320000000001,
      "min": 47.402152504339995,
      "max": 49.03129708834,
      "times": [
        48.05254385934,
        47.94356050634,
        48.23949960333999,
        48.93532248034,
        48.22693018034,
        47.402152504339995,
        47.79183471634,
        47.714569587339994,
        48.27985066334,
        49.03129708834
      ],
      "exit_codes": [
        0,
        0,
        0,
        0,
        0,
        0,
        0,
        0,
        0,
        0
      ]
    }
  ]
}
