{
  "results": [
    {
      "command": "normal_run",
      "mean": 48.3764193949,
      "stddev": 0.32066818025703947,
      "median": 48.3739709429,
      "user": 0.002651942,
      "system": 0.00044824000000000003,
      "min": 47.9205111379,
      "max": 48.9475278259,
      "times": [
        48.421340622900004,
        48.1175798599,
        48.0293513379,
        48.4622879839,
        48.7855287429,
        48.2655175159,
        48.3266012629,
        48.4879476589,
        48.9475278259,
        47.9205111379
      ],
      "exit_codes": [
        0,
        0,
        0,
        0,
        0,
        0,
        0,
        0,
        0,
        0
      ]
    },
    {
      "command": "with_nested_loop_join",
      "mean": 84.00706183530001,
      "stddev": 7.836434165002995,
      "median": 82.8377381669,
      "user": 0.0021542659999999997,
      "system": 0.0010248,
      "min": 70.48286278789999,
      "max": 96.45443058389999,
      "times": [
        82.5286723199,
        75.52295944689999,
        70.48286278789999,
        88.9648756619,
        94.1982395849,
        82.8302600789,
        96.45443058389999,
        82.8452162549,
        81.12935386989999,
        85.1137477639
      ],
      "exit_codes": [
        0,
        0,
        0,
        0,
        0,
        0,
        0,
        0,
        0,
        0
      ]
    },
    {
      "command": "with_hash_join",
      "mean": 11.171309858299999,
      "stddev": 0.06342156048232414,
      "median": 11.169716685400001,
      "user": 0.002778042,
      "system": 0.0004957,
      "min": 11.084047801899999,
      "max": 11.2761649819,
      "times": [
        11.2761649819,
        11.136258671899999,
        11.226318350900002,
        11.163360848900002,
        11.126915081900002,
        11.2019771619,
        11.089834421900001,
        11.084047801899999,
        11.232148739900001,
        11.1760725219
      ],
      "exit_codes": [
        0,
        0,
        0,
        0,
        0,
        0,
        0,
        0,
        0,
        0
      ]
    }
  ]
}
