{
  "results": [
    {
      "command": "normal_run",
      "mean": 11.36753872708,
      "stddev": 2.9795259696015126,
      "median": 12.23975633398,
      "user": 0.002104296,
      "system": 0.0009098099999999999,
      "min": 2.8983593139800004,
      "max": 12.60994644098,
      "times": [
        12.17467511698,
        12.16318179598,
        12.60994644098,
        12.39396241998,
        12.22440410998,
        12.14440806298,
        12.25510855798,
        12.34019178998,
        2.8983593139800004,
        12.47114966198
      ],
      "exit_codes": [
        0,
        0,
        0,
        0,
        0,
        0,
        0,
        0,
        0,
        0
      ]
    },
    {
      "command": "with_nested_loop_join",
      "mean": 60.76673030328,
      "stddev": 16.209921919754294,
      "median": 65.61341048848,
      "user": 0.002015296,
      "system": 0.00104551,
      "min": 14.71770286998,
      "max": 68.51897517498,
      "times": [
        65.30504022498,
        65.25183769798,
        66.06223243098,
        65.61625851298,
        64.95523659198,
        65.82719033598,
        68.51897517498,
        14.71770286998,
        65.61056246398,
        65.80226672898
      ],
      "exit_codes": [
        0,
        0,
        0,
        0,
        0,
        0,
        0,
        0,
        0,
        0
      ]
    },
    {
      "command": "with_hash_join",
      "mean": 12.88921600708,
      "stddev": 0.12962530057773003,
      "median": 12.85978796848,
      "user": 0.0016388400000000001,
      "system": 0.00142341,
      "min": 12.76038147898,
      "max": 13.18168796798,
      "times": [
        12.84838158798,
        12.80205928798,
        12.87119434898,
        13.01342071198,
        12.76038147898,
        12.79875261098,
        12.87813703198,
        13.18168796798,
        12.782605587980001,
        12.95553945598
      ],
      "exit_codes": [
        0,
        0,
        0,
        0,
        0,
        0,
        0,
        0,
        0,
        0
      ]
    }
  ]
}
