{
  "results": [
    {
      "command": "normal_run",
      "mean": 1.09484833272,
      "stddev": 0.008625613929502144,
      "median": 1.0941311542199998,
      "user": 0.00239216,
      "system": 0.0006602239999999999,
      "min": 1.08184054772,
      "max": 1.10892850172,
      "times": [
        1.10892850172,
        1.09852679272,
        1.10036097672,
        1.08725094172,
        1.0942422057199999,
        1.08184054772,
        1.10579678872,
        1.09040383772,
        1.0940201027199998,
        1.08711263172
      ],
      "exit_codes": [
        0,
        0,
        0,
        0,
        0,
        0,
        0,
        0,
        0,
        0
      ]
    },
    {
      "command": "with_nested_loop_join",
      "mean": 1.0956134377199997,
      "stddev": 0.004926163080335986,
      "median": 1.09556866922,
      "user": 0.001537542,
      "system": 0.0016132779999999999,
      "min": 1.08709884572,
      "max": 1.10318862772,
      "times": [
        1.0906480187199998,
        1.08709884572,
        1.0920010197199999,
        1.0951310077199998,
        1.0954905477199999,
        1.10318862772,
        1.10220435172,
        1.0956467907199998,
        1.09807282672,
        1.09665234072
      ],
      "exit_codes": [
        0,
        0,
        0,
        0,
        0,
        0,
        0,
        0,
        0,
        0
      ]
    },
    {
      "command": "with_hash_join",
      "mean": 18.793277506019997,
      "stddev": 0.11962593559512312,
      "median": 18.771996014719996,
      "user": 0.0019013419999999999,
      "system": 0.0011079239999999997,
      "min": 18.650600040719997,
      "max": 19.041990123719998,
      "times": [
        19.041990123719998,
        18.937556952719998,
        18.785513718719997,
        18.796540567719997,
        18.74680568572,
        18.673168612719998,
        18.82982710972,
        18.71229393772,
        18.650600040719997,
        18.758478310719997
      ],
      "exit_codes": [
        0,
        0,
        0,
        0,
        0,
        0,
        0,
        0,
        0,
        0
      ]
    }
  ]
}
