{
  "results": [
    {
      "command": "normal_run",
      "mean": 40.94524121854,
      "stddev": 1.79662494411417,
      "median": 40.401526676539994,
      "user": 0.0021236659999999997,
      "system": 0.0010577099999999997,
      "min": 38.91987308554,
      "max": 44.25300809654,
      "times": [
        40.624275492539994,
        40.178777860539995,
        43.63452836154,
        38.91987308554,
        39.04995039454,
        41.49081181554,
        44.25300809654,
        40.139484047539995,
        39.780856644539995,
        41.38084638654
      ],
      "exit_codes": [
        0,
        0,
        0,
        0,
        0,
        0,
        0,
        0,
        0,
        0
      ]
    },
    {
      "command": "with_nested_loop_join",
      "mean": 42.02035969274,
      "stddev": 1.971182373521432,
      "median": 41.69918391954,
      "user": 0.002650142,
      "system": 0.0005675639999999999,
      "min": 40.149629363539994,
      "max": 46.11943852354,
      "times": [
        41.51810734254,
        42.394965326539996,
        41.88026049654,
        40.149629363539994,
        40.27144139854,
        42.271191921539994,
        46.11943852354,
        44.57383108554,
        40.330973871539996,
        40.69375759754
      ],
      "exit_codes": [
        0,
        0,
        0,
        0,
        0,
        0,
        0,
        0,
        0,
        0
      ]
    },
    {
      "command": "with_hash_join",
      "mean": 30.308831176340004,
      "stddev": 1.3191026505564951,
      "median": 30.17889293054,
      "user": 0.0017102660000000007,
      "system": 0.0012315919999999999,
      "min": 27.67308799554,
      "max": 32.37276959154,
      "times": [
        32.37276959154,
        30.19859792654,
        32.31872865554,
        29.89990380754,
        30.06799150754,
        29.93420451354,
        30.16829374054,
        30.18949212054,
        30.26524190454,
        27.67308799554
      ],
      "exit_codes": [
        0,
        0,
        0,
        0,
        0,
        0,
        0,
        0,
        0,
        0
      ]
    }
  ]
}
