{
  "results": [
    {
      "command": "normal_run",
      "mean": 1.2154688575200001,
      "stddev": 0.01870354496283667,
      "median": 1.21967929922,
      "user": 0.000805432,
      "system": 0.002201288,
      "min": 1.17285749572,
      "max": 1.23786007572,
      "times": [
        1.2222451357200002,
        1.17285749572,
        1.2162390327200001,
        1.20842832172,
        1.23786007572,
        1.2197349857200002,
        1.23579799772,
        1.2196236127200002,
        1.1998678707200001,
        1.2220340467200002
      ],
      "exit_codes": [
        0,
        0,
        0,
        0,
        0,
        0,
        0,
        0,
        0,
        0
      ]
    },
    {
      "command": "with_nested_loop_join",
      "mean": 1.19371836292,
      "stddev": 0.010742268195464151,
      "median": 1.1908157997200002,
      "user": 0.0022719640000000004,
      "system": 0.0008339919999999999,
      "min": 1.1828376207200002,
      "max": 1.21833061872,
      "times": [
        1.1828376207200002,
        1.19698388972,
        1.21833061872,
        1.18335342672,
        1.1966730407200001,
        1.18939193672,
        1.19223966272,
        1.1868836067200002,
        1.20283795072,
        1.18765187572
      ],
      "exit_codes": [
        0,
        0,
        0,
        0,
        0,
        0,
        0,
        0,
        0,
        0
      ]
    },
    {
      "command": "with_hash_join",
      "mean": 30.511585989420002,
      "stddev": 0.23958805027422084,
      "median": 30.533966701220002,
      "user": 0.001288148,
      "system": 0.0017077199999999998,
      "min": 30.157005522720002,
      "max": 31.044341038720003,
      "times": [
        30.208755164720003,
        30.58121187672,
        30.549008112720003,
        30.53812185972,
        31.044341038720003,
        30.157005522720002,
        30.56338063072,
        30.438373530720003,
        30.50585061472,
        30.52981154272
      ],
      "exit_codes": [
        0,
        0,
        0,
        0,
        0,
        0,
        0,
        0,
        0,
        0
      ]
    }
  ]
}
