{
  "results": [
    {
      "command": "normal_run",
      "mean": 1.7593180265799997,
      "stddev": 0.03472973493073613,
      "median": 1.7627259718800001,
      "user": 0.0018253319999999996,
      "system": 0.0011069159999999999,
      "min": 1.71088053038,
      "max": 1.8132444223800002,
      "times": [
        1.7717081133800001,
        1.7886096813800003,
        1.71088053038,
        1.8132444223800002,
        1.7373388863800001,
        1.73622918838,
        1.7537438303800001,
        1.7720613503800002,
        1.71383483138,
        1.79552943138
      ],
      "exit_codes": [
        0,
        0,
        0,
        0,
        0,
        0,
        0,
        0,
        0,
        0
      ]
    },
    {
      "command": "with_nested_loop_join",
      "mean": 1.6916733480800001,
      "stddev": 0.02296040832484478,
      "median": 1.6852256343800003,
      "user": 0.002297932,
      "system": 0.00087086,
      "min": 1.67061276338,
      "max": 1.74608006138,
      "times": [
        1.6782043223800003,
        1.6981452643800001,
        1.7048731673800002,
        1.6769579303800002,
        1.6708311163800003,
        1.6922469463800003,
        1.70126022338,
        1.6775216853800001,
        1.67061276338,
        1.74608006138
      ],
      "exit_codes": [
        0,
        0,
        0,
        0,
        0,
        0,
        0,
        0,
        0,
        0
      ]
    },
    {
      "command": "with_hash_join",
      "mean": 27.74351539338,
      "stddev": 0.390886717245058,
      "median": 27.680991459379996,
      "user": 0.001772578,
      "system": 0.001241416,
      "min": 27.389062524379998,
      "max": 28.765497337379998,
      "times": [
        27.704017288379998,
        27.389062524379998,
        27.91400185138,
        27.657965630379998,
        27.641216814379998,
        27.445845357379998,
        27.713117635379998,
        27.48564891138,
        27.71878058338,
        28.765497337379998
      ],
      "exit_codes": [
        0,
        0,
        0,
        0,
        0,
        0,
        0,
        0,
        0,
        0
      ]
    }
  ]
}
