{
  "results": [
    {
      "command": "normal_run",
      "mean": 0.0039794393800000015,
      "stddev": 0.0002577026206570494,
      "median": 0.0039190021800000014,
      "user": 0.0013538159999999999,
      "system": 0.0015965699999999998,
      "min": 0.0036329101800000015,
      "max": 0.0043538611800000016,
      "times": [
        0.0036443311800000017,
        0.003925397180000002,
        0.0036329101800000015,
        0.003912607180000001,
        0.0038697181800000013,
        0.0038914451800000013,
        0.0043538611800000016,
        0.004302969180000001,
        0.0042848471800000015,
        0.003976307180000001
      ],
      "exit_codes": [
        0,
        0,
        0,
        0,
        0,
        0,
        0,
        0,
        0,
        0
      ]
    },
    {
      "command": "with_nested_loop_join",
      "mean": 0.004056168280000001,
      "stddev": 0.00021419849240544766,
      "median": 0.003974355180000002,
      "user": 0.001948352,
      "system": 0.00107696,
      "min": 0.0038436571800000013,
      "max": 0.004459127180000001,
      "times": [
        0.004459127180000001,
        0.004077544180000002,
        0.003957014180000001,
        0.0038436571800000013,
        0.0039599661800000015,
        0.004431814180000001,
        0.0039437941800000015,
        0.003988744180000002,
        0.0040001411800000015,
        0.0038998801800000015
      ],
      "exit_codes": [
        0,
        0,
        0,
        0,
        0,
        0,
        0,
        0,
        0,
        0
      ]
    },
    {
      "command": "with_hash_join",
      "mean": 2.55065364178,
      "stddev": 0.016135694261631004,
      "median": 2.5498483186800005,
      "user": 0.002045452,
      "system": 0.00124776,
      "min": 2.5295549801800004,
      "max": 2.58344669218,
      "times": [
        2.58344669218,
        2.55668375818,
        2.5471220701800004,
        2.55264956318,
        2.55257456718,
        2.5673005141800003,
        2.5425168411800003,
        2.54319887918,
        2.53148855218,
        2.5295549801800004
      ],
      "exit_codes": [
        0,
        0,
        0,
        0,
        0,
        0,
        0,
        0,
        0,
        0
      ]
    }
  ]
}
