{
  "results": [
    {
      "command": "normal_run",
      "mean": 0.003691379439999999,
      "stddev": 0.00035134770822047175,
      "median": 0.0036295004399999995,
      "user": 0.0018302039999999998,
      "system": 0.001001932,
      "min": 0.0032335944399999998,
      "max": 0.004384415439999999,
      "times": [
        0.00337497244,
        0.0032335944399999998,
        0.0033890144399999996,
        0.0036033984399999994,
        0.0035265654399999993,
        0.00383308944,
        0.0038287354399999993,
        0.0036556024399999995,
        0.0040844064400000005,
        0.004384415439999999
      ],
      "exit_codes": [
        0,
        0,
        0,
        0,
        0,
        0,
        0,
        0,
        0,
        0
      ]
    },
    {
      "command": "with_nested_loop_join",
      "mean": 0.004019139139999999,
      "stddev": 0.0002322527635424866,
      "median": 0.00392924344,
      "user": 0.00150162,
      "system": 0.001520048,
      "min": 0.0037582874399999995,
      "max": 0.004416963439999999,
      "times": [
        0.0038585914399999993,
        0.003911149439999999,
        0.004416963439999999,
        0.00388561044,
        0.00376952344,
        0.00411247644,
        0.004321005439999999,
        0.00421044644,
        0.00394733744,
        0.0037582874399999995
      ],
      "exit_codes": [
        0,
        0,
        0,
        0,
        0,
        0,
        0,
        0,
        0,
        0
      ]
    },
    {
      "command": "with_hash_join",
      "mean": 2.5681631436399996,
      "stddev": 0.010962400024043223,
      "median": 2.56877400594,
      "user": 0.0029638559999999995,
      "system": 0.00040321599999999997,
      "min": 2.5518524054399996,
      "max": 2.58216482644,
      "times": [
        2.5543956034399997,
        2.5807528294399997,
        2.56396102744,
        2.5518524054399996,
        2.56958407944,
        2.58216482644,
        2.55813511644,
        2.57366221844,
        2.57915939744,
        2.56796393244
      ],
      "exit_codes": [
        0,
        0,
        0,
        0,
        0,
        0,
        0,
        0,
        0,
        0
      ]
    }
  ]
}
