{
  "results": [
    {
      "command": "normal_run",
      "mean": 4.0631985581,
      "stddev": 0.06585158681086789,
      "median": 4.0526615511,
      "user": 0.0025292299999999995,
      "system": 0.0008498579999999999,
      "min": 3.9721011091,
      "max": 4.1868930691,
      "times": [
        4.0489877851,
        4.1868930691,
        4.0116743631,
        4.0288537160999995,
        3.9721011091,
        4.0103990591,
        4.0563353171,
        4.1515375941,
        4.0832734911,
        4.0819300771
      ],
      "exit_codes": [
        0,
        0,
        0,
        0,
        0,
        0,
        0,
        0,
        0,
        0
      ]
    },
    {
      "command": "with_nested_loop_join",
      "mean": 4.1953284359000005,
      "stddev": 0.045069795666250426,
      "median": 4.1832361186,
      "user": 0.0024452999999999996,
      "system": 0.00071413,
      "min": 4.1574283261,
      "max": 4.3124738031,
      "times": [
        4.1751945461,
        4.2200501431,
        4.1686039151,
        4.1574283261,
        4.1982897101,
        4.1886172961,
        4.1778549411,
        4.1634506051,
        4.3124738031,
        4.1913210731
      ],
      "exit_codes": [
        0,
        0,
        0,
        0,
        0,
        0,
        0,
        0,
        0,
        0
      ]
    },
    {
      "command": "with_hash_join",
      "mean": 1.1538734935,
      "stddev": 0.06194854317897502,
      "median": 1.1625051311,
      "user": 0.0024200999999999997,
      "system": 0.00070153,
      "min": 0.9838539631000001,
      "max": 1.2099808991,
      "times": [
        1.2099808991,
        1.1836582311,
        1.1839585961,
        1.1631251081,
        1.1751931901,
        1.1570524911,
        1.1609766431,
        1.1618851541,
        0.9838539631000001,
        1.1590506591
      ],
      "exit_codes": [
        0,
        0,
        0,
        0,
        0,
        0,
        0,
        0,
        0,
        0
      ]
    }
  ]
}
