{
  "results": [
    {
      "command": "normal_run",
      "mean": 0.02528938282,
      "stddev": 0.003337657745353977,
      "median": 0.02653535082,
      "user": 0.001943922,
      "system": 0.0013118,
      "min": 0.02046508432,
      "max": 0.02917623332,
      "times": [
        0.02330147032,
        0.02791265632,
        0.02179244732,
        0.02046508432,
        0.02091448032,
        0.02917623332,
        0.028592876320000002,
        0.026560824320000002,
        0.02650987732,
        0.027667878320000002
      ],
      "exit_codes": [
        0,
        0,
        0,
        0,
        0,
        0,
        0,
        0,
        0,
        0
      ]
    },
    {
      "command": "with_nested_loop_join",
      "mean": 0.024615991320000002,
      "stddev": 0.0043081564066044156,
      "median": 0.02535553432,
      "user": 0.0021803219999999997,
      "system": 0.0011147999999999998,
      "min": 0.01854830432,
      "max": 0.03010362932,
      "times": [
        0.02743931032,
        0.02454114932,
        0.029725167320000002,
        0.03010362932,
        0.02154794932,
        0.02803851832,
        0.02040884432,
        0.026169919320000002,
        0.01963712132,
        0.01854830432
      ],
      "exit_codes": [
        0,
        0,
        0,
        0,
        0,
        0,
        0,
        0,
        0,
        0
      ]
    },
    {
      "command": "with_hash_join",
      "mean": 2.13188309692,
      "stddev": 0.07765433843630785,
      "median": 2.12567775032,
      "user": 0.001792876,
      "system": 0.0015332,
      "min": 2.04583508732,
      "max": 2.29135548332,
      "times": [
        2.07894291132,
        2.20207875232,
        2.18729054532,
        2.29135548332,
        2.04583508732,
        2.14261977232,
        2.12782587132,
        2.05782296432,
        2.12352962932,
        2.06152995232
      ],
      "exit_codes": [
        0,
        0,
        0,
        0,
        0,
        0,
        0,
        0,
        0,
        0
      ]
    }
  ]
}
