{
  "results": [
    {
      "command": "normal_run",
      "mean": 1.24420896056,
      "stddev": 0.019810924375219623,
      "median": 1.23809219976,
      "user": 0.0009329899999999999,
      "system": 0.0020827099999999998,
      "min": 1.21844277826,
      "max": 1.28579893026,
      "times": [
        1.22981931926,
        1.21844277826,
        1.23319333226,
        1.2604536682599998,
        1.2419068332599998,
        1.24161821926,
        1.2338211722599999,
        1.28579893026,
        1.2624691722599999,
        1.2345661802599999
      ],
      "exit_codes": [
        0,
        0,
        0,
        0,
        0,
        0,
        0,
        0,
        0,
        0
      ]
    },
    {
      "command": "with_nested_loop_join",
      "mean": 1.20853469426,
      "stddev": 0.025596936470984172,
      "median": 1.20798603976,
      "user": 0.002560402,
      "system": 0.0007957600000000001,
      "min": 1.17815528026,
      "max": 1.2433479642599998,
      "times": [
        1.17815528026,
        1.2406690142599999,
        1.21018855226,
        1.23632424126,
        1.18065832226,
        1.19245326026,
        1.2179199112599999,
        1.2433479642599998,
        1.17984686926,
        1.20578352726
      ],
      "exit_codes": [
        0,
        0,
        0,
        0,
        0,
        0,
        0,
        0,
        0,
        0
      ]
    },
    {
      "command": "with_hash_join",
      "mean": 26.02561689346,
      "stddev": 1.127468120462563,
      "median": 25.61060167126,
      "user": 0.0016517240000000002,
      "system": 0.0013252299999999997,
      "min": 25.20646938826,
      "max": 28.152797494260003,
      "times": [
        28.122044187260002,
        28.152797494260003,
        25.20646938826,
        25.268608990260002,
        25.70893364526,
        25.316330985260002,
        25.62739723026,
        25.543063348260002,
        25.71671755326,
        25.59380611226
      ],
      "exit_codes": [
        0,
        0,
        0,
        0,
        0,
        0,
        0,
        0,
        0,
        0
      ]
    }
  ]
}
