{
  "results": [
    {
      "command": "normal_run",
      "mean": 44.40433916492,
      "stddev": 5.596342114916228,
      "median": 42.33810029092,
      "user": 0.0025003259999999998,
      "system": 0.000641788,
      "min": 39.655872002920006,
      "max": 55.857866014920006,
      "times": [
        42.056837711920004,
        55.857866014920006,
        44.74176047292001,
        42.61936286992,
        41.95680301192,
        41.201350073920004,
        39.71858404192,
        39.655872002920006,
        53.291874403920005,
        42.94308104492
      ],
      "exit_codes": [
        0,
        0,
        0,
        0,
        0,
        0,
        0,
        0,
        0,
        0
      ]
    },
    {
      "command": "with_nested_loop_join",
      "mean": 43.37476067691999,
      "stddev": 1.0513665288086678,
      "median": 43.530726063420005,
      "user": 0.0020692399999999995,
      "system": 0.000980432,
      "min": 42.031488590920006,
      "max": 45.024220929920006,
      "times": [
        43.60943477992,
        44.769310421920004,
        42.33737687192,
        43.45201734692,
        42.478089443920005,
        43.986013526920004,
        42.34951012692,
        42.031488590920006,
        45.024220929920006,
        43.71014472992
      ],
      "exit_codes": [
        0,
        0,
        0,
        0,
        0,
        0,
        0,
        0,
        0,
        0
      ]
    },
    {
      "command": "with_hash_join",
      "mean": 33.07062419812,
      "stddev": 2.5156118729629786,
      "median": 34.89000321692001,
      "user": 0.00194434,
      "system": 0.00117796,
      "min": 29.85993215392,
      "max": 35.165548346920005,
      "times": [
        34.94747672692,
        34.832529706920006,
        29.85993215392,
        35.10992691992,
        30.84066257792,
        35.165548346920005,
        35.03009683692,
        30.002395104919998,
        34.958534383920004,
        29.95913922292
      ],
      "exit_codes": [
        0,
        0,
        0,
        0,
        0,
        0,
        0,
        0,
        0,
        0
      ]
    }
  ]
}
