{
  "results": [
    {
      "command": "normal_run",
      "mean": 1.3552258506400001,
      "stddev": 0.28523062688893674,
      "median": 1.23881623144,
      "user": 0.002187084,
      "system": 0.00088312,
      "min": 1.17045448644,
      "max": 2.00111479644,
      "times": [
        2.00111479644,
        1.7533978974400002,
        1.23743019044,
        1.26971387744,
        1.24020227244,
        1.32483185744,
        1.19398867744,
        1.18033308944,
        1.17045448644,
        1.18079136144
      ],
      "exit_codes": [
        0,
        0,
        0,
        0,
        0,
        0,
        0,
        0,
        0,
        0
      ]
    },
    {
      "command": "with_nested_loop_join",
      "mean": 1.2614057991399998,
      "stddev": 0.21318634144106755,
      "median": 1.1813956404400001,
      "user": 0.002321996,
      "system": 0.0006794500000000001,
      "min": 1.15639327744,
      "max": 1.85084035444,
      "times": [
        1.16043153344,
        1.20920682244,
        1.15743644944,
        1.1859207974400001,
        1.1768704834400001,
        1.17288063944,
        1.21755107244,
        1.15639327744,
        1.85084035444,
        1.3265265614400001
      ],
      "exit_codes": [
        0,
        0,
        0,
        0,
        0,
        0,
        0,
        0,
        0,
        0
      ]
    },
    {
      "command": "with_hash_join",
      "mean": 18.254231757739998,
      "stddev": 9.551992944612477,
      "median": 13.822650184939999,
      "user": 0.00151096,
      "system": 0.0016853799999999998,
      "min": 12.150398962439999,
      "max": 40.66473719244,
      "times": [
        12.150398962439999,
        13.83742929344,
        20.62941902644,
        13.80848195544,
        12.240875127439999,
        29.40696531744,
        12.22643684444,
        40.66473719244,
        13.74075544344,
        13.83681841444
      ],
      "exit_codes": [
        0,
        0,
        0,
        0,
        0,
        0,
        0,
        0,
        0,
        0
      ]
    }
  ]
}
