{
  "results": [
    {
      "command": "normal_run",
      "mean": 0.9865686807199999,
      "stddev": 0.5465220784038944,
      "median": 0.9405022414199999,
      "user": 0.001932294,
      "system": 0.001068056,
      "min": 0.45520077242,
      "max": 1.83676078442,
      "times": [
        1.57000277842,
        1.83676078442,
        1.31247417142,
        0.45520077242,
        0.46529368442,
        0.5886472694200001,
        0.46383910142,
        0.47400814242,
        1.2923572134199999,
        1.40710288942
      ],
      "exit_codes": [
        0,
        0,
        0,
        0,
        0,
        0,
        0,
        0,
        0,
        0
      ]
    },
    {
      "command": "with_nested_loop_join",
      "mean": 0.47130085382000003,
      "stddev": 0.012205789167097691,
      "median": 0.46896161592,
      "user": 0.001835394,
      "system": 0.001173656,
      "min": 0.45842885142,
      "max": 0.49281748042,
      "times": [
        0.47522404942,
        0.49281748042,
        0.47852494742,
        0.48090639442,
        0.46017206542,
        0.48267575342,
        0.46214461642,
        0.46269918242,
        0.45842885142,
        0.45941519742000003
      ],
      "exit_codes": [
        0,
        0,
        0,
        0,
        0,
        0,
        0,
        0,
        0,
        0
      ]
    },
    {
      "command": "with_hash_join",
      "mean": 12.186464073820002,
      "stddev": 0.6992143286568809,
      "median": 12.049456361419999,
      "user": 0.002480778,
      "system": 0.000572404,
      "min": 11.32511100042,
      "max": 13.70492496142,
      "times": [
        11.32511100042,
        11.72433669342,
        12.05957044142,
        12.03934228142,
        11.76023694242,
        13.11322034542,
        13.70492496142,
        12.06219489742,
        12.06003329142,
        12.01566988342
      ],
      "exit_codes": [
        0,
        0,
        0,
        0,
        0,
        0,
        0,
        0,
        0,
        0
      ]
    }
  ]
}
