{
  "results": [
    {
      "command": "normal_run",
      "mean": 18.4079783573,
      "stddev": 45.75933903999391,
      "median": 3.1233601247,
      "user": 0.002483672,
      "system": 0.000746868,
      "min": 3.0573670877,
      "max": 148.5788780207,
      "times": [
        7.420843989700001,
        3.0890638036999998,
        4.416320524700001,
        5.121094961700001,
        3.1309455177,
        3.0573670877,
        3.0603992437,
        3.0890956917,
        148.5788780207,
        3.1157747317
      ],
      "exit_codes": [
        0,
        0,
        0,
        0,
        0,
        0,
        0,
        0,
        0,
        0
      ]
    },
    {
      "command": "with_nested_loop_join",
      "mean": 3.3306904519,
      "stddev": 0.5515492153059205,
      "median": 3.0871822547,
      "user": 0.001661004,
      "system": 0.0015165519999999998,
      "min": 3.0189828697,
      "max": 4.3797017117,
      "times": [
        3.0528636087,
        3.1073923027,
        3.0479535447,
        4.3723119067,
        3.0189828697,
        4.3797017117,
        3.0589486057,
        3.0832328497,
        3.0943854597000002,
        3.0911316597
      ],
      "exit_codes": [
        0,
        0,
        0,
        0,
        0,
        0,
        0,
        0,
        0,
        0
      ]
    },
    {
      "command": "with_hash_join",
      "mean": 29.687131087,
      "stddev": 2.800677380187072,
      "median": 30.3606516232,
      "user": 0.0024612059999999996,
      "system": 0.0005660519999999999,
      "min": 22.8402246297,
      "max": 32.5153184127,
      "times": [
        30.0536738487,
        30.363809213699998,
        30.4008804507,
        32.5153184127,
        22.8402246297,
        30.2823321317,
        27.2576743787,
        32.4099683787,
        30.3574940327,
        30.3899353927
      ],
      "exit_codes": [
        0,
        0,
        0,
        0,
        0,
        0,
        0,
        0,
        0,
        0
      ]
    }
  ]
}
