{
  "results": [
    {
      "command": "normal_run",
      "mean": 0.06118914124000001,
      "stddev": 0.003509991463223061,
      "median": 0.061077910340000006,
      "user": 0.00221815,
      "system": 0.00094413,
      "min": 0.05594684834000001,
      "max": 0.06783698034,
      "times": [
        0.05594684834000001,
        0.06783698034,
        0.060635189340000006,
        0.06102797534000001,
        0.06112784534,
        0.06354276134,
        0.06278198434,
        0.05595765434,
        0.060250568340000005,
        0.06278360534
      ],
      "exit_codes": [
        0,
        0,
        0,
        0,
        0,
        0,
        0,
        0,
        0,
        0
      ]
    },
    {
      "command": "with_nested_loop_join",
      "mean": 0.03661913504,
      "stddev": 0.0025506842574410434,
      "median": 0.037685472840000005,
      "user": 0.0025334499999999996,
      "system": 0.0007190300000000001,
      "min": 0.03188505634,
      "max": 0.03910606834,
      "times": [
        0.037546657340000004,
        0.03865359234,
        0.03910606834,
        0.03188505634,
        0.037824288340000005,
        0.03227787834,
        0.037962958340000005,
        0.038235661340000004,
        0.036567577340000004,
        0.03613161234
      ],
      "exit_codes": [
        0,
        0,
        0,
        0,
        0,
        0,
        0,
        0,
        0,
        0
      ]
    },
    {
      "command": "with_hash_join",
      "mean": 2.10451951114,
      "stddev": 0.040134129630759324,
      "median": 2.1128966593399996,
      "user": 0.0020766,
      "system": 0.0008741299999999999,
      "min": 2.0048933293399998,
      "max": 2.15325478334,
      "times": [
        2.13059672234,
        2.15325478334,
        2.1041290623399997,
        2.0048933293399998,
        2.09243419234,
        2.12388001934,
        2.09711043634,
        2.12166425634,
        2.09111225334,
        2.12612005634
      ],
      "exit_codes": [
        0,
        0,
        0,
        0,
        0,
        0,
        0,
        0,
        0,
        0
      ]
    }
  ]
}
