{
  "results": [
    {
      "command": "normal_run",
      "mean": 25.80865770442,
      "stddev": 70.31645085934072,
      "median": 3.6081965824199997,
      "user": 0.0021370059999999995,
      "system": 0.00112302,
      "min": 1.8310965034200002,
      "max": 225.88588403942,
      "times": [
        2.15010452242,
        5.286234627420001,
        5.66685795142,
        4.50930214242,
        5.4403654474200005,
        1.8310965034200002,
        2.7070910224199998,
        2.03340511942,
        2.57623566842,
        225.88588403942
      ],
      "exit_codes": [
        0,
        0,
        0,
        0,
        0,
        0,
        0,
        0,
        0,
        0
      ]
    },
    {
      "command": "with_nested_loop_join",
      "mean": 2.19102487622,
      "stddev": 1.4508574960025027,
      "median": 1.77050428142,
      "user": 0.001965348,
      "system": 0.0013142499999999999,
      "min": 1.30364162242,
      "max": 6.27883988642,
      "times": [
        1.6748293944200001,
        1.76395705042,
        1.5663587924200002,
        1.73214907642,
        6.27883988642,
        1.8752104504200002,
        1.7770515124200001,
        1.30364162242,
        1.85083013042,
        2.08738084642
      ],
      "exit_codes": [
        0,
        0,
        0,
        0,
        0,
        0,
        0,
        0,
        0,
        0
      ]
    },
    {
      "command": "with_hash_join",
      "mean": 16.447957082120002,
      "stddev": 0.20179005972642572,
      "median": 16.46273623042,
      "user": 0.0020849479999999997,
      "system": 0.0012337799999999999,
      "min": 16.178103867420003,
      "max": 16.85419716442,
      "times": [
        16.178103867420003,
        16.53801244342,
        16.40074797942,
        16.33235813442,
        16.52472448142,
        16.20831245642,
        16.53993557742,
        16.322922546420003,
        16.58025617042,
        16.85419716442
      ],
      "exit_codes": [
        0,
        0,
        0,
        0,
        0,
        0,
        0,
        0,
        0,
        0
      ]
    }
  ]
}
