{
  "results": [
    {
      "command": "normal_run",
      "mean": 13.710724733500001,
      "stddev": 36.62520460610559,
      "median": 2.1051510303,
      "user": 0.00217112,
      "system": 0.00123853,
      "min": 1.4325213868,
      "max": 117.92919963179999,
      "times": [
        1.9974164558,
        1.5182507198,
        2.2128856048000003,
        117.92919963179999,
        1.5996337587999998,
        3.0581565568,
        1.5203074967999999,
        3.5032425948,
        2.3356331288,
        1.4325213868
      ],
      "exit_codes": [
        0,
        0,
        0,
        0,
        0,
        0,
        0,
        0,
        0,
        0
      ]
    },
    {
      "command": "with_nested_loop_join",
      "mean": 1.8168157496,
      "stddev": 0.8989669573626365,
      "median": 1.7315993313,
      "user": 0.00264952,
      "system": 0.00076846,
      "min": 0.7718331898,
      "max": 2.9899739348,
      "times": [
        1.8024309427999998,
        2.6580050918,
        2.9899739348,
        1.2728435818,
        1.6607677198,
        2.7718502778,
        0.7718331898,
        2.6722658098000003,
        0.7858461318000001,
        0.7823408158
      ],
      "exit_codes": [
        0,
        0,
        0,
        0,
        0,
        0,
        0,
        0,
        0,
        0
      ]
    }
  ]
}
