{
  "results": [
    {
      "command": "normal_run",
      "mean": 2.00288016346,
      "stddev": 0.019663619253900047,
      "median": 1.99987223826,
      "user": 0.002844182,
      "system": 0.0012712299999999997,
      "min": 1.97463915976,
      "max": 2.03320717976,
      "times": [
        1.99009694276,
        1.99753590376,
        1.9858173867600002,
        2.03320717976,
        2.02684836976,
        2.00869098676,
        2.02308364876,
        1.98667348376,
        2.0022085727600003,
        1.97463915976
      ],
      "exit_codes": [
        0,
        0,
        0,
        0,
        0,
        0,
        0,
        0,
        0,
        0
      ]
    },
    {
      "command": "with_nested_loop_join",
      "mean": 1.8618919272599999,
      "stddev": 0.439989024219498,
      "median": 1.82196119226,
      "user": 0.00241508,
      "system": 0.0016516619999999995,
      "min": 1.25923530876,
      "max": 2.5742865637600003,
      "times": [
        1.29055602576,
        2.01046967276,
        2.5742865637600003,
        1.94533169376,
        1.25923530876,
        1.70991402476,
        1.69824840076,
        1.68060237676,
        2.51626684576,
        1.9340083597600002
      ],
      "exit_codes": [
        0,
        0,
        0,
        0,
        0,
        0,
        0,
        0,
        0,
        0
      ]
    },
    {
      "command": "with_hash_join",
      "mean": 28.965423004860003,
      "stddev": 3.661903220876421,
      "median": 29.11451656176,
      "user": 0.00277688,
      "system": 0.00128323,
      "min": 24.98779312276,
      "max": 32.73600817076,
      "times": [
        25.178988309759998,
        25.205354954759997,
        32.49871693076,
        26.12203280576,
        32.22233561176,
        32.10700031776,
        26.065003697759998,
        32.53099612676,
        32.73600817076,
        24.98779312276
      ],
      "exit_codes": [
        0,
        0,
        0,
        0,
        0,
        0,
        0,
        0,
        0,
        0
      ]
    }
  ]
}
