{
  "results": [
    {
      "command": "normal_run",
      "mean": 1.8040305498000002,
      "stddev": 0.24089304506021272,
      "median": 1.9088704082,
      "user": 0.0013940199999999997,
      "system": 0.0017653759999999997,
      "min": 1.3168659877,
      "max": 1.9506843937,
      "times": [
        1.3817529807,
        1.8950008077,
        1.3168659877,
        1.8876724877,
        1.9272209537,
        1.9026127547,
        1.9506843937,
        1.9151280617000002,
        1.9293370787,
        1.9340299917
      ],
      "exit_codes": [
        0,
        0,
        0,
        0,
        0,
        0,
        0,
        0,
        0,
        0
      ]
    },
    {
      "command": "with_nested_loop_join",
      "mean": 0.5052149819,
      "stddev": 0.019880620369227196,
      "median": 0.49973826070000005,
      "user": 0.0019049079999999999,
      "system": 0.001415076,
      "min": 0.4796408807,
      "max": 0.5374071277,
      "times": [
        0.5341061957000001,
        0.5374071277,
        0.5081627347000001,
        0.49586266970000004,
        0.5036138517000001,
        0.4951682727,
        0.4883435927,
        0.4796408807,
        0.5214693057,
        0.48837518770000005
      ],
      "exit_codes": [
        0,
        0,
        0,
        0,
        0,
        0,
        0,
        0,
        0,
        0
      ]
    },
    {
      "command": "with_hash_join",
      "mean": 9.6187959033,
      "stddev": 0.03784981811364862,
      "median": 9.6199309922,
      "user": 0.0022071199999999995,
      "system": 0.0011358759999999999,
      "min": 9.553689886699999,
      "max": 9.6828462997,
      "times": [
        9.6249473117,
        9.553689886699999,
        9.612067056699999,
        9.6220560137,
        9.5786510157,
        9.595500892699999,
        9.6178059707,
        9.6373298457,
        9.6828462997,
        9.6630647397
      ],
      "exit_codes": [
        0,
        0,
        0,
        0,
        0,
        0,
        0,
        0,
        0,
        0
      ]
    }
  ]
}
