{
  "results": [
    {
      "command": "normal_run",
      "mean": 20.916910940379996,
      "stddev": 0.1645146930223062,
      "median": 20.91115654038,
      "user": 0.000879922,
      "system": 0.002361592,
      "min": 20.686823785879998,
      "max": 21.222880129879997,
      "times": [
        21.080832726879997,
        20.686823785879998,
        20.917379726879997,
        21.041692204879997,
        20.93723397788,
        20.852948556879998,
        21.222880129879997,
        20.904933353879997,
        20.794319512879998,
        20.73006542788
      ],
      "exit_codes": [
        0,
        0,
        0,
        0,
        0,
        0,
        0,
        0,
        0,
        0
      ]
    },
    {
      "command": "with_nested_loop_join",
      "mean": 20.608308050279998,
      "stddev": 0.20362812269726832,
      "median": 20.593559430379997,
      "user": 0.0018209799999999998,
      "system": 0.0013169179999999998,
      "min": 20.29245928688,
      "max": 20.856940413879997,
      "times": [
        20.426011064879997,
        20.52338484588,
        20.42012452388,
        20.29245928688,
        20.84526274788,
        20.83615751188,
        20.856940413879997,
        20.66373401488,
        20.72042246988,
        20.49858362288
      ],
      "exit_codes": [
        0,
        0,
        0,
        0,
        0,
        0,
        0,
        0,
        0,
        0
      ]
    },
    {
      "command": "with_hash_join",
      "mean": 10.39784408948,
      "stddev": 0.14311692260110565,
      "median": 10.38069056288,
      "user": 0.0022823799999999997,
      "system": 0.001075544,
      "min": 10.22972110088,
      "max": 10.74032361188,
      "times": [
        10.44072264588,
        10.44343507288,
        10.42848946288,
        10.45172950288,
        10.30847196088,
        10.29164022088,
        10.74032361188,
        10.33289166288,
        10.31101565288,
        10.22972110088
      ],
      "exit_codes": [
        0,
        0,
        0,
        0,
        0,
        0,
        0,
        0,
        0,
        0
      ]
    }
  ]
}
