{
  "results": [
    {
      "command": "normal_run",
      "mean": 78.60267570932002,
      "stddev": 112.73327661586397,
      "median": 10.002114971920001,
      "user": 0.002086732,
      "system": 0.00112294,
      "min": 6.86672758092,
      "max": 247.35711361792002,
      "times": [
        9.511357848920001,
        10.12717299892,
        9.885622149920001,
        10.11860779392,
        233.53839457992,
        6.95016337392,
        244.74609535492002,
        6.92550179392,
        247.35711361792002,
        6.86672758092
      ],
      "exit_codes": [
        0,
        0,
        0,
        0,
        0,
        0,
        0,
        0,
        0,
        0
      ]
    },
    {
      "command": "with_nested_loop_join",
      "mean": 246.44349664472006,
      "stddev": 2.0099795720164617,
      "median": 246.69365757742003,
      "user": 0.0020668320000000002,
      "system": 0.00101726,
      "min": 242.58131872692002,
      "max": 249.30994913092002,
      "times": [
        247.99251841592002,
        246.45789076592,
        245.87193798092002,
        242.58131872692002,
        244.39658342892002,
        245.15429748692,
        249.30994913092002,
        246.92942438892,
        248.28284278592002,
        247.45820333592002
      ],
      "exit_codes": [
        0,
        0,
        0,
        0,
        0,
        0,
        0,
        0,
        0,
        0
      ]
    },
    {
      "command": "with_hash_join",
      "mean": 13.961320446320002,
      "stddev": 3.51484661349102,
      "median": 11.82721276292,
      "user": 0.001653056,
      "system": 0.00150385,
      "min": 11.611838992920001,
      "max": 19.10897014292,
      "times": [
        11.80708604592,
        11.84733947992,
        11.773459667920001,
        11.611838992920001,
        11.86200321792,
        11.751737206920001,
        19.10190982392,
        18.94960663892,
        11.799253245920001,
        19.10897014292
      ],
      "exit_codes": [
        0,
        0,
        0,
        0,
        0,
        0,
        0,
        0,
        0,
        0
      ]
    }
  ]
}
