{
  "results": [
    {
      "command": "normal_run",
      "mean": 2.7066981468000004,
      "stddev": 0.7688658466220019,
      "median": 2.4632339826000003,
      "user": 0.00808006,
      "system": 0.005160060000000001,
      "min": 2.3374695281,
      "max": 4.8666398921,
      "times": [
        4.8666398921,
        2.7558048771,
        2.5342146441000004,
        2.3677780311000003,
        2.3736079451000003,
        2.5326624041000003,
        2.4703112581,
        2.3374695281,
        2.3723361811,
        2.4561567071000003
      ],
      "exit_codes": [
        0,
        0,
        0,
        0,
        0,
        0,
        0,
        0,
        0,
        0
      ]
    },
    {
      "command": "with_nested_loop_join",
      "mean": 2.4916871049,
      "stddev": 0.1534612678690499,
      "median": 2.4216433941,
      "user": 0.00818046,
      "system": 0.00505586,
      "min": 2.3636461211000004,
      "max": 2.7622579571,
      "times": [
        2.5896316641,
        2.7622579571,
        2.7332806431,
        2.4125358631,
        2.5125025341000002,
        2.3646187721,
        2.3636461211000004,
        2.4307509251,
        2.3689216521,
        2.3787249171
      ],
      "exit_codes": [
        0,
        0,
        0,
        0,
        0,
        0,
        0,
        0,
        0,
        0
      ]
    },
    {
      "command": "with_hash_join",
      "mean": 41.87963009400001,
      "stddev": 0.3399611763904417,
      "median": 41.7880067441,
      "user": 0.00813446,
      "system": 0.00455876,
      "min": 41.4072352481,
      "max": 42.434918127100005,
      "times": [
        41.6966889651,
        41.6715258491,
        42.1144380311,
        42.2428629471,
        41.6340452311,
        41.4072352481,
        41.5547010841,
        41.8793245231,
        42.160560934100005,
        42.434918127100005
      ],
      "exit_codes": [
        0,
        0,
        0,
        0,
        0,
        0,
        0,
        0,
        0,
        0
      ]
    }
  ]
}
