{
  "results": [
    {
      "command": "normal_run",
      "mean": 0.7653258422200001,
      "stddev": 0.0335911061513676,
      "median": 0.77399169932,
      "user": 0.00810002,
      "system": 0.004007139999999999,
      "min": 0.7178546493200001,
      "max": 0.8122836323200001,
      "times": [
        0.7763798583200001,
        0.80259637532,
        0.72953051432,
        0.77180261232,
        0.73504438532,
        0.7178546493200001,
        0.7761807863200001,
        0.7355691133200001,
        0.7960164953200001,
        0.8122836323200001
      ],
      "exit_codes": [
        0,
        0,
        0,
        0,
        0,
        0,
        0,
        0,
        0,
        0
      ]
    },
    {
      "command": "with_nested_loop_join",
      "mean": 0.78448919372,
      "stddev": 0.04254768334143777,
      "median": 0.7756271828200001,
      "user": 0.00836392,
      "system": 0.004335739999999999,
      "min": 0.7373476953200001,
      "max": 0.8715246093200001,
      "times": [
        0.78011679832,
        0.8276195073200001,
        0.8062938853200001,
        0.7999917293200001,
        0.8715246093200001,
        0.7373476953200001,
        0.7620386343200001,
        0.7427839783200001,
        0.77113756732,
        0.74603753232
      ],
      "exit_codes": [
        0,
        0,
        0,
        0,
        0,
        0,
        0,
        0,
        0,
        0
      ]
    },
    {
      "command": "with_hash_join",
      "mean": 29.49192046502,
      "stddev": 3.2316154025053394,
      "median": 28.531219079819998,
      "user": 0.008400920000000001,
      "system": 0.004964139999999999,
      "min": 25.89638303032,
      "max": 35.33975165732,
      "times": [
        30.496961963319997,
        28.086622323319997,
        26.96217973632,
        25.89638303032,
        26.45764559032,
        35.33975165732,
        28.97581583632,
        30.42168756432,
        34.43526770032,
        27.84688924832
      ],
      "exit_codes": [
        0,
        0,
        0,
        0,
        0,
        0,
        0,
        0,
        0,
        0
      ]
    }
  ]
}
