{
  "results": [
    {
      "command": "normal_run",
      "mean": 0.77664051156,
      "stddev": 0.035826739577612586,
      "median": 0.7828634918600001,
      "user": 0.0082544,
      "system": 0.0038255599999999996,
      "min": 0.7316037638600001,
      "max": 0.8340859578600001,
      "times": [
        0.7446209138600001,
        0.7840309698600001,
        0.7816960138600001,
        0.8151119828600001,
        0.7881484758600001,
        0.7388063288600001,
        0.8340859578600001,
        0.7420414508600001,
        0.8062592578600001,
        0.7316037638600001
      ],
      "exit_codes": [
        0,
        0,
        0,
        0,
        0,
        0,
        0,
        0,
        0,
        0
      ]
    },
    {
      "command": "with_nested_loop_join",
      "mean": 0.7548973093600001,
      "stddev": 0.021546305515773127,
      "median": 0.7509123108600001,
      "user": 0.008205899999999999,
      "system": 0.0039086599999999996,
      "min": 0.7249492298600001,
      "max": 0.8052002138600001,
      "times": [
        0.7425393048600001,
        0.7527609068600001,
        0.7720391268600001,
        0.8052002138600001,
        0.7249492298600001,
        0.7489878788600001,
        0.7400139008600001,
        0.7490637148600001,
        0.7555350958600001,
        0.7578837208600001
      ],
      "exit_codes": [
        0,
        0,
        0,
        0,
        0,
        0,
        0,
        0,
        0,
        0
      ]
    },
    {
      "command": "with_hash_join",
      "mean": 27.546809877460003,
      "stddev": 1.9015451516901731,
      "median": 26.985800658360002,
      "user": 0.008032699999999999,
      "system": 0.0037848599999999997,
      "min": 26.55918210086,
      "max": 32.87490685086,
      "times": [
        27.66817866686,
        26.55918210086,
        26.81571244986,
        27.028599911860002,
        32.87490685086,
        26.943001404860002,
        26.60002202886,
        26.65727473486,
        27.08815545486,
        27.23306517086
      ],
      "exit_codes": [
        0,
        0,
        0,
        0,
        0,
        0,
        0,
        0,
        0,
        0
      ]
    }
  ]
}
