{
  "results": [
    {
      "command": "normal_run",
      "mean": 285.01171827536,
      "stddev": 26.73056327511556,
      "median": 281.77543474955996,
      "user": 0.008526960000000002,
      "system": 0.00532004,
      "min": 250.64590184656,
      "max": 330.78002639555996,
      "times": [
        251.76367826956002,
        250.64590184656,
        270.45977187756,
        297.03900011956,
        283.48295161856,
        276.43456596756,
        280.06791788056,
        330.78002639555996,
        324.91823822056,
        284.52513055756
      ],
      "exit_codes": [
        0,
        0,
        0,
        0,
        0,
        0,
        0,
        0,
        0,
        0
      ]
    },
    {
      "command": "with_nested_loop_join",
      "mean": 275.10685489276,
      "stddev": 23.278523426198877,
      "median": 264.01957550706004,
      "user": 0.00830636,
      "system": 0.0050182399999999985,
      "min": 251.29324513556,
      "max": 322.10838299956,
      "times": [
        266.20302908356,
        261.17850457256,
        259.60399995655996,
        251.29324513556,
        272.94788318456,
        322.10838299956,
        305.76364934256,
        290.34010927056,
        261.83612193056,
        259.79362345156
      ],
      "exit_codes": [
        0,
        0,
        0,
        0,
        0,
        0,
        0,
        0,
        0,
        0
      ]
    },
    {
      "command": "with_hash_join",
      "mean": 42.33846742066,
      "stddev": 0.7961009037079496,
      "median": 42.49324634406,
      "user": 0.00841106,
      "system": 0.004564939999999999,
      "min": 40.63067148756,
      "max": 43.50934143056,
      "times": [
        42.33113982956,
        42.634133816559995,
        40.63067148756,
        42.560778335559995,
        43.50934143056,
        41.50677242056,
        42.113918486559996,
        42.42571435256,
        42.704665214559995,
        42.967538832559995
      ],
      "exit_codes": [
        0,
        0,
        0,
        0,
        0,
        0,
        0,
        0,
        0,
        0
      ]
    }
  ]
}
