{
  "results": [
    {
      "command": "normal_run",
      "mean": 288.37532521774,
      "stddev": 22.409746527297496,
      "median": 284.82807069884,
      "user": 0.008003739999999999,
      "system": 0.0045290799999999996,
      "min": 255.98889719984,
      "max": 335.14200870884,
      "times": [
        310.73941069884,
        283.55230991384,
        286.10383148384,
        255.98889719984,
        292.49349940284003,
        335.14200870884,
        271.70394046384,
        281.35916703384,
        296.75643853384,
        269.91374873784
      ],
      "exit_codes": [
        0,
        0,
        0,
        0,
        0,
        0,
        0,
        0,
        0,
        0
      ]
    },
    {
      "command": "with_nested_loop_join",
      "mean": 297.86046316284,
      "stddev": 7.429659934285697,
      "median": 298.56232203934,
      "user": 0.008237340000000001,
      "system": 0.004913179999999999,
      "min": 281.27418636784,
      "max": 310.82125404584,
      "times": [
        281.27418636784,
        299.52609497084,
        303.37426724984,
        299.50859083184,
        296.63609553384,
        299.19230257684,
        310.82125404584,
        294.99463286984,
        295.34486567984,
        297.93234150184
      ],
      "exit_codes": [
        0,
        0,
        0,
        0,
        0,
        0,
        0,
        0,
        0,
        0
      ]
    },
    {
      "command": "with_hash_join",
      "mean": 36.180134556140004,
      "stddev": 5.247342302324341,
      "median": 34.68976203184,
      "user": 0.00798194,
      "system": 0.004295479999999999,
      "min": 30.958653255839998,
      "max": 42.389398907840004,
      "times": [
        41.87272412584,
        41.690641522840004,
        41.511331636840005,
        42.389398907840004,
        37.47980616684,
        31.075880629839997,
        31.782466488839997,
        31.140724929839998,
        30.958653255839998,
        31.89971789684
      ],
      "exit_codes": [
        0,
        0,
        0,
        0,
        0,
        0,
        0,
        0,
        0,
        0
      ]
    }
  ]
}
