{
  "results": [
    {
      "command": "normal_run",
      "mean": 0.05299259312,
      "stddev": 0.009767014442789853,
      "median": 0.05080301962,
      "user": 0.00887048,
      "system": 0.004975099999999999,
      "min": 0.04310518112,
      "max": 0.07602438712000001,
      "times": [
        0.07602438712000001,
        0.04310518112,
        0.04519470112,
        0.06115639212,
        0.05186480812,
        0.04974123112,
        0.04624398912,
        0.04718741112,
        0.05642549312,
        0.05298233712
      ],
      "exit_codes": [
        0,
        0,
        0,
        0,
        0,
        0,
        0,
        0,
        0,
        0
      ]
    },
    {
      "command": "with_nested_loop_join",
      "mean": 0.045782115920000005,
      "stddev": 0.004338921518145822,
      "median": 0.04586330912,
      "user": 0.00903728,
      "system": 0.0049069,
      "min": 0.03830722012,
      "max": 0.05278810412,
      "times": [
        0.05178038212,
        0.03830722012,
        0.04711038412,
        0.05278810412,
        0.04698865412,
        0.04256950112,
        0.04537307112,
        0.04635354712,
        0.04230188812,
        0.04424840712
      ],
      "exit_codes": [
        0,
        0,
        0,
        0,
        0,
        0,
        0,
        0,
        0,
        0
      ]
    },
    {
      "command": "with_hash_join",
      "mean": 1.5316327858199998,
      "stddev": 0.18010384250343928,
      "median": 1.5437087256200002,
      "user": 0.00903988,
      "system": 0.0049367000000000005,
      "min": 1.2976482201200001,
      "max": 1.88968867912,
      "times": [
        1.3209325311200002,
        1.88968867912,
        1.60149029812,
        1.33735199712,
        1.51448886012,
        1.5274476271200002,
        1.2976482201200001,
        1.62961712312,
        1.5599698241200002,
        1.6376926981200002
      ],
      "exit_codes": [
        0,
        0,
        0,
        0,
        0,
        0,
        0,
        0,
        0,
        0
      ]
    }
  ]
}
