{
  "results": [
    {
      "command": "normal_run",
      "mean": 0.02714802712,
      "stddev": 0.0038666838640185022,
      "median": 0.025892748320000002,
      "user": 0.0086003,
      "system": 0.00469096,
      "min": 0.023125576320000004,
      "max": 0.03640844032,
      "times": [
        0.029926330320000003,
        0.02512250032,
        0.03640844032,
        0.025555231320000003,
        0.024158437320000004,
        0.028700170320000006,
        0.023125576320000004,
        0.024713924320000004,
        0.02623026532,
        0.027539395320000003
      ],
      "exit_codes": [
        0,
        0,
        0,
        0,
        0,
        0,
        0,
        0,
        0,
        0
      ]
    },
    {
      "command": "with_nested_loop_join",
      "mean": 0.032445351920000004,
      "stddev": 0.012988383314646475,
      "median": 0.027179709820000002,
      "user": 0.009039199999999999,
      "system": 0.00498966,
      "min": 0.021053074320000004,
      "max": 0.06434748532000001,
      "times": [
        0.026729609320000004,
        0.023602000320000004,
        0.06434748532000001,
        0.023006336320000004,
        0.021053074320000004,
        0.03841886032,
        0.03687527932,
        0.027629810320000003,
        0.024684255320000004,
        0.03810680832
      ],
      "exit_codes": [
        0,
        0,
        0,
        0,
        0,
        0,
        0,
        0,
        0,
        0
      ]
    },
    {
      "command": "with_hash_join",
      "mean": 1.51364270312,
      "stddev": 0.0711539004560127,
      "median": 1.52126452882,
      "user": 0.008322799999999998,
      "system": 0.004324860000000001,
      "min": 1.42706441232,
      "max": 1.61140318032,
      "times": [
        1.4283432463199999,
        1.42706441232,
        1.5750685123200001,
        1.56405961232,
        1.4352701673200001,
        1.61140318032,
        1.58709048532,
        1.46559835732,
        1.54318164332,
        1.4993474143199998
      ],
      "exit_codes": [
        0,
        0,
        0,
        0,
        0,
        0,
        0,
        0,
        0,
        0
      ]
    }
  ]
}
