{
  "results": [
    {
      "command": "normal_run",
      "mean": 0.02455619678,
      "stddev": 0.007252143044032881,
      "median": 0.02104209318,
      "user": 0.00790984,
      "system": 0.00320342,
      "min": 0.01692753618,
      "max": 0.03515719918,
      "times": [
        0.01825706818,
        0.01883406218,
        0.01692753618,
        0.01903634318,
        0.021744788180000002,
        0.02033939818,
        0.02861450018,
        0.03472482218,
        0.03515719918,
        0.031926250180000004
      ],
      "exit_codes": [
        0,
        0,
        0,
        0,
        0,
        0,
        0,
        0,
        0,
        0
      ]
    },
    {
      "command": "with_nested_loop_join",
      "mean": 0.023255966880000003,
      "stddev": 0.004005593768578332,
      "median": 0.023879414680000002,
      "user": 0.008804639999999999,
      "system": 0.004166919999999999,
      "min": 0.01714806218,
      "max": 0.02903099918,
      "times": [
        0.026400170179999998,
        0.027506286180000002,
        0.02355655618,
        0.02903099918,
        0.025256278179999998,
        0.020690961180000002,
        0.02420227318,
        0.01792727418,
        0.01714806218,
        0.02084080818
      ],
      "exit_codes": [
        0,
        0,
        0,
        0,
        0,
        0,
        0,
        0,
        0,
        0
      ]
    },
    {
      "command": "with_hash_join",
      "mean": 1.5889952003799999,
      "stddev": 0.09927147857677912,
      "median": 1.59517886168,
      "user": 0.00818354,
      "system": 0.0032829199999999995,
      "min": 1.41848433218,
      "max": 1.73265305518,
      "times": [
        1.52166661118,
        1.68974539718,
        1.73265305518,
        1.48109505218,
        1.66426817718,
        1.54074775318,
        1.61453092018,
        1.65093390218,
        1.41848433218,
        1.5758268031799998
      ],
      "exit_codes": [
        0,
        0,
        0,
        0,
        0,
        0,
        0,
        0,
        0,
        0
      ]
    }
  ]
}
