{
  "results": [
    {
      "command": "normal_run",
      "mean": 1.9019182237600003,
      "stddev": 0.07372590127064958,
      "median": 1.89596539316,
      "user": 0.00858572,
      "system": 0.0046048,
      "min": 1.80912345866,
      "max": 2.04812561666,
      "times": [
        1.91663113466,
        1.8985832306600001,
        2.04812561666,
        1.89334755566,
        1.80912345866,
        1.96115985966,
        1.83703914366,
        1.88203968066,
        1.8156943136600001,
        1.95743824366
      ],
      "exit_codes": [
        0,
        0,
        0,
        0,
        0,
        0,
        0,
        0,
        0,
        0
      ]
    },
    {
      "command": "with_nested_loop_join",
      "mean": 1.9704659368600002,
      "stddev": 0.10267270546327471,
      "median": 1.9578625936599998,
      "user": 0.00841022,
      "system": 0.0043993999999999995,
      "min": 1.85180441466,
      "max": 2.2174909576600004,
      "times": [
        2.2174909576600004,
        1.9322161446600001,
        1.96072589566,
        2.0092961066600004,
        1.93190078466,
        1.85180441466,
        1.8554662226599998,
        1.97933726666,
        2.01142228366,
        1.9549992916599999
      ],
      "exit_codes": [
        0,
        0,
        0,
        0,
        0,
        0,
        0,
        0,
        0,
        0
      ]
    },
    {
      "command": "with_hash_join",
      "mean": 6.027681343060001,
      "stddev": 0.10804356794213293,
      "median": 6.03589929166,
      "user": 0.008414819999999998,
      "system": 0.004260600000000001,
      "min": 5.81582310266,
      "max": 6.163420856659999,
      "times": [
        6.09280789266,
        6.031033810659999,
        5.96323050266,
        6.163420856659999,
        5.81582310266,
        6.09714387966,
        5.90185562866,
        6.03435849166,
        6.03744009166,
        6.1396991736599995
      ],
      "exit_codes": [
        0,
        0,
        0,
        0,
        0,
        0,
        0,
        0,
        0,
        0
      ]
    }
  ]
}
