{
  "results": [
    {
      "command": "normal_run",
      "mean": 1.9713483595000003,
      "stddev": 0.11484355737072434,
      "median": 1.9342502099,
      "user": 0.00877698,
      "system": 0.0046314799999999995,
      "min": 1.8360412018999999,
      "max": 2.1710078679,
      "times": [
        1.9120080249,
        2.1006947249000003,
        2.1050989489000003,
        1.9444816199,
        2.1710078679,
        1.9592716478999999,
        1.9240187999,
        1.8360412018999999,
        1.8433591909,
        1.9175015678999998
      ],
      "exit_codes": [
        0,
        0,
        0,
        0,
        0,
        0,
        0,
        0,
        0,
        0
      ]
    },
    {
      "command": "with_nested_loop_join",
      "mean": 1.9634177350000002,
      "stddev": 0.11812877609002177,
      "median": 1.9090726529,
      "user": 0.00817168,
      "system": 0.00399098,
      "min": 1.8647501248999998,
      "max": 2.1974794579,
      "times": [
        2.1974794579,
        1.9388733328999999,
        2.0251420539000002,
        1.8922922968999998,
        1.8868871389,
        1.8850169469,
        1.8784830999,
        1.9258530089,
        1.8647501248999998,
        2.1393998889000003
      ],
      "exit_codes": [
        0,
        0,
        0,
        0,
        0,
        0,
        0,
        0,
        0,
        0
      ]
    },
    {
      "command": "with_hash_join",
      "mean": 6.046056050599999,
      "stddev": 0.1034326147142974,
      "median": 6.046252496899999,
      "user": 0.008267479999999999,
      "system": 0.003939179999999999,
      "min": 5.881026901899999,
      "max": 6.1974418649,
      "times": [
        5.9992062629,
        6.072947547899999,
        5.9234013199,
        5.9739571469,
        6.019557445899999,
        6.1139948179,
        5.881026901899999,
        6.1491442389,
        6.1298829589,
        6.1974418649
      ],
      "exit_codes": [
        0,
        0,
        0,
        0,
        0,
        0,
        0,
        0,
        0,
        0
      ]
    }
  ]
}
