{
  "results": [
    {
      "command": "normal_run",
      "mean": 2.87109728088,
      "stddev": 3.3758223756923953,
      "median": 0.7962226246799999,
      "user": 0.008517759999999997,
      "system": 0.00454638,
      "min": 0.73399605568,
      "max": 8.64702658568,
      "times": [
        0.73399605568,
        7.351439341680001,
        0.81164059768,
        0.77374005568,
        0.77341652768,
        0.78080465168,
        0.74471846268,
        7.198783548680001,
        0.89540698168,
        8.64702658568
      ],
      "exit_codes": [
        0,
        0,
        0,
        0,
        0,
        0,
        0,
        0,
        0,
        0
      ]
    },
    {
      "command": "with_nested_loop_join",
      "mean": 3.9634104417800002,
      "stddev": 3.3650312359655774,
      "median": 3.9115386571800004,
      "user": 0.00831306,
      "system": 0.00457288,
      "min": 0.73107909668,
      "max": 7.34384806168,
      "times": [
        7.15030844568,
        7.34384806168,
        6.967233090680001,
        0.73107909668,
        7.15962472168,
        0.85584422368,
        0.79162072568,
        7.15136625368,
        0.74055326468,
        0.74262653368
      ],
      "exit_codes": [
        0,
        0,
        0,
        0,
        0,
        0,
        0,
        0,
        0,
        0
      ]
    },
    {
      "command": "with_hash_join",
      "mean": 6.3285664829799995,
      "stddev": 0.2459066700153433,
      "median": 6.43470902268,
      "user": 0.00815426,
      "system": 0.00413458,
      "min": 5.81702228668,
      "max": 6.52047931368,
      "times": [
        6.46194067868,
        6.4437391146800005,
        6.444176313680001,
        5.81702228668,
        6.52047931368,
        5.9218437796800005,
        6.42567893068,
        6.37556322968,
        6.452770663680001,
        6.422450518680001
      ],
      "exit_codes": [
        0,
        0,
        0,
        0,
        0,
        0,
        0,
        0,
        0,
        0
      ]
    }
  ]
}
