{
  "results": [
    {
      "command": "normal_run",
      "mean": 3.2959746140600004,
      "stddev": 3.2881584914579967,
      "median": 0.7782627307600001,
      "user": 0.008378100000000001,
      "system": 0.004272639999999999,
      "min": 0.72405002326,
      "max": 7.66744537826,
      "times": [
        6.8488638352599995,
        0.75869827926,
        0.78526646326,
        0.7428566722600001,
        0.7463428012600001,
        6.8787981152599995,
        0.77125899826,
        0.72405002326,
        7.66744537826,
        7.03616557426
      ],
      "exit_codes": [
        0,
        0,
        0,
        0,
        0,
        0,
        0,
        0,
        0,
        0
      ]
    },
    {
      "command": "with_nested_loop_join",
      "mean": 2.56016419766,
      "stddev": 2.930091111053319,
      "median": 0.7425172987599999,
      "user": 0.008280899999999999,
      "system": 0.004273939999999999,
      "min": 0.72455015526,
      "max": 6.895854229259999,
      "times": [
        0.74788796626,
        0.72542184726,
        0.72455015526,
        0.73714663126,
        0.73476405426,
        6.772082270259999,
        0.77853740126,
        6.895854229259999,
        6.74968152626,
        0.73571589526
      ],
      "exit_codes": [
        0,
        0,
        0,
        0,
        0,
        0,
        0,
        0,
        0,
        0
      ]
    },
    {
      "command": "with_hash_join",
      "mean": 6.550631319159999,
      "stddev": 0.15751250527532867,
      "median": 6.52927410126,
      "user": 0.0084529,
      "system": 0.00442864,
      "min": 6.24546235326,
      "max": 6.79184589726,
      "times": [
        6.609312645259999,
        6.42898671526,
        6.53782053726,
        6.4747603712599995,
        6.506779530259999,
        6.52072766526,
        6.73491549126,
        6.24546235326,
        6.79184589726,
        6.6557019852599995
      ],
      "exit_codes": [
        0,
        0,
        0,
        0,
        0,
        0,
        0,
        0,
        0,
        0
      ]
    }
  ]
}
