{
  "results": [
    {
      "command": "normal_run",
      "mean": 2.10552423666,
      "stddev": 0.2791192401996896,
      "median": 2.02087679166,
      "user": 0.008318959999999999,
      "system": 0.00428056,
      "min": 1.91671465416,
      "max": 2.8666579911600003,
      "times": [
        2.13290727716,
        1.9311788571600002,
        1.95579714716,
        1.91671465416,
        2.0463907961600003,
        2.01298712116,
        2.02876646216,
        2.1642742261600003,
        1.9995678341599998,
        2.8666579911600003
      ],
      "exit_codes": [
        0,
        0,
        0,
        0,
        0,
        0,
        0,
        0,
        0,
        0
      ]
    },
    {
      "command": "with_nested_loop_join",
      "mean": 2.05986445146,
      "stddev": 0.2520711742395369,
      "median": 2.0225326471600003,
      "user": 0.008120359999999997,
      "system": 0.00405756,
      "min": 1.6005608711600001,
      "max": 2.5621184511600004,
      "times": [
        2.0253804681600003,
        1.96468333516,
        2.5621184511600004,
        1.98844129616,
        1.6005608711600001,
        1.91592578916,
        2.07781201916,
        2.0196848261600002,
        2.1270258341600004,
        2.31701162416
      ],
      "exit_codes": [
        0,
        0,
        0,
        0,
        0,
        0,
        0,
        0,
        0,
        0
      ]
    },
    {
      "command": "with_hash_join",
      "mean": 17.51488684526,
      "stddev": 0.9386914375868334,
      "median": 17.542065112659998,
      "user": 0.008325159999999998,
      "system": 0.00427126,
      "min": 15.246974444160001,
      "max": 18.882852102159998,
      "times": [
        17.28990922516,
        17.40244821516,
        17.24640585916,
        17.400533454159998,
        17.84987858216,
        18.102739192159998,
        18.04544536816,
        17.68168201016,
        18.882852102159998,
        15.246974444160001
      ],
      "exit_codes": [
        0,
        0,
        0,
        0,
        0,
        0,
        0,
        0,
        0,
        0
      ]
    }
  ]
}
