{
  "results": [
    {
      "command": "normal_run",
      "mean": 0.022586271960000005,
      "stddev": 0.002019196725138382,
      "median": 0.021519943660000002,
      "user": 0.008569199999999999,
      "system": 0.00437096,
      "min": 0.020763302660000003,
      "max": 0.02637009066,
      "times": [
        0.025352023660000004,
        0.021494077660000003,
        0.020763302660000003,
        0.02415023566,
        0.021397987660000003,
        0.02084977466,
        0.021105029660000003,
        0.022834387660000004,
        0.02154580966,
        0.02637009066
      ],
      "exit_codes": [
        0,
        0,
        0,
        0,
        0,
        0,
        0,
        0,
        0,
        0
      ]
    },
    {
      "command": "with_nested_loop_join",
      "mean": 0.024037387860000002,
      "stddev": 0.00307706571371648,
      "median": 0.023250422660000002,
      "user": 0.0091555,
      "system": 0.004943059999999999,
      "min": 0.01932509966,
      "max": 0.028616777660000002,
      "times": [
        0.021947642660000002,
        0.01932509966,
        0.021966623660000004,
        0.02303485766,
        0.023465987660000003,
        0.02747011166,
        0.023923927660000004,
        0.028616777660000002,
        0.028227677660000002,
        0.02239517266
      ],
      "exit_codes": [
        0,
        0,
        0,
        0,
        0,
        0,
        0,
        0,
        0,
        0
      ]
    },
    {
      "command": "with_hash_join",
      "mean": 11.569335951560001,
      "stddev": 0.24063917754447026,
      "median": 11.54188715016,
      "user": 0.008546100000000001,
      "system": 0.0044878600000000015,
      "min": 11.17432549766,
      "max": 12.06790246966,
      "times": [
        11.73438085466,
        11.72584579966,
        11.35961862666,
        11.59294839966,
        11.17432549766,
        12.06790246966,
        11.55050425766,
        11.53327004266,
        11.44824978866,
        11.50631377866
      ],
      "exit_codes": [
        0,
        0,
        0,
        0,
        0,
        0,
        0,
        0,
        0,
        0
      ]
    }
  ]
}
