{
  "results": [
    {
      "command": "normal_run",
      "mean": 10.89543864706,
      "stddev": 0.6598015150916946,
      "median": 10.85871939716,
      "user": 0.00885708,
      "system": 0.00495742,
      "min": 9.928815788160001,
      "max": 11.87121111716,
      "times": [
        10.04179606616,
        10.76990214816,
        10.94753664616,
        11.09103156816,
        10.73213668216,
        9.928815788160001,
        11.68277116116,
        11.87121111716,
        11.489901081160001,
        10.399284212160001
      ],
      "exit_codes": [
        0,
        0,
        0,
        0,
        0,
        0,
        0,
        0,
        0,
        0
      ]
    },
    {
      "command": "with_nested_loop_join",
      "mean": 11.55662950586,
      "stddev": 1.095600656490871,
      "median": 11.24783909716,
      "user": 0.00907388,
      "system": 0.005366419999999999,
      "min": 10.24284839216,
      "max": 13.55533975716,
      "times": [
        10.78562155816,
        10.24284839216,
        10.37174909616,
        10.82775040616,
        11.365256781160001,
        12.252259330160001,
        12.474342401160001,
        11.13042141316,
        12.56070592316,
        13.55533975716
      ],
      "exit_codes": [
        0,
        0,
        0,
        0,
        0,
        0,
        0,
        0,
        0,
        0
      ]
    },
    {
      "command": "with_hash_join",
      "mean": 18.993222482360004,
      "stddev": 0.3865198936980367,
      "median": 18.90990415916,
      "user": 0.008814279999999999,
      "system": 0.00489742,
      "min": 18.53030960416,
      "max": 19.675311533160002,
      "times": [
        18.57600764616,
        19.27969340616,
        19.675311533160002,
        19.37243974516,
        18.79334805716,
        18.91260247316,
        18.62160608016,
        18.90720584516,
        19.26370043316,
        18.53030960416
      ],
      "exit_codes": [
        0,
        0,
        0,
        0,
        0,
        0,
        0,
        0,
        0,
        0
      ]
    }
  ]
}
