{
  "results": [
    {
      "command": "normal_run",
      "mean": 14.1331081989,
      "stddev": 0.9858259555074412,
      "median": 14.136400311600001,
      "user": 0.008568619999999999,
      "system": 0.00485558,
      "min": 12.866401881600002,
      "max": 15.6317208666,
      "times": [
        13.1300501416,
        13.0160685706,
        14.3697591566,
        13.546240281600001,
        14.7098794016,
        15.6317208666,
        14.8957901326,
        12.866401881600002,
        15.262130089600001,
        13.903041466600001
      ],
      "exit_codes": [
        0,
        0,
        0,
        0,
        0,
        0,
        0,
        0,
        0,
        0
      ]
    },
    {
      "command": "with_nested_loop_join",
      "mean": 12.945005396100001,
      "stddev": 2.412405003687142,
      "median": 12.527060960100002,
      "user": 0.008736820000000001,
      "system": 0.00444308,
      "min": 9.5873064146,
      "max": 16.3018952376,
      "times": [
        9.5873064146,
        12.514663799600001,
        16.3018952376,
        14.4661356066,
        11.376346727600001,
        12.5394581206,
        10.8538145186,
        15.446550959600001,
        15.8245870186,
        10.539295557600001
      ],
      "exit_codes": [
        0,
        0,
        0,
        0,
        0,
        0,
        0,
        0,
        0,
        0
      ]
    },
    {
      "command": "with_hash_join",
      "mean": 30.4070193808,
      "stddev": 13.136793191266031,
      "median": 30.3245958081,
      "user": 0.00879632,
      "system": 0.00485618,
      "min": 18.8928122806,
      "max": 60.9219813726,
      "times": [
        19.7961068766,
        30.0776590776,
        20.444658919600002,
        18.8928122806,
        30.6521875356,
        60.9219813726,
        19.0346367086,
        30.5715325386,
        42.5543164126,
        31.1243020856
      ],
      "exit_codes": [
        0,
        0,
        0,
        0,
        0,
        0,
        0,
        0,
        0,
        0
      ]
    }
  ]
}
