{
  "results": [
    {
      "command": "normal_run",
      "mean": 12.73643910656,
      "stddev": 1.3019642298883127,
      "median": 12.30558664246,
      "user": 0.008720059999999998,
      "system": 0.00480228,
      "min": 11.131982237459999,
      "max": 15.28018382646,
      "times": [
        13.459760871459999,
        12.16538923446,
        11.131982237459999,
        12.32538416646,
        13.58931279946,
        12.285789118459999,
        12.02567845346,
        15.28018382646,
        13.908391198459999,
        11.19251915946
      ],
      "exit_codes": [
        0,
        0,
        0,
        0,
        0,
        0,
        0,
        0,
        0,
        0
      ]
    },
    {
      "command": "with_nested_loop_join",
      "mean": 13.518372760759998,
      "stddev": 1.351570604549296,
      "median": 14.01129812446,
      "user": 0.008715859999999999,
      "system": 0.004486179999999999,
      "min": 10.67651248146,
      "max": 14.75755659146,
      "times": [
        13.75867466746,
        13.01997744046,
        11.67897446446,
        14.75755659146,
        14.62392446546,
        14.584004671459999,
        14.02934491546,
        10.67651248146,
        14.06150657646,
        13.99325133346
      ],
      "exit_codes": [
        0,
        0,
        0,
        0,
        0,
        0,
        0,
        0,
        0,
        0
      ]
    },
    {
      "command": "with_hash_join",
      "mean": 34.373368644660005,
      "stddev": 13.851470365391524,
      "median": 30.643857090460003,
      "user": 0.008382859999999999,
      "system": 0.00419508,
      "min": 18.240877334460002,
      "max": 62.74987495146,
      "times": [
        50.110284355459996,
        62.74987495146,
        28.93985949046,
        42.97951031546,
        18.240877334460002,
        29.961833704460002,
        18.533352121460002,
        30.58892298446,
        30.93037999246,
        30.69879119646
      ],
      "exit_codes": [
        0,
        0,
        0,
        0,
        0,
        0,
        0,
        0,
        0,
        0
      ]
    }
  ]
}
