{
  "results": [
    {
      "command": "normal_run",
      "mean": 6.907202560580001,
      "stddev": 1.1766654733941289,
      "median": 6.96876461888,
      "user": 0.008875379999999999,
      "system": 0.00504472,
      "min": 4.87158489088,
      "max": 8.58267917988,
      "times": [
        6.18353566888,
        8.55199763088,
        8.58267917988,
        4.87158489088,
        7.21622712088,
        6.915327485880001,
        6.4093232998800005,
        7.608668236880001,
        5.71048033988,
        7.02220175188
      ],
      "exit_codes": [
        0,
        0,
        0,
        0,
        0,
        0,
        0,
        0,
        0,
        0
      ]
    },
    {
      "command": "with_nested_loop_join",
      "mean": 5.775198750880001,
      "stddev": 0.9430743888281281,
      "median": 6.1026901038800005,
      "user": 0.008443679999999999,
      "system": 0.00447562,
      "min": 4.322201183880001,
      "max": 7.26296983688,
      "times": [
        4.62001688388,
        4.784108741880001,
        4.322201183880001,
        5.50981966488,
        5.963266299880001,
        6.2544233708800006,
        6.24211390788,
        6.5335711538800005,
        7.26296983688,
        6.259496464880001
      ],
      "exit_codes": [
        0,
        0,
        0,
        0,
        0,
        0,
        0,
        0,
        0,
        0
      ]
    },
    {
      "command": "with_hash_join",
      "mean": 8.03243821158,
      "stddev": 0.1367470994735501,
      "median": 8.018930970380001,
      "user": 0.00885878,
      "system": 0.00478542,
      "min": 7.80377336088,
      "max": 8.23722190788,
      "times": [
        7.80377336088,
        8.05321800888,
        8.23722190788,
        7.96189188688,
        7.979497497880001,
        8.20980539888,
        8.14424152988,
        7.89432525788,
        7.984643931880001,
        8.05576333488
      ],
      "exit_codes": [
        0,
        0,
        0,
        0,
        0,
        0,
        0,
        0,
        0,
        0
      ]
    }
  ]
}
