{
  "results": [
    {
      "command": "normal_run",
      "mean": 5.76241736324,
      "stddev": 1.491117646394866,
      "median": 5.38614883574,
      "user": 0.008380219999999999,
      "system": 0.004227960000000001,
      "min": 3.6736796052400003,
      "max": 8.438775975239999,
      "times": [
        7.68923681224,
        8.438775975239999,
        5.5064358352400005,
        6.94590533224,
        5.76230424724,
        5.26586183624,
        4.46045871724,
        3.6736796052400003,
        4.85576046924,
        5.02575480224
      ],
      "exit_codes": [
        0,
        0,
        0,
        0,
        0,
        0,
        0,
        0,
        0,
        0
      ]
    },
    {
      "command": "with_nested_loop_join",
      "mean": 5.80516481974,
      "stddev": 1.1523325748418765,
      "median": 6.0953563302400005,
      "user": 0.00872062,
      "system": 0.00466876,
      "min": 4.29268080424,
      "max": 7.76291749924,
      "times": [
        5.9181115042400005,
        6.88356270424,
        6.27260115624,
        7.76291749924,
        6.3105966572400005,
        4.29268080424,
        4.46916967824,
        5.14355795224,
        4.55822354524,
        6.44022669624
      ],
      "exit_codes": [
        0,
        0,
        0,
        0,
        0,
        0,
        0,
        0,
        0,
        0
      ]
    },
    {
      "command": "with_hash_join",
      "mean": 7.4635868168399995,
      "stddev": 0.1159871450657784,
      "median": 7.4252210302399995,
      "user": 0.008417520000000001,
      "system": 0.004385160000000001,
      "min": 7.35627821624,
      "max": 7.76490823324,
      "times": [
        7.41662939624,
        7.45179274724,
        7.48599050524,
        7.38519292624,
        7.41939207124,
        7.43104998924,
        7.4041760212400005,
        7.52045806224,
        7.76490823324,
        7.35627821624
      ],
      "exit_codes": [
        0,
        0,
        0,
        0,
        0,
        0,
        0,
        0,
        0,
        0
      ]
    }
  ]
}
