{
  "results": [
    {
      "command": "normal_run",
      "mean": 6.03308872866,
      "stddev": 1.156683785449845,
      "median": 6.10051729686,
      "user": 0.008183,
      "system": 0.004265319999999999,
      "min": 4.483852890860001,
      "max": 8.049718134859999,
      "times": [
        6.37931559186,
        6.25285935486,
        6.28984542486,
        4.483852890860001,
        8.049718134859999,
        7.573441901860001,
        5.94817523886,
        5.49151018486,
        4.58597467386,
        5.27619388986
      ],
      "exit_codes": [
        0,
        0,
        0,
        0,
        0,
        0,
        0,
        0,
        0,
        0
      ]
    },
    {
      "command": "with_nested_loop_join",
      "mean": 5.64910577286,
      "stddev": 0.6338408234067555,
      "median": 5.633318837360001,
      "user": 0.008181999999999998,
      "system": 0.00428172,
      "min": 4.821720031860001,
      "max": 7.054653907860001,
      "times": [
        4.821720031860001,
        7.054653907860001,
        5.107615371860001,
        5.2684338978600005,
        5.70606342986,
        5.774123476860001,
        5.83702215086,
        6.1566325948600005,
        5.20421862186,
        5.560574244860001
      ],
      "exit_codes": [
        0,
        0,
        0,
        0,
        0,
        0,
        0,
        0,
        0,
        0
      ]
    },
    {
      "command": "with_hash_join",
      "mean": 6.66782520716,
      "stddev": 0.0747097524445019,
      "median": 6.64853571836,
      "user": 0.008331799999999999,
      "system": 0.0043265199999999995,
      "min": 6.595948524860001,
      "max": 6.802805693860001,
      "times": [
        6.62083799386,
        6.802805693860001,
        6.75297804886,
        6.60070085486,
        6.733525640860001,
        6.595948524860001,
        6.68649381186,
        6.5975432108600005,
        6.611184848860001,
        6.67623344286
      ],
      "exit_codes": [
        0,
        0,
        0,
        0,
        0,
        0,
        0,
        0,
        0,
        0
      ]
    }
  ]
}
