{
  "results": [
    {
      "command": "normal_run",
      "mean": 6.20334318532,
      "stddev": 1.4975353136556866,
      "median": 5.86253266482,
      "user": 0.00823348,
      "system": 0.00423272,
      "min": 3.84421608332,
      "max": 8.93478566432,
      "times": [
        3.84421608332,
        4.81585707532,
        5.25984806732,
        7.79618996832,
        8.93478566432,
        6.84998036832,
        7.12809237832,
        5.97358174232,
        5.75148358732,
        5.67939691832
      ],
      "exit_codes": [
        0,
        0,
        0,
        0,
        0,
        0,
        0,
        0,
        0,
        0
      ]
    },
    {
      "command": "with_nested_loop_join",
      "mean": 6.48344977932,
      "stddev": 1.164389939550796,
      "median": 6.32277618382,
      "user": 0.008238179999999998,
      "system": 0.00430182,
      "min": 4.7542277763200005,
      "max": 8.048465670319999,
      "times": [
        8.000512669319999,
        8.048465670319999,
        7.8745119933200005,
        5.970529362320001,
        6.22144170232,
        4.7542277763200005,
        5.18600534432,
        6.424110665320001,
        6.57747163432,
        5.777220975320001
      ],
      "exit_codes": [
        0,
        0,
        0,
        0,
        0,
        0,
        0,
        0,
        0,
        0
      ]
    },
    {
      "command": "with_hash_join",
      "mean": 6.80321766182,
      "stddev": 0.11394562918119996,
      "median": 6.842619856320001,
      "user": 0.008038979999999998,
      "system": 0.0040033199999999994,
      "min": 6.65661559732,
      "max": 6.960182882320001,
      "times": [
        6.85025002332,
        6.881460741320001,
        6.72624785132,
        6.960182882320001,
        6.83498968932,
        6.66407898732,
        6.66925713132,
        6.65661559732,
        6.9216331783200005,
        6.86746053632
      ],
      "exit_codes": [
        0,
        0,
        0,
        0,
        0,
        0,
        0,
        0,
        0,
        0
      ]
    }
  ]
}
