{
  "results": [
    {
      "command": "normal_run",
      "mean": 23.665470179499998,
      "stddev": 2.71441372014354,
      "median": 23.3654318744,
      "user": 0.008283,
      "system": 0.0041934400000000005,
      "min": 20.9069866309,
      "max": 30.1467382799,
      "times": [
        22.220201863899998,
        23.684486601899998,
        20.9069866309,
        23.6355198349,
        22.0645991819,
        21.1359360979,
        23.7966681879,
        23.0953439139,
        30.1467382799,
        25.9682212019
      ],
      "exit_codes": [
        0,
        0,
        0,
        0,
        0,
        0,
        0,
        0,
        0,
        0
      ]
    },
    {
      "command": "with_nested_loop_join",
      "mean": 26.719213879599998,
      "stddev": 1.4348176900948983,
      "median": 26.687028789899998,
      "user": 0.0088969,
      "system": 0.00514594,
      "min": 24.8075921249,
      "max": 28.6926600729,
      "times": [
        28.0854764889,
        26.2755523609,
        27.098505218899998,
        25.0160908589,
        28.500593101899998,
        27.2581702769,
        28.6926600729,
        24.8075921249,
        26.200820596899998,
        25.2566776949
      ],
      "exit_codes": [
        0,
        0,
        0,
        0,
        0,
        0,
        0,
        0,
        0,
        0
      ]
    },
    {
      "command": "with_hash_join",
      "mean": 73.81682595180001,
      "stddev": 9.431446468559576,
      "median": 80.64216159840001,
      "user": 0.0087029,
      "system": 0.00484094,
      "min": 61.7537142869,
      "max": 81.5393753739,
      "times": [
        81.37035630790001,
        61.7537142869,
        80.3082851499,
        63.2131714729,
        81.5393753739,
        81.22948466390001,
        81.23844453890001,
        63.355307963899996,
        63.1840817129,
        80.9760380469
      ],
      "exit_codes": [
        0,
        0,
        0,
        0,
        0,
        0,
        0,
        0,
        0,
        0
      ]
    }
  ]
}
