{
  "results": [
    {
      "command": "normal_run",
      "mean": 8.560641823500001,
      "stddev": 1.3040954600587107,
      "median": 8.7724855861,
      "user": 0.008664299999999998,
      "system": 0.0047353199999999995,
      "min": 6.178620460099999,
      "max": 10.440786768099999,
      "times": [
        10.440786768099999,
        7.9098873471,
        9.681726982099999,
        8.6582416631,
        7.221540442099999,
        7.672531258099999,
        8.8867295091,
        9.6107807761,
        9.3455730291,
        6.178620460099999
      ],
      "exit_codes": [
        0,
        0,
        0,
        0,
        0,
        0,
        0,
        0,
        0,
        0
      ]
    },
    {
      "command": "with_nested_loop_join",
      "mean": 8.714994542700001,
      "stddev": 1.4167992944914323,
      "median": 8.7472313516,
      "user": 0.0084333,
      "system": 0.00509292,
      "min": 6.9769625871,
      "max": 10.8796955091,
      "times": [
        6.9769625871,
        7.2748760841,
        7.4168959921,
        7.581279888099999,
        9.6362226171,
        10.8796955091,
        9.5573444181,
        10.196629014099999,
        7.9371182850999995,
        9.6929210321
      ],
      "exit_codes": [
        0,
        0,
        0,
        0,
        0,
        0,
        0,
        0,
        0,
        0
      ]
    },
    {
      "command": "with_hash_join",
      "mean": 14.881067482699999,
      "stddev": 0.4768261820380663,
      "median": 14.7221242066,
      "user": 0.0084528,
      "system": 0.004435420000000001,
      "min": 14.4264208041,
      "max": 15.865860786099999,
      "times": [
        15.4840633941,
        14.5433551121,
        15.865860786099999,
        15.171828998099999,
        14.5780793751,
        14.7602780701,
        14.8128053251,
        14.6839703431,
        14.4840126191,
        14.4264208041
      ],
      "exit_codes": [
        0,
        0,
        0,
        0,
        0,
        0,
        0,
        0,
        0,
        0
      ]
    }
  ]
}
