{
  "results": [
    {
      "command": "normal_run",
      "mean": 65.84384525432,
      "stddev": 3.5057228166323027,
      "median": 64.62779796192001,
      "user": 0.008082420000000002,
      "system": 0.0040504799999999995,
      "min": 63.760935874919994,
      "max": 75.34234191792001,
      "times": [
        75.34234191792001,
        67.19117862892,
        65.73781116192,
        64.12568713192,
        64.09861044192,
        63.99795069492,
        63.760935874919994,
        63.87843930091999,
        65.17558859792,
        65.12990879192
      ],
      "exit_codes": [
        0,
        0,
        0,
        0,
        0,
        0,
        0,
        0,
        0,
        0
      ]
    },
    {
      "command": "with_nested_loop_join",
      "mean": 145.90545179871998,
      "stddev": 39.66548273634272,
      "median": 121.39928311342001,
      "user": 0.00900682,
      "system": 0.005258979999999999,
      "min": 114.51871076592,
      "max": 214.89869412791998,
      "times": [
        114.51871076592,
        119.71517272692,
        123.08339349992,
        117.68952016692,
        141.93633852891998,
        193.23851693991998,
        214.89869412791998,
        197.26468206592,
        118.26136305392001,
        118.44812611092
      ],
      "exit_codes": [
        0,
        0,
        0,
        0,
        0,
        0,
        0,
        0,
        0,
        0
      ]
    },
    {
      "command": "with_hash_join",
      "mean": 35.807599307619995,
      "stddev": 0.37075992942917513,
      "median": 35.827189700919995,
      "user": 0.007974720000000001,
      "system": 0.004067479999999998,
      "min": 35.23762514192,
      "max": 36.47018176892,
      "times": [
        35.425097103919995,
        35.23762514192,
        35.65430409091999,
        35.791968632919996,
        35.86241076891999,
        35.90421997591999,
        35.55551087392,
        36.47018176892,
        36.27553060992,
        35.89914410892
      ],
      "exit_codes": [
        0,
        0,
        0,
        0,
        0,
        0,
        0,
        0,
        0,
        0
      ]
    }
  ]
}
