{
  "results": [
    {
      "command": "normal_run",
      "mean": 15.826193772120002,
      "stddev": 0.5309688130031117,
      "median": 15.72424927122,
      "user": 0.007973919999999999,
      "system": 0.003908339999999999,
      "min": 15.24838243322,
      "max": 16.68811682622,
      "times": [
        16.68811682622,
        16.516206520220003,
        15.27729726622,
        16.029842836220002,
        15.48163758422,
        15.287976692219999,
        15.68586676722,
        15.24838243322,
        15.76263177522,
        16.283979020220002
      ],
      "exit_codes": [
        0,
        0,
        0,
        0,
        0,
        0,
        0,
        0,
        0,
        0
      ]
    },
    {
      "command": "with_nested_loop_join",
      "mean": 16.17666118302,
      "stddev": 0.6916845139484697,
      "median": 16.192338251720003,
      "user": 0.00839212,
      "system": 0.0047033399999999986,
      "min": 15.30223897222,
      "max": 17.49054179822,
      "times": [
        16.637631284220003,
        15.67408766822,
        15.56545782922,
        16.25794833622,
        15.30223897222,
        15.439301926219999,
        16.12672816722,
        16.65758201022,
        16.61509383822,
        17.49054179822
      ],
      "exit_codes": [
        0,
        0,
        0,
        0,
        0,
        0,
        0,
        0,
        0,
        0
      ]
    },
    {
      "command": "with_hash_join",
      "mean": 15.890954681719998,
      "stddev": 2.8401902100010368,
      "median": 14.002073661219999,
      "user": 0.008171320000000001,
      "system": 0.0044242399999999986,
      "min": 13.39982878222,
      "max": 20.28274663322,
      "times": [
        19.215879724220002,
        18.77440586622,
        20.28274663322,
        14.285634546219999,
        13.718512776219999,
        13.676368674219999,
        18.24500371722,
        13.63443470122,
        13.67673139622,
        13.39982878222
      ],
      "exit_codes": [
        0,
        0,
        0,
        0,
        0,
        0,
        0,
        0,
        0,
        0
      ]
    }
  ]
}
