{
  "results": [
    {
      "command": "normal_run",
      "mean": 120.15804463951997,
      "stddev": 5.289556897251694,
      "median": 118.93717595781999,
      "user": 0.010708299999999999,
      "system": 0.00649182,
      "min": 113.77911618531999,
      "max": 131.63350157832002,
      "times": [
        131.63350157832002,
        124.24605021132,
        117.45416980332,
        116.51145008332,
        113.77911618531999,
        123.12150234731999,
        121.87531527531999,
        118.02354185831999,
        119.85081005731999,
        115.08498899531999
      ],
      "exit_codes": [
        0,
        0,
        0,
        0,
        0,
        0,
        0,
        0,
        0,
        0
      ]
    },
    {
      "command": "with_nested_loop_join",
      "mean": 175.71033303152,
      "stddev": 30.97886616247701,
      "median": 157.00222510132,
      "user": 0.008171000000000001,
      "system": 0.00448292,
      "min": 151.35468632032,
      "max": 228.10434769732,
      "times": [
        155.77236346332,
        158.23208673932,
        153.58984668432,
        154.53608735032,
        153.73029178132,
        151.35468632032,
        171.41014310232,
        210.72480625032,
        228.10434769732,
        219.64867092632
      ],
      "exit_codes": [
        0,
        0,
        0,
        0,
        0,
        0,
        0,
        0,
        0,
        0
      ]
    },
    {
      "command": "with_hash_join",
      "mean": 38.570932113320005,
      "stddev": 4.418129672886802,
      "median": 40.46307739382,
      "user": 0.008831100000000001,
      "system": 0.005013019999999999,
      "min": 30.861619700320002,
      "max": 42.97241930332,
      "times": [
        42.97241930332,
        42.02758190332,
        41.53758289032,
        39.97672102332,
        40.94943376432,
        41.87980239932,
        38.31317930532,
        35.59100847432,
        31.59997236932,
        30.861619700320002
      ],
      "exit_codes": [
        0,
        0,
        0,
        0,
        0,
        0,
        0,
        0,
        0,
        0
      ]
    }
  ]
}
