{
  "results": [
    {
      "command": "normal_run",
      "mean": 38.91404168556,
      "stddev": 16.777896588223456,
      "median": 34.30224701506,
      "user": 0.008000039999999998,
      "system": 0.00411482,
      "min": 27.89275804856,
      "max": 85.82868296356,
      "times": [
        32.96568320256,
        35.69576300056,
        37.62171609256,
        37.44116734256,
        29.277028911560002,
        33.81312326356,
        34.20317292556,
        34.40132110456,
        85.82868296356,
        27.89275804856
      ],
      "exit_codes": [
        0,
        0,
        0,
        0,
        0,
        0,
        0,
        0,
        0,
        0
      ]
    },
    {
      "command": "with_nested_loop_join",
      "mean": 124.23215819156,
      "stddev": 4.50112196600596,
      "median": 124.07001213406,
      "user": 0.007994539999999998,
      "system": 0.004275019999999999,
      "min": 117.02762949456,
      "max": 131.61042069156,
      "times": [
        126.79529167556001,
        124.76840357056001,
        131.61042069156,
        130.12427126056,
        122.85284266756001,
        124.38951016256,
        121.98889178856001,
        119.01380649856,
        123.75051410556,
        117.02762949456
      ],
      "exit_codes": [
        0,
        0,
        0,
        0,
        0,
        0,
        0,
        0,
        0,
        0
      ]
    },
    {
      "command": "with_hash_join",
      "mean": 19.765890018060006,
      "stddev": 0.8675694796124709,
      "median": 19.225227800560003,
      "user": 0.00810554,
      "system": 0.0040169199999999985,
      "min": 19.129880464560003,
      "max": 21.15158843756,
      "times": [
        19.518090281560003,
        21.15158843756,
        19.129880464560003,
        19.132113704560002,
        20.87958046456,
        19.239884036560003,
        19.208574941560002,
        20.99837161356,
        19.210571564560002,
        19.190244671560002
      ],
      "exit_codes": [
        0,
        0,
        0,
        0,
        0,
        0,
        0,
        0,
        0,
        0
      ]
    }
  ]
}
