{
  "results": [
    {
      "command": "normal_run",
      "mean": 24.108687880300003,
      "stddev": 3.9463749325830264,
      "median": 22.569233301700002,
      "user": 0.00826386,
      "system": 0.0044858,
      "min": 21.5159655232,
      "max": 34.5313517402,
      "times": [
        24.7830334262,
        24.7363287572,
        25.3425197992,
        34.5313517402,
        21.5159655232,
        21.6742878452,
        21.6928900322,
        21.6720350762,
        22.5585522712,
        22.5799143322
      ],
      "exit_codes": [
        0,
        0,
        0,
        0,
        0,
        0,
        0,
        0,
        0,
        0
      ]
    },
    {
      "command": "with_nested_loop_join",
      "mean": 91.5057702287,
      "stddev": 20.910460181742444,
      "median": 96.7058598907,
      "user": 0.008098659999999999,
      "system": 0.004262899999999999,
      "min": 32.6721576802,
      "max": 104.9749052442,
      "times": [
        104.9749052442,
        99.0345515602,
        95.9266461702,
        95.4809942672,
        97.48507361120001,
        95.0952614502,
        94.4938328262,
        100.3389115402,
        99.5553679372,
        32.6721576802
      ],
      "exit_codes": [
        0,
        0,
        0,
        0,
        0,
        0,
        0,
        0,
        0,
        0
      ]
    },
    {
      "command": "with_hash_join",
      "mean": 22.5474958798,
      "stddev": 1.8884790006859749,
      "median": 22.036548325200002,
      "user": 0.00827906,
      "system": 0.004313199999999999,
      "min": 20.8713355642,
      "max": 26.2394028462,
      "times": [
        21.5297671132,
        22.3730789952,
        21.7000176552,
        22.5046884922,
        22.6275229382,
        26.2394028462,
        25.5812734152,
        20.8713355642,
        21.1202699752,
        20.9276018032
      ],
      "exit_codes": [
        0,
        0,
        0,
        0,
        0,
        0,
        0,
        0,
        0,
        0
      ]
    }
  ]
}
