{
  "results": [
    {
      "command": "normal_run",
      "mean": 1.48974007668,
      "stddev": 0.008949737493082694,
      "median": 1.48899407568,
      "user": 0.008369,
      "system": 0.0043011199999999986,
      "min": 1.47111735168,
      "max": 1.50440726868,
      "times": [
        1.49281773668,
        1.48898636568,
        1.48711367968,
        1.50440726868,
        1.48319453068,
        1.49672010368,
        1.49646477568,
        1.48757716868,
        1.48900178568,
        1.47111735168
      ],
      "exit_codes": [
        0,
        0,
        0,
        0,
        0,
        0,
        0,
        0,
        0,
        0
      ]
    },
    {
      "command": "with_nested_loop_join",
      "mean": 1.5229353342799998,
      "stddev": 0.03774218682381416,
      "median": 1.5233199111799998,
      "user": 0.008088000000000001,
      "system": 0.00408462,
      "min": 1.48257225568,
      "max": 1.5893840776800001,
      "times": [
        1.53544061868,
        1.5267742546799998,
        1.48696077768,
        1.49081190268,
        1.53845303768,
        1.5893840776800001,
        1.48257225568,
        1.51986556768,
        1.5739347716799998,
        1.48515607868
      ],
      "exit_codes": [
        0,
        0,
        0,
        0,
        0,
        0,
        0,
        0,
        0,
        0
      ]
    },
    {
      "command": "with_hash_join",
      "mean": 24.67876522588,
      "stddev": 0.6650516817201787,
      "median": 24.39402939518,
      "user": 0.008241499999999999,
      "system": 0.00461262,
      "min": 24.06802282368,
      "max": 25.70076932268,
      "times": [
        24.06802282368,
        24.09277749168,
        24.29985624368,
        24.12554677468,
        24.12239546368,
        25.679578589680002,
        24.93368405068,
        25.70076932268,
        25.27681895168,
        24.48820254668
      ],
      "exit_codes": [
        0,
        0,
        0,
        0,
        0,
        0,
        0,
        0,
        0,
        0
      ]
    }
  ]
}
