{
  "results": [
    {
      "command": "normal_run",
      "mean": 8.562899387660002,
      "stddev": 0.16675652376337832,
      "median": 8.55630155686,
      "user": 0.008319159999999997,
      "system": 0.00421256,
      "min": 8.32995191636,
      "max": 8.85218551336,
      "times": [
        8.55624518236,
        8.85218551336,
        8.46403804036,
        8.65069101636,
        8.556357931360001,
        8.32995191636,
        8.37765989836,
        8.46058277636,
        8.59754795136,
        8.78373365036
      ],
      "exit_codes": [
        0,
        0,
        0,
        0,
        0,
        0,
        0,
        0,
        0,
        0
      ]
    },
    {
      "command": "with_nested_loop_join",
      "mean": 8.52020019526,
      "stddev": 0.18568775114275535,
      "median": 8.474338768860001,
      "user": 0.008230859999999996,
      "system": 0.00432236,
      "min": 8.18948029936,
      "max": 8.79528335036,
      "times": [
        8.18948029936,
        8.44990904636,
        8.75878865736,
        8.40594533936,
        8.79528335036,
        8.52843431136,
        8.49876849136,
        8.43680438736,
        8.43136069036,
        8.70722737936
      ],
      "exit_codes": [
        0,
        0,
        0,
        0,
        0,
        0,
        0,
        0,
        0,
        0
      ]
    },
    {
      "command": "with_hash_join",
      "mean": 14.140265240759998,
      "stddev": 3.356018676673083,
      "median": 12.54747364686,
      "user": 0.00815136,
      "system": 0.00426986,
      "min": 12.27429818636,
      "max": 20.53510147536,
      "times": [
        20.53510147536,
        12.46486730536,
        12.27429818636,
        12.64008368336,
        12.47656875036,
        12.56391077236,
        13.00243562136,
        12.53103652136,
        12.45347107736,
        20.46087901436
      ],
      "exit_codes": [
        0,
        0,
        0,
        0,
        0,
        0,
        0,
        0,
        0,
        0
      ]
    }
  ]
}
