{
  "results": [
    {
      "command": "normal_run",
      "mean": 3.01889096844,
      "stddev": 1.272235379968942,
      "median": 2.56617403024,
      "user": 0.00848944,
      "system": 0.00463066,
      "min": 2.39970774474,
      "max": 6.50886322874,
      "times": [
        6.50886322874,
        3.56797568974,
        2.42202028574,
        2.61004066574,
        2.54857058974,
        2.59634630074,
        2.58377747074,
        2.48243956274,
        2.46916814574,
        2.39970774474
      ],
      "exit_codes": [
        0,
        0,
        0,
        0,
        0,
        0,
        0,
        0,
        0,
        0
      ]
    },
    {
      "command": "with_nested_loop_join",
      "mean": 2.42331513994,
      "stddev": 0.10508896256512718,
      "median": 2.36711723724,
      "user": 0.008518039999999998,
      "system": 0.00493326,
      "min": 2.34176775174,
      "max": 2.60412333174,
      "times": [
        2.37433748074,
        2.35336713074,
        2.34569858174,
        2.35989699374,
        2.5711378857400002,
        2.38419703074,
        2.60412333174,
        2.34176775174,
        2.35449599874,
        2.5441292137400002
      ],
      "exit_codes": [
        0,
        0,
        0,
        0,
        0,
        0,
        0,
        0,
        0,
        0
      ]
    },
    {
      "command": "with_hash_join",
      "mean": 66.32237472663999,
      "stddev": 10.485836895969207,
      "median": 65.00100317174,
      "user": 0.009441940000000001,
      "system": 0.006222460000000001,
      "min": 55.88783915474,
      "max": 79.55660220874,
      "times": [
        56.288126278739995,
        56.465369326739996,
        55.88783915474,
        57.040512737739995,
        56.97173931674,
        72.96149360574,
        79.55660220874,
        74.29332797074,
        75.53727966574,
        78.22145700074
      ],
      "exit_codes": [
        0,
        0,
        0,
        0,
        0,
        0,
        0,
        0,
        0,
        0
      ]
    }
  ]
}
