{
  "results": [
    {
      "command": "normal_run",
      "mean": 0.018566292340000002,
      "stddev": 0.0014168747658165133,
      "median": 0.018010893440000002,
      "user": 0.008133240000000002,
      "system": 0.00468296,
      "min": 0.017131835940000003,
      "max": 0.021537224940000002,
      "times": [
        0.01853155294,
        0.017131835940000003,
        0.018179474940000002,
        0.017719126940000003,
        0.020417481940000003,
        0.017359993940000002,
        0.01780443694,
        0.017842311940000005,
        0.021537224940000002,
        0.019139482940000004
      ],
      "exit_codes": [
        0,
        0,
        0,
        0,
        0,
        0,
        0,
        0,
        0,
        0
      ]
    },
    {
      "command": "with_nested_loop_join",
      "mean": 0.018715768340000005,
      "stddev": 0.0013419467859718003,
      "median": 0.018238645440000003,
      "user": 0.00840174,
      "system": 0.00460496,
      "min": 0.01732139594,
      "max": 0.021231148940000003,
      "times": [
        0.01732139594,
        0.021231148940000003,
        0.017876998940000003,
        0.020302664940000003,
        0.018090771940000003,
        0.017981839940000004,
        0.017413788940000004,
        0.020098783940000003,
        0.018386518940000002,
        0.018453770940000003
      ],
      "exit_codes": [
        0,
        0,
        0,
        0,
        0,
        0,
        0,
        0,
        0,
        0
      ]
    },
    {
      "command": "with_hash_join",
      "mean": 3.312422023840001,
      "stddev": 0.1263204203044068,
      "median": 3.2494157929400003,
      "user": 0.00802804,
      "system": 0.004576659999999999,
      "min": 3.18392127194,
      "max": 3.5593763109400003,
      "times": [
        3.5593763109400003,
        3.31582219694,
        3.2526956949400003,
        3.2187711939400003,
        3.4564144209400003,
        3.24613589094,
        3.18392127194,
        3.21528733194,
        3.43250938794,
        3.24328653794
      ],
      "exit_codes": [
        0,
        0,
        0,
        0,
        0,
        0,
        0,
        0,
        0,
        0
      ]
    }
  ]
}
