{
  "results": [
    {
      "command": "normal_run",
      "mean": 40.548169655319995,
      "stddev": 3.460949662323682,
      "median": 39.506364689319994,
      "user": 0.00817366,
      "system": 0.004677540000000001,
      "min": 36.31781528582,
      "max": 46.63399344882,
      "times": [
        46.63399344882,
        44.50581766982,
        42.93865475582,
        42.622753918819996,
        37.86012412882,
        39.63827846282,
        36.65537405282,
        39.37445091582,
        38.93443391382,
        36.31781528582
      ],
      "exit_codes": [
        0,
        0,
        0,
        0,
        0,
        0,
        0,
        0,
        0,
        0
      ]
    },
    {
      "command": "with_nested_loop_join",
      "mean": 35.03675661192,
      "stddev": 0.4939734657742525,
      "median": 35.01632219882,
      "user": 0.00828636,
      "system": 0.00451894,
      "min": 34.270329318819996,
      "max": 35.75626635482,
      "times": [
        35.67200081182,
        35.44520204582,
        34.270329318819996,
        35.18731200182,
        34.565695638819996,
        34.83313887982,
        34.60497666982,
        34.86249512582,
        35.17014927182,
        35.75626635482
      ],
      "exit_codes": [
        0,
        0,
        0,
        0,
        0,
        0,
        0,
        0,
        0,
        0
      ]
    },
    {
      "command": "with_hash_join",
      "mean": 50.75481895162001,
      "stddev": 0.33240834686316745,
      "median": 50.813282729819996,
      "user": 0.00795216,
      "system": 0.00402174,
      "min": 50.18374023682,
      "max": 51.36348666582,
      "times": [
        51.36348666582,
        50.968702387819995,
        50.798029751819996,
        50.46051029982,
        50.70611072982,
        50.83846818782,
        50.18374023682,
        50.43302787482,
        50.828535707819995,
        50.967577673819996
      ],
      "exit_codes": [
        0,
        0,
        0,
        0,
        0,
        0,
        0,
        0,
        0,
        0
      ]
    }
  ]
}
