{
  "results": [
    {
      "command": "normal_run",
      "mean": 5.519520699940001,
      "stddev": 0.04654787938414009,
      "median": 5.52339850574,
      "user": 0.00811138,
      "system": 0.00413878,
      "min": 5.451824447240001,
      "max": 5.60833786724,
      "times": [
        5.52314801324,
        5.5103850662400005,
        5.57080412324,
        5.5236489982400006,
        5.460551194240001,
        5.52746307924,
        5.526029626240001,
        5.49301458424,
        5.60833786724,
        5.451824447240001
      ],
      "exit_codes": [
        0,
        0,
        0,
        0,
        0,
        0,
        0,
        0,
        0,
        0
      ]
    },
    {
      "command": "with_nested_loop_join",
      "mean": 5.5534498049400005,
      "stddev": 0.06818651777580435,
      "median": 5.547439342740001,
      "user": 0.008601979999999999,
      "system": 0.004428979999999998,
      "min": 5.44907116524,
      "max": 5.65531855424,
      "times": [
        5.44907116524,
        5.5755555052400005,
        5.53366260824,
        5.600928216240001,
        5.4745611502400005,
        5.503949571240001,
        5.5506233402400005,
        5.544255345240001,
        5.64657259324,
        5.65531855424
      ],
      "exit_codes": [
        0,
        0,
        0,
        0,
        0,
        0,
        0,
        0,
        0,
        0
      ]
    },
    {
      "command": "with_hash_join",
      "mean": 1.68828043574,
      "stddev": 0.21389687439296332,
      "median": 1.67511632274,
      "user": 0.008600380000000001,
      "system": 0.004546079999999999,
      "min": 1.4248812122399999,
      "max": 2.22801834024,
      "times": [
        1.4248812122399999,
        1.66347562624,
        1.6795024222400001,
        1.4669935082399999,
        1.69611044624,
        1.68567153824,
        2.22801834024,
        1.70598796824,
        1.66143307224,
        1.67073022324
      ],
      "exit_codes": [
        0,
        0,
        0,
        0,
        0,
        0,
        0,
        0,
        0,
        0
      ]
    }
  ]
}
