{
  "results": [
    {
      "command": "normal_run",
      "mean": 0.04598015652,
      "stddev": 0.0024182489223078603,
      "median": 0.04554474982000001,
      "user": 0.008440920000000001,
      "system": 0.0042444,
      "min": 0.04320430982,
      "max": 0.049653680820000004,
      "times": [
        0.04489720482,
        0.04329275582000001,
        0.04827272682000001,
        0.04903833482000001,
        0.04335530482,
        0.049653680820000004,
        0.046997747820000005,
        0.04320430982,
        0.045793253820000004,
        0.045296245820000004
      ],
      "exit_codes": [
        0,
        0,
        0,
        0,
        0,
        0,
        0,
        0,
        0,
        0
      ]
    },
    {
      "command": "with_nested_loop_join",
      "mean": 0.04448483292000001,
      "stddev": 0.004008654907284416,
      "median": 0.04314552532,
      "user": 0.00838382,
      "system": 0.0042467,
      "min": 0.039038075820000004,
      "max": 0.054184878820000004,
      "times": [
        0.043289189820000004,
        0.046690799820000004,
        0.04219075382,
        0.039038075820000004,
        0.04274761682000001,
        0.042967277820000004,
        0.04300186082000001,
        0.04570340782000001,
        0.054184878820000004,
        0.04503446782000001
      ],
      "exit_codes": [
        0,
        0,
        0,
        0,
        0,
        0,
        0,
        0,
        0,
        0
      ]
    },
    {
      "command": "with_hash_join",
      "mean": 2.62451136812,
      "stddev": 0.13903236042409076,
      "median": 2.60118476132,
      "user": 0.00822552,
      "system": 0.004220400000000001,
      "min": 2.47201692982,
      "max": 2.8781516108200003,
      "times": [
        2.47759285082,
        2.59681786582,
        2.47201692982,
        2.79523051982,
        2.6506472098200002,
        2.60555165682,
        2.50399058682,
        2.53460888182,
        2.8781516108200003,
        2.73050556882
      ],
      "exit_codes": [
        0,
        0,
        0,
        0,
        0,
        0,
        0,
        0,
        0,
        0
      ]
    }
  ]
}
