{
  "results": [
    {
      "command": "normal_run",
      "mean": 0.04595753828,
      "stddev": 0.0051448625766175775,
      "median": 0.04698228818,
      "user": 0.00849112,
      "system": 0.00452468,
      "min": 0.03931977768,
      "max": 0.05593267868000001,
      "times": [
        0.048337226680000005,
        0.04760626768,
        0.042398861680000004,
        0.047954525680000006,
        0.03931977768,
        0.04635830868,
        0.04137174668,
        0.05000232368,
        0.04029366568000001,
        0.05593267868000001
      ],
      "exit_codes": [
        0,
        0,
        0,
        0,
        0,
        0,
        0,
        0,
        0,
        0
      ]
    },
    {
      "command": "with_nested_loop_join",
      "mean": 0.04592914998,
      "stddev": 0.005542172976774003,
      "median": 0.04730827068,
      "user": 0.00864172,
      "system": 0.00441878,
      "min": 0.038291991680000005,
      "max": 0.053008044680000005,
      "times": [
        0.04917337268000001,
        0.048348442680000006,
        0.05258675468000001,
        0.038291991680000005,
        0.04635348268,
        0.045644566680000005,
        0.038453690680000006,
        0.048263058680000005,
        0.053008044680000005,
        0.03916809468
      ],
      "exit_codes": [
        0,
        0,
        0,
        0,
        0,
        0,
        0,
        0,
        0,
        0
      ]
    },
    {
      "command": "with_hash_join",
      "mean": 2.71745295968,
      "stddev": 0.1550013554131662,
      "median": 2.6607414201800004,
      "user": 0.00855672,
      "system": 0.00457058,
      "min": 2.56876518468,
      "max": 3.0171453386800002,
      "times": [
        2.56876518468,
        2.5978821146800004,
        2.6132704916800003,
        2.7634222216800004,
        2.94078325468,
        2.59276179068,
        2.7023144676800004,
        2.6191683726800004,
        2.75901635968,
        3.0171453386800002
      ],
      "exit_codes": [
        0,
        0,
        0,
        0,
        0,
        0,
        0,
        0,
        0,
        0
      ]
    }
  ]
}
