{
  "results": [
    {
      "command": "normal_run",
      "mean": 0.061439246399999994,
      "stddev": 0.017419593845089103,
      "median": 0.054644200700000006,
      "user": 0.008639339999999999,
      "system": 0.00481664,
      "min": 0.046130072700000004,
      "max": 0.1012030317,
      "times": [
        0.051238969700000005,
        0.0705021537,
        0.051228212700000005,
        0.1012030317,
        0.0550656527,
        0.0558764937,
        0.046130072700000004,
        0.054222748700000004,
        0.0800040897,
        0.0489210387
      ],
      "exit_codes": [
        0,
        0,
        0,
        0,
        0,
        0,
        0,
        0,
        0,
        0
      ]
    },
    {
      "command": "with_nested_loop_join",
      "mean": 0.050984819300000005,
      "stddev": 0.004335985344156714,
      "median": 0.05015650320000001,
      "user": 0.008617339999999998,
      "system": 0.004570940000000001,
      "min": 0.045842604700000004,
      "max": 0.0602924727,
      "times": [
        0.045842604700000004,
        0.0602924727,
        0.0474510427,
        0.049645352700000006,
        0.0522492587,
        0.0472055797,
        0.0506676537,
        0.055041102700000004,
        0.048572321700000004,
        0.052880803700000006
      ],
      "exit_codes": [
        0,
        0,
        0,
        0,
        0,
        0,
        0,
        0,
        0,
        0
      ]
    },
    {
      "command": "with_hash_join",
      "mean": 2.7029447069000003,
      "stddev": 0.13500056775310523,
      "median": 2.6991182487,
      "user": 0.008425239999999999,
      "system": 0.004258039999999999,
      "min": 2.5665292547,
      "max": 3.0450737017,
      "times": [
        3.0450737017,
        2.7291156847,
        2.7057285867000003,
        2.6803496257,
        2.6989132937,
        2.7266800557,
        2.6053211527,
        2.5665292547,
        2.5724125097,
        2.6993232037
      ],
      "exit_codes": [
        0,
        0,
        0,
        0,
        0,
        0,
        0,
        0,
        0,
        0
      ]
    }
  ]
}
