{
  "results": [
    {
      "command": "normal_run",
      "mean": 35.37118418468,
      "stddev": 3.826914946223357,
      "median": 36.08920306338,
      "user": 0.01061328,
      "system": 0.0065676,
      "min": 28.602828329879998,
      "max": 40.61572413988,
      "times": [
        36.70264357088,
        37.96207488688,
        35.47576255588,
        29.567268932879998,
        34.427869554880004,
        40.61572413988,
        38.037537093880005,
        34.280459580880006,
        38.03967320088,
        28.602828329879998
      ],
      "exit_codes": [
        0,
        0,
        0,
        0,
        0,
        0,
        0,
        0,
        0,
        0
      ]
    },
    {
      "command": "with_nested_loop_join",
      "mean": 31.70775851158,
      "stddev": 4.263932029207073,
      "median": 32.24858169788,
      "user": 0.00994608,
      "system": 0.006561199999999999,
      "min": 25.655100094879998,
      "max": 39.17717491588,
      "times": [
        31.769823718879998,
        35.933116707880004,
        27.531733329879998,
        39.17717491588,
        33.938387932880005,
        26.50327449188,
        25.655100094879998,
        33.08567898188,
        30.755955264879997,
        32.72733967688
      ],
      "exit_codes": [
        0,
        0,
        0,
        0,
        0,
        0,
        0,
        0,
        0,
        0
      ]
    },
    {
      "command": "with_hash_join",
      "mean": 39.87938342518,
      "stddev": 3.6575993485682803,
      "median": 39.83603163938,
      "user": 0.011017079999999999,
      "system": 0.006720399999999999,
      "min": 34.90736686588,
      "max": 46.98769440088,
      "times": [
        40.67676128288,
        37.130067219880004,
        39.826900534880004,
        34.90736686588,
        39.888474409880004,
        39.174079107880004,
        39.84516274388,
        35.91966675188,
        46.98769440088,
        44.437660933880004
      ],
      "exit_codes": [
        0,
        0,
        0,
        0,
        0,
        0,
        0,
        0,
        0,
        0
      ]
    }
  ]
}
