{
  "results": [
    {
      "command": "normal_run",
      "mean": 59.5170138861,
      "stddev": 15.244479328421262,
      "median": 64.12602309340001,
      "user": 0.034741459999999995,
      "system": 0.017866180000000002,
      "min": 16.4256279589,
      "max": 66.7435955439,
      "times": [
        16.4256279589,
        60.7674583649,
        63.454794286900004,
        64.7972518999,
        63.1531779949,
        65.4936422239,
        64.9178638249,
        63.050878529900004,
        66.3658482329,
        66.7435955439
      ],
      "exit_codes": [
        0,
        0,
        0,
        0,
        0,
        0,
        0,
        0,
        0,
        0
      ]
    },
    {
      "command": "with_nested_loop_join",
      "mean": 63.6035024703,
      "stddev": 9.80607880297381,
      "median": 65.76831954190001,
      "user": 0.041990360000000004,
      "system": 0.024064079999999998,
      "min": 36.0582139179,
      "max": 70.4817061059,
      "times": [
        65.6579446979,
        70.4817061059,
        65.8786943859,
        67.1038569609,
        67.3794237729,
        65.3346054079,
        36.0582139179,
        67.3494434659,
        65.2932367769,
        65.4978992109
      ],
      "exit_codes": [
        0,
        0,
        0,
        0,
        0,
        0,
        0,
        0,
        0,
        0
      ]
    },
    {
      "command": "with_hash_join",
      "mean": 79.3685792771,
      "stddev": 17.311102086615815,
      "median": 90.7400734694,
      "user": 0.031063459999999998,
      "system": 0.01567248,
      "min": 53.5312268289,
      "max": 93.5321661039,
      "times": [
        93.2664096619,
        92.5517042999,
        89.13535441490001,
        53.5312268289,
        70.8805849949,
        92.3447925239,
        61.6627533289,
        54.1399941149,
        93.5321661039,
        92.6408064989
      ],
      "exit_codes": [
        0,
        0,
        0,
        0,
        0,
        0,
        0,
        0,
        0,
        0
      ]
    }
  ]
}
