{
  "results": [
    {
      "command": "normal_run",
      "mean": 13.1222592115,
      "stddev": 7.808393268392052,
      "median": 17.9099029015,
      "user": 0.02188556,
      "system": 0.00949152,
      "min": 3.693942127,
      "max": 20.570679707,
      "times": [
        17.778689134,
        18.710114461,
        18.041116669,
        4.241096651,
        3.705762344,
        20.229177398999997,
        20.570679707,
        4.803899605,
        3.693942127,
        19.448114018
      ],
      "exit_codes": [
        0,
        0,
        0,
        0,
        0,
        0,
        0,
        0,
        0,
        0
      ]
    },
    {
      "command": "with_nested_loop_join",
      "mean": 19.214017939799998,
      "stddev": 0.24285904119154508,
      "median": 19.293325503,
      "user": 0.03830135999999999,
      "system": 0.017202119999999998,
      "min": 18.863158516,
      "max": 19.57317891,
      "times": [
        19.292201524,
        18.890578887,
        19.030541013,
        19.294449481999997,
        18.863158516,
        19.458050245,
        19.57317891,
        19.316161744,
        19.381022128999998,
        19.040836948
      ],
      "exit_codes": [
        0,
        0,
        0,
        0,
        0,
        0,
        0,
        0,
        0,
        0
      ]
    },
    {
      "command": "with_hash_join",
      "mean": 69.9717198488,
      "stddev": 3.473103972213116,
      "median": 70.4193410115,
      "user": 0.038634959999999996,
      "system": 0.017752120000000003,
      "min": 62.913361985,
      "max": 76.81501382,
      "times": [
        70.08420352,
        70.888561311,
        70.725320694,
        70.315211871,
        70.523470152,
        66.951742288,
        62.913361985,
        69.62084166000001,
        76.81501382,
        70.87947118700001
      ],
      "exit_codes": [
        0,
        0,
        0,
        0,
        0,
        0,
        0,
        0,
        0,
        0
      ]
    }
  ]
}
