{
  "results": [
    {
      "command": "normal_run",
      "mean": 1.7131114588399998,
      "stddev": 0.052342531690380445,
      "median": 1.69813812764,
      "user": 0.008479579999999999,
      "system": 0.004208140000000001,
      "min": 1.66492742014,
      "max": 1.85150080114,
      "times": [
        1.69419040114,
        1.68071327514,
        1.70086683214,
        1.7193162181400001,
        1.73380773914,
        1.68508409614,
        1.70529838214,
        1.6954094231399999,
        1.66492742014,
        1.85150080114
      ],
      "exit_codes": [
        0,
        0,
        0,
        0,
        0,
        0,
        0,
        0,
        0,
        0
      ]
    },
    {
      "command": "with_nested_loop_join",
      "mean": 1.63898205124,
      "stddev": 0.03812442303646721,
      "median": 1.62816426114,
      "user": 0.00851688,
      "system": 0.00426404,
      "min": 1.6173380741399999,
      "max": 1.74558152614,
      "times": [
        1.62328125514,
        1.6173380741399999,
        1.62916974014,
        1.62480032914,
        1.63194807714,
        1.74558152614,
        1.62774927814,
        1.6426010711399999,
        1.61877191714,
        1.62857924414
      ],
      "exit_codes": [
        0,
        0,
        0,
        0,
        0,
        0,
        0,
        0,
        0,
        0
      ]
    },
    {
      "command": "with_hash_join",
      "mean": 40.31440049544,
      "stddev": 4.377493505002886,
      "median": 40.78331241014,
      "user": 0.00842468,
      "system": 0.00415944,
      "min": 32.71056365314,
      "max": 45.28498330614,
      "times": [
        44.73987063914,
        40.60657416414,
        40.83086669414,
        40.780911061139996,
        45.28498330614,
        32.71056365314,
        40.32237634414,
        40.785713759139995,
        44.16561319914,
        32.91653213414
      ],
      "exit_codes": [
        0,
        0,
        0,
        0,
        0,
        0,
        0,
        0,
        0,
        0
      ]
    }
  ]
}
