{
  "results": [
    {
      "command": "normal_run",
      "mean": 0.19803084968,
      "stddev": 0.011055467161232607,
      "median": 0.19659327208000002,
      "user": 0.008953019999999999,
      "system": 0.00450464,
      "min": 0.18444797408000002,
      "max": 0.22121653308000003,
      "times": [
        0.18934929008,
        0.20204803608000002,
        0.19774950108000003,
        0.20564124908,
        0.18720553008000002,
        0.22121653308000003,
        0.20581280108000002,
        0.18444797408000002,
        0.19543704308,
        0.19140053908000002
      ],
      "exit_codes": [
        0,
        0,
        0,
        0,
        0,
        0,
        0,
        0,
        0,
        0
      ]
    },
    {
      "command": "with_nested_loop_join",
      "mean": 0.14000251038000003,
      "stddev": 0.004773210588332907,
      "median": 0.14026770858,
      "user": 0.008529019999999998,
      "system": 0.004237939999999999,
      "min": 0.13269273108000001,
      "max": 0.14599610208000002,
      "times": [
        0.14353251208,
        0.13792919108,
        0.14436176208,
        0.14478039508,
        0.14599610208000002,
        0.13269273108000001,
        0.13820235108,
        0.13468968708,
        0.14233306608000001,
        0.13550730608
      ],
      "exit_codes": [
        0,
        0,
        0,
        0,
        0,
        0,
        0,
        0,
        0,
        0
      ]
    },
    {
      "command": "with_hash_join",
      "mean": 38.27243766838001,
      "stddev": 1.8057012602319236,
      "median": 37.65985130458,
      "user": 0.00819752,
      "system": 0.00414784,
      "min": 37.43737889408,
      "max": 43.38726562308,
      "times": [
        37.88077804908,
        37.99865538508,
        43.38726562308,
        37.65573080608,
        37.91614028008,
        37.60885095708,
        37.55197498808,
        37.66397180308,
        37.43737889408,
        37.62362989808
      ],
      "exit_codes": [
        0,
        0,
        0,
        0,
        0,
        0,
        0,
        0,
        0,
        0
      ]
    }
  ]
}
