{
  "results": [
    {
      "command": "normal_run",
      "mean": 85.33146946219999,
      "stddev": 9.482411245067604,
      "median": 82.5667412812,
      "user": 0.00794378,
      "system": 0.00408646,
      "min": 73.9999228032,
      "max": 100.1298857652,
      "times": [
        97.88301922519999,
        100.1298857652,
        96.2635514412,
        83.9894374332,
        74.66213808319999,
        73.9999228032,
        79.7174006052,
        84.6214832462,
        80.90381089019999,
        81.1440451292
      ],
      "exit_codes": [
        0,
        0,
        0,
        0,
        0,
        0,
        0,
        0,
        0,
        0
      ]
    },
    {
      "command": "with_nested_loop_join",
      "mean": 91.30319819779999,
      "stddev": 5.713820318591205,
      "median": 92.5066838377,
      "user": 0.008674279999999998,
      "system": 0.0055848600000000005,
      "min": 79.35151409919999,
      "max": 98.0863999842,
      "times": [
        79.35151409919999,
        95.16339937619999,
        93.18688972119999,
        95.37467560719999,
        96.7629845612,
        98.0863999842,
        86.5597601662,
        91.8264779542,
        88.2186933072,
        88.5011872012
      ],
      "exit_codes": [
        0,
        0,
        0,
        0,
        0,
        0,
        0,
        0,
        0,
        0
      ]
    },
    {
      "command": "with_hash_join",
      "mean": 62.932755316,
      "stddev": 1.433855149008488,
      "median": 62.4108583802,
      "user": 0.00863418,
      "system": 0.00508076,
      "min": 61.3449492082,
      "max": 65.81545815819999,
      "times": [
        62.3430094802,
        62.4787072802,
        65.81545815819999,
        62.2163552072,
        61.519181177200004,
        62.3400853122,
        61.3449492082,
        62.583599700200004,
        64.0641347532,
        64.62207288319999
      ],
      "exit_codes": [
        0,
        0,
        0,
        0,
        0,
        0,
        0,
        0,
        0,
        0
      ]
    }
  ]
}
