{
  "results": [
    {
      "command": "normal_run",
      "mean": 3.331578305,
      "stddev": 1.1256410482601795,
      "median": 3.0741367645,
      "user": 0.008513479999999999,
      "system": 0.00423314,
      "min": 2.35229513,
      "max": 6.328709023,
      "times": [
        2.5960934719999997,
        3.332131719,
        2.35229513,
        3.43543711,
        2.596344239,
        2.969287868,
        2.94258505,
        6.328709023,
        3.178985661,
        3.583913778
      ],
      "exit_codes": [
        0,
        0,
        0,
        0,
        0,
        0,
        0,
        0,
        0,
        0
      ]
    },
    {
      "command": "with_nested_loop_join",
      "mean": 2.6606616175999998,
      "stddev": 1.680403439941711,
      "median": 2.206692179,
      "user": 0.00873888,
      "system": 0.00443714,
      "min": 1.64538679,
      "max": 7.257357228,
      "times": [
        2.2722009499999998,
        2.024731579,
        1.64538679,
        7.257357228,
        2.141183408,
        1.673286448,
        3.195686861,
        2.423798793,
        1.6687132500000001,
        2.3042708689999998
      ],
      "exit_codes": [
        0,
        0,
        0,
        0,
        0,
        0,
        0,
        0,
        0,
        0
      ]
    },
    {
      "command": "with_hash_join",
      "mean": 20.9164580573,
      "stddev": 0.5937844111383281,
      "median": 20.560988187,
      "user": 0.00850548,
      "system": 0.004303840000000001,
      "min": 20.260691389,
      "max": 21.735859884,
      "times": [
        20.534899032000002,
        20.558096914,
        20.513552525,
        20.56387946,
        20.37401617,
        20.260691389,
        21.593183572,
        21.65999227,
        21.370409357,
        21.735859884
      ],
      "exit_codes": [
        0,
        0,
        0,
        0,
        0,
        0,
        0,
        0,
        0,
        0
      ]
    }
  ]
}
