{
  "results": [
    {
      "command": "normal_run",
      "mean": 1.46451622112,
      "stddev": 0.10659486704251829,
      "median": 1.4389110560199998,
      "user": 0.00847558,
      "system": 0.0045026,
      "min": 1.37292837102,
      "max": 1.74151801102,
      "times": [
        1.74151801102,
        1.45338919102,
        1.37989418602,
        1.40536290102,
        1.37292837102,
        1.41700486202,
        1.45280139602,
        1.50491723102,
        1.42502071602,
        1.49232534602
      ],
      "exit_codes": [
        0,
        0,
        0,
        0,
        0,
        0,
        0,
        0,
        0,
        0
      ]
    },
    {
      "command": "with_nested_loop_join",
      "mean": 1.03714811022,
      "stddev": 1.4193940380855674,
      "median": 0.48346935002,
      "user": 0.00870138,
      "system": 0.0043634,
      "min": 0.47182283902000005,
      "max": 5.035835855019999,
      "times": [
        0.95990993402,
        0.48179037802,
        0.97820959902,
        0.48217326602000005,
        5.035835855019999,
        0.52422789102,
        0.47182283902000005,
        0.47431418702000006,
        0.47843171902000003,
        0.48476543402000005
      ],
      "exit_codes": [
        0,
        0,
        0,
        0,
        0,
        0,
        0,
        0,
        0,
        0
      ]
    },
    {
      "command": "with_hash_join",
      "mean": 51.76767802631999,
      "stddev": 30.87675263862585,
      "median": 41.92067219602,
      "user": 0.00818988,
      "system": 0.004178299999999999,
      "min": 34.69826541302,
      "max": 137.96934849902001,
      "times": [
        50.37495168502,
        52.44471230202,
        42.53733385702,
        137.96934849902001,
        46.61378617502,
        41.30401053502,
        38.01293747602,
        37.56631480102,
        36.15511952002,
        34.69826541302
      ],
      "exit_codes": [
        0,
        0,
        0,
        0,
        0,
        0,
        0,
        0,
        0,
        0
      ]
    }
  ]
}
