{
  "results": [
    {
      "command": "normal_run",
      "mean": 2.9237946585400003,
      "stddev": 0.9989582770073202,
      "median": 2.8147848378400004,
      "user": 0.008655279999999998,
      "system": 0.0044671,
      "min": 2.01106276484,
      "max": 4.88221596184,
      "times": [
        2.8206062908400003,
        2.80896338484,
        2.0982822098400002,
        2.01106276484,
        3.02653471584,
        2.14605191784,
        4.43880894784,
        2.9163093628400003,
        4.88221596184,
        2.08911102884
      ],
      "exit_codes": [
        0,
        0,
        0,
        0,
        0,
        0,
        0,
        0,
        0,
        0
      ]
    },
    {
      "command": "with_nested_loop_join",
      "mean": 2.1223784766400007,
      "stddev": 1.0237721758128446,
      "median": 1.7308458623400003,
      "user": 0.008453179999999998,
      "system": 0.0042393,
      "min": 1.07555926684,
      "max": 3.57775030784,
      "times": [
        1.3770368588400002,
        1.6966957928400002,
        3.57775030784,
        1.07555926684,
        3.0612847968400003,
        2.88098885584,
        3.51838808884,
        1.15809296784,
        1.11299189884,
        1.7649959318400001
      ],
      "exit_codes": [
        0,
        0,
        0,
        0,
        0,
        0,
        0,
        0,
        0,
        0
      ]
    },
    {
      "command": "with_hash_join",
      "mean": 149.81978280924,
      "stddev": 169.26151272278565,
      "median": 103.12564533784,
      "user": 0.00928418,
      "system": 0.0063698,
      "min": 39.858967903839996,
      "max": 618.31202789584,
      "times": [
        82.87286782584,
        150.82059642084002,
        47.95135312984,
        39.858967903839996,
        94.24700215384,
        618.31202789584,
        147.20425675584002,
        67.83497469484,
        112.00428852184,
        137.09149278984
      ],
      "exit_codes": [
        0,
        0,
        0,
        0,
        0,
        0,
        0,
        0,
        0,
        0
      ]
    }
  ]
}
