{
  "results": [
    {
      "command": "normal_run",
      "mean": 15.803743701299998,
      "stddev": 0.6786981705154216,
      "median": 15.971796469,
      "user": 0.008065180000000002,
      "system": 0.00435144,
      "min": 14.7832032675,
      "max": 16.5168129565,
      "times": [
        16.433363299499998,
        16.5168129565,
        16.4517540535,
        15.7814607225,
        16.162132215499998,
        15.251215691499999,
        15.2479726815,
        14.7832032675,
        16.4177370275,
        14.9917850975
      ],
      "exit_codes": [
        0,
        0,
        0,
        0,
        0,
        0,
        0,
        0,
        0,
        0
      ]
    },
    {
      "command": "with_nested_loop_join",
      "mean": 12.8845053676,
      "stddev": 0.617769514499027,
      "median": 12.8882905245,
      "user": 0.008146579999999999,
      "system": 0.00436784,
      "min": 11.7651737005,
      "max": 13.747137367499999,
      "times": [
        13.747137367499999,
        13.2491876745,
        13.489050238499999,
        12.8412307495,
        11.7651737005,
        13.1506070025,
        12.8803884445,
        11.9537731015,
        12.872312792499999,
        12.8961926045
      ],
      "exit_codes": [
        0,
        0,
        0,
        0,
        0,
        0,
        0,
        0,
        0,
        0
      ]
    },
    {
      "command": "with_hash_join",
      "mean": 51.03380325350001,
      "stddev": 5.154874170950808,
      "median": 54.6071856305,
      "user": 0.00822148,
      "system": 0.004468939999999999,
      "min": 44.2437669535,
      "max": 55.5010169205,
      "times": [
        54.842190633499996,
        55.1218796245,
        54.3721806275,
        55.5010169205,
        55.2939341035,
        46.1203586225,
        44.2437669535,
        44.3240469295,
        45.6646631995,
        54.8539949205
      ],
      "exit_codes": [
        0,
        0,
        0,
        0,
        0,
        0,
        0,
        0,
        0,
        0
      ]
    }
  ]
}
