{
  "results": [
    {
      "command": "normal_run",
      "mean": 30.314921422099996,
      "stddev": 4.886438743924267,
      "median": 31.247700820200002,
      "user": 0.00832026,
      "system": 0.0043288,
      "min": 23.2745269312,
      "max": 36.7723365032,
      "times": [
        23.2745269312,
        33.1933641192,
        36.7723365032,
        23.8738842112,
        30.7068616082,
        31.7885400322,
        30.2261615112,
        24.3762616132,
        35.4041416832,
        33.5331360082
      ],
      "exit_codes": [
        0,
        0,
        0,
        0,
        0,
        0,
        0,
        0,
        0,
        0
      ]
    },
    {
      "command": "with_nested_loop_join",
      "mean": 32.4336309452,
      "stddev": 4.215913323354589,
      "median": 33.3298390237,
      "user": 0.00821286,
      "system": 0.0044532,
      "min": 26.9039952332,
      "max": 37.5728389992,
      "times": [
        26.9039952332,
        28.5412314572,
        28.1145070392,
        28.106466695199998,
        31.6349679852,
        35.0247100622,
        36.6655548652,
        35.0649380952,
        36.7070990202,
        37.5728389992
      ],
      "exit_codes": [
        0,
        0,
        0,
        0,
        0,
        0,
        0,
        0,
        0,
        0
      ]
    },
    {
      "command": "with_hash_join",
      "mean": 43.212838816499996,
      "stddev": 0.6486510852784628,
      "median": 42.8995928287,
      "user": 0.00805006,
      "system": 0.0040371999999999995,
      "min": 42.5862812602,
      "max": 44.2742170672,
      "times": [
        42.7639958372,
        42.8512008182,
        42.5862812602,
        42.6095901352,
        43.7047778022,
        42.8533367032,
        44.2742170672,
        44.2740778682,
        43.2650617192,
        42.9458489542
      ],
      "exit_codes": [
        0,
        0,
        0,
        0,
        0,
        0,
        0,
        0,
        0,
        0
      ]
    }
  ]
}
