{
  "results": [
    {
      "command": "normal_run",
      "mean": 9.81664412338,
      "stddev": 0.6698037060924988,
      "median": 10.05665596788,
      "user": 0.0085728,
      "system": 0.0043945799999999995,
      "min": 8.49824021588,
      "max": 10.688831278879999,
      "times": [
        10.19637328188,
        9.135569733879999,
        8.49824021588,
        9.264557737879999,
        9.66756555388,
        10.32482026488,
        10.688831278879999,
        10.277171230879999,
        10.15208607688,
        9.961225858879999
      ],
      "exit_codes": [
        0,
        0,
        0,
        0,
        0,
        0,
        0,
        0,
        0,
        0
      ]
    },
    {
      "command": "with_nested_loop_join",
      "mean": 11.672082026779998,
      "stddev": 0.3840045426997472,
      "median": 11.69402578738,
      "user": 0.008517,
      "system": 0.00464588,
      "min": 11.198363324879999,
      "max": 12.23069861588,
      "times": [
        11.25264230188,
        12.156427098879998,
        12.23069861588,
        11.302727916879999,
        11.809726166879999,
        12.025066938879998,
        11.697227458879999,
        11.357116328879998,
        11.69082411588,
        11.198363324879999
      ],
      "exit_codes": [
        0,
        0,
        0,
        0,
        0,
        0,
        0,
        0,
        0,
        0
      ]
    },
    {
      "command": "with_hash_join",
      "mean": 46.46977971168,
      "stddev": 1.9394012782433148,
      "median": 45.53343409888,
      "user": 0.0081271,
      "system": 0.0044006800000000006,
      "min": 44.80142120688,
      "max": 49.673061430880004,
      "times": [
        44.80142120688,
        45.698765714880004,
        49.673061430880004,
        45.64511393488,
        48.868776438880005,
        45.05156130788,
        45.181206591880006,
        45.17758391288,
        45.42175426288,
        49.17855231488
      ],
      "exit_codes": [
        0,
        0,
        0,
        0,
        0,
        0,
        0,
        0,
        0,
        0
      ]
    }
  ]
}
