{
  "results": [
    {
      "command": "normal_run",
      "mean": 0.47357336454,
      "stddev": 0.011697884712831065,
      "median": 0.47170171944000006,
      "user": 0.008415059999999999,
      "system": 0.00426404,
      "min": 0.45711718944,
      "max": 0.49815414844,
      "times": [
        0.47370676444000004,
        0.49815414844,
        0.48259328744,
        0.46780749644,
        0.46167104644,
        0.45711718944,
        0.47318182944000003,
        0.47022160944,
        0.46930270644,
        0.48197756744000003
      ],
      "exit_codes": [
        0,
        0,
        0,
        0,
        0,
        0,
        0,
        0,
        0,
        0
      ]
    },
    {
      "command": "with_nested_loop_join",
      "mean": 0.72130800394,
      "stddev": 0.03213323047578604,
      "median": 0.71059617494,
      "user": 0.008343960000000001,
      "system": 0.00431114,
      "min": 0.69687873044,
      "max": 0.80694279844,
      "times": [
        0.7126337234400001,
        0.71191915644,
        0.7082372924400001,
        0.7092731934400001,
        0.7020264484400001,
        0.80694279844,
        0.7308270334400001,
        0.7310829954400001,
        0.7032586674400001,
        0.69687873044
      ],
      "exit_codes": [
        0,
        0,
        0,
        0,
        0,
        0,
        0,
        0,
        0,
        0
      ]
    },
    {
      "command": "with_hash_join",
      "mean": 4.24898299304,
      "stddev": 0.10582661312682858,
      "median": 4.22604964744,
      "user": 0.008381459999999999,
      "system": 0.004314139999999999,
      "min": 4.110517805440001,
      "max": 4.50939660744,
      "times": [
        4.50939660744,
        4.32251500944,
        4.24273425244,
        4.203643014440001,
        4.20106724644,
        4.22407624644,
        4.19483524544,
        4.110517805440001,
        4.228023048440001,
        4.253021454440001
      ],
      "exit_codes": [
        0,
        0,
        0,
        0,
        0,
        0,
        0,
        0,
        0,
        0
      ]
    }
  ]
}
