{
  "results": [
    {
      "command": "normal_run",
      "mean": 0.10813858180000002,
      "stddev": 0.005726037277048651,
      "median": 0.10712822470000002,
      "user": 0.00841694,
      "system": 0.004120139999999999,
      "min": 0.10181153720000001,
      "max": 0.11907299020000002,
      "times": [
        0.10615703120000002,
        0.10445172920000001,
        0.10809941820000002,
        0.11171412720000001,
        0.10220013320000002,
        0.10329752620000002,
        0.11907299020000002,
        0.10984028320000001,
        0.11474104220000002,
        0.10181153720000001
      ],
      "exit_codes": [
        0,
        0,
        0,
        0,
        0,
        0,
        0,
        0,
        0,
        0
      ]
    },
    {
      "command": "with_nested_loop_join",
      "mean": 0.0678753705,
      "stddev": 0.009614342785066362,
      "median": 0.06584861420000002,
      "user": 0.00880794,
      "system": 0.00461044,
      "min": 0.057000303200000005,
      "max": 0.09077842820000001,
      "times": [
        0.0620454492,
        0.06484930920000001,
        0.0755808562,
        0.057000303200000005,
        0.060025183200000005,
        0.06733919120000001,
        0.06378616420000001,
        0.06684791920000001,
        0.07050090120000001,
        0.09077842820000001
      ],
      "exit_codes": [
        0,
        0,
        0,
        0,
        0,
        0,
        0,
        0,
        0,
        0
      ]
    },
    {
      "command": "with_hash_join",
      "mean": 5.929503788100001,
      "stddev": 0.3211272035845966,
      "median": 5.8044525707000005,
      "user": 0.008662439999999999,
      "system": 0.00448634,
      "min": 5.7114656062,
      "max": 6.7861007312,
      "times": [
        5.7655084172,
        5.746820280200001,
        6.0644777022000005,
        5.8118467522,
        5.7970583892,
        5.7408707392,
        6.7861007312,
        5.9607574432,
        5.9101318202,
        5.7114656062
      ],
      "exit_codes": [
        0,
        0,
        0,
        0,
        0,
        0,
        0,
        0,
        0,
        0
      ]
    }
  ]
}
