{
  "results": [
    {
      "command": "normal_run",
      "mean": 2.24137006966,
      "stddev": 0.32286614166323285,
      "median": 2.19350485996,
      "user": 0.008546579999999998,
      "system": 0.00468276,
      "min": 1.84618615646,
      "max": 2.6875225464600003,
      "times": [
        2.11078823846,
        2.6116804734600003,
        2.65861422046,
        1.84618615646,
        2.6875225464600003,
        1.93790952146,
        2.3195363554600004,
        2.2266829504600003,
        2.16032676946,
        1.85445346446
      ],
      "exit_codes": [
        0,
        0,
        0,
        0,
        0,
        0,
        0,
        0,
        0,
        0
      ]
    },
    {
      "command": "with_nested_loop_join",
      "mean": 0.6870469024600001,
      "stddev": 0.06089387916594791,
      "median": 0.66415894946,
      "user": 0.008355479999999998,
      "system": 0.004265159999999999,
      "min": 0.6361082884600001,
      "max": 0.8226921884600001,
      "times": [
        0.6890944294600001,
        0.76419511646,
        0.6361082884600001,
        0.66923446346,
        0.6435488804600001,
        0.65908343546,
        0.6464647704600001,
        0.6454844464600001,
        0.8226921884600001,
        0.69456300546
      ],
      "exit_codes": [
        0,
        0,
        0,
        0,
        0,
        0,
        0,
        0,
        0,
        0
      ]
    },
    {
      "command": "with_hash_join",
      "mean": 12.02792306096,
      "stddev": 0.2011689338936762,
      "median": 11.95296367196,
      "user": 0.008306479999999998,
      "system": 0.004361859999999999,
      "min": 11.79734916746,
      "max": 12.34624385946,
      "times": [
        11.98185916646,
        12.28383945946,
        12.24815087646,
        11.85941453346,
        12.34624385946,
        11.91198286546,
        12.09083536646,
        11.79734916746,
        11.83548713746,
        11.92406817746
      ],
      "exit_codes": [
        0,
        0,
        0,
        0,
        0,
        0,
        0,
        0,
        0,
        0
      ]
    }
  ]
}
