{
  "results": [
    {
      "command": "normal_run",
      "mean": 1.8823426273200004,
      "stddev": 0.40872642075128607,
      "median": 2.16609791482,
      "user": 0.00854578,
      "system": 0.0044531399999999995,
      "min": 1.38568192182,
      "max": 2.2224070208200004,
      "times": [
        2.2224070208200004,
        2.21925571982,
        1.42734131182,
        2.20476940682,
        1.39947158682,
        2.16077838082,
        1.42011723982,
        2.17141744882,
        2.2121862358200004,
        1.38568192182
      ],
      "exit_codes": [
        0,
        0,
        0,
        0,
        0,
        0,
        0,
        0,
        0,
        0
      ]
    },
    {
      "command": "with_nested_loop_join",
      "mean": 0.33758246222,
      "stddev": 0.014259934731615354,
      "median": 0.34068620582000003,
      "user": 0.008285779999999998,
      "system": 0.004304639999999999,
      "min": 0.31957040982,
      "max": 0.36029089982000007,
      "times": [
        0.32340975682000006,
        0.34664049282000003,
        0.32272959382000005,
        0.34667730282000003,
        0.32496530682,
        0.36029089982000007,
        0.33473191882000003,
        0.34735156282,
        0.34945737782,
        0.31957040982
      ],
      "exit_codes": [
        0,
        0,
        0,
        0,
        0,
        0,
        0,
        0,
        0,
        0
      ]
    },
    {
      "command": "with_hash_join",
      "mean": 10.758097733220001,
      "stddev": 0.19897131700332132,
      "median": 10.672241467820001,
      "user": 0.00826448,
      "system": 0.00438244,
      "min": 10.55121837682,
      "max": 11.076632312820001,
      "times": [
        10.860842744820001,
        11.04509162982,
        11.076632312820001,
        10.90817041182,
        10.653978886820001,
        10.68568125082,
        10.55121837682,
        10.65880168482,
        10.57747376182,
        10.56308627182
      ],
      "exit_codes": [
        0,
        0,
        0,
        0,
        0,
        0,
        0,
        0,
        0,
        0
      ]
    }
  ]
}
