{
  "results": [
    {
      "command": "normal_run",
      "mean": 3.1435353604800005,
      "stddev": 0.37418088613495215,
      "median": 3.16472464918,
      "user": 0.0082953,
      "system": 0.00431274,
      "min": 2.7410807071800005,
      "max": 3.54146622318,
      "times": [
        3.45006608518,
        2.74131917518,
        2.87938321318,
        3.54146622318,
        2.8434242611800005,
        3.4953271221800004,
        2.7410807071800005,
        3.50878413218,
        2.7527959141800005,
        3.4817067711800003
      ],
      "exit_codes": [
        0,
        0,
        0,
        0,
        0,
        0,
        0,
        0,
        0,
        0
      ]
    },
    {
      "command": "with_nested_loop_join",
      "mean": 1.40936994158,
      "stddev": 0.0773456799290989,
      "median": 1.43643331168,
      "user": 0.00817,
      "system": 0.004297339999999999,
      "min": 1.29138989418,
      "max": 1.52438377118,
      "times": [
        1.29138989418,
        1.33983171718,
        1.36246357818,
        1.52438377118,
        1.31423458918,
        1.43393390418,
        1.43893271918,
        1.44636186218,
        1.46258996918,
        1.47957741118
      ],
      "exit_codes": [
        0,
        0,
        0,
        0,
        0,
        0,
        0,
        0,
        0,
        0
      ]
    },
    {
      "command": "with_hash_join",
      "mean": 12.471766605780001,
      "stddev": 0.09414518455738749,
      "median": 12.44567618368,
      "user": 0.008397499999999999,
      "system": 0.004358739999999999,
      "min": 12.36742546718,
      "max": 12.651919087180001,
      "times": [
        12.46338349518,
        12.605440366180002,
        12.447424208180001,
        12.38353577418,
        12.36742546718,
        12.406897049180001,
        12.524452164180001,
        12.651919087180001,
        12.423260287180002,
        12.44392815918
      ],
      "exit_codes": [
        0,
        0,
        0,
        0,
        0,
        0,
        0,
        0,
        0,
        0
      ]
    }
  ]
}
