{
  "results": [
    {
      "command": "normal_run",
      "mean": 10.99223158594,
      "stddev": 4.837722284307366,
      "median": 9.02421845654,
      "user": 0.00803806,
      "system": 0.004229500000000001,
      "min": 6.18192783504,
      "max": 17.58711836104,
      "times": [
        15.83496470804,
        15.93104528304,
        16.35343819904,
        17.58711836104,
        10.286612677039999,
        6.33816705204,
        6.18192783504,
        7.76182423604,
        7.00443763404,
        6.64277987404
      ],
      "exit_codes": [
        0,
        0,
        0,
        0,
        0,
        0,
        0,
        0,
        0,
        0
      ]
    },
    {
      "command": "with_nested_loop_join",
      "mean": 6.533237247539999,
      "stddev": 0.2638826842603273,
      "median": 6.55584177354,
      "user": 0.00818876,
      "system": 0.0041572,
      "min": 6.11078194304,
      "max": 6.92622864404,
      "times": [
        6.40350676104,
        6.63317263804,
        6.64670909404,
        6.191637937039999,
        6.61549072804,
        6.43077505304,
        6.49619281904,
        6.11078194304,
        6.87787685804,
        6.92622864404
      ],
      "exit_codes": [
        0,
        0,
        0,
        0,
        0,
        0,
        0,
        0,
        0,
        0
      ]
    },
    {
      "command": "with_hash_join",
      "mean": 5.244319652539999,
      "stddev": 0.057329846292524994,
      "median": 5.2486496765399995,
      "user": 0.009008559999999999,
      "system": 0.0047107,
      "min": 5.12512651304,
      "max": 5.30551124204,
      "times": [
        5.30551124204,
        5.26969163104,
        5.26239928304,
        5.23490007004,
        5.3017669950399995,
        5.30316980904,
        5.2156730500399995,
        5.19059492004,
        5.12512651304,
        5.23436301204
      ],
      "exit_codes": [
        0,
        0,
        0,
        0,
        0,
        0,
        0,
        0,
        0,
        0
      ]
    }
  ]
}
