{
  "results": [
    {
      "command": "normal_run",
      "mean": 0.02325562018,
      "stddev": 0.003009706391648779,
      "median": 0.02217406998,
      "user": 0.00249529,
      "system": 0.000614228,
      "min": 0.02059456498,
      "max": 0.02871791698,
      "times": [
        0.02059456498,
        0.02062114998,
        0.02118374998,
        0.02871791698,
        0.02187285398,
        0.025189202980000002,
        0.02247528598,
        0.02794640198,
        0.02293771498,
        0.02101735998
      ],
      "exit_codes": [
        0,
        0,
        0,
        0,
        0,
        0,
        0,
        0,
        0,
        0
      ]
    },
    {
      "command": "with_nested_loop_join",
      "mean": 0.02459291238,
      "stddev": 0.0019445796939875492,
      "median": 0.02409710148,
      "user": 0.0020841699999999998,
      "system": 0.0014089799999999998,
      "min": 0.02161206698,
      "max": 0.02776211198,
      "times": [
        0.02161206698,
        0.02410683898,
        0.02776211198,
        0.02376007498,
        0.02318207998,
        0.02666606398,
        0.024087363980000002,
        0.02586648698,
        0.02271639598,
        0.02616963998
      ],
      "exit_codes": [
        0,
        0,
        0,
        0,
        0,
        0,
        0,
        0,
        0,
        0
      ]
    },
    {
      "command": "with_hash_join",
      "mean": 1.3552255866799998,
      "stddev": 0.08881152337683296,
      "median": 1.39613111948,
      "user": 0.0026518899999999996,
      "system": 0.0006072039999999999,
      "min": 1.1841556359799998,
      "max": 1.4038122309799999,
      "times": [
        1.1841556359799998,
        1.1898590679799999,
        1.39362083498,
        1.4038122309799999,
        1.3998626159799998,
        1.40190046998,
        1.38926503498,
        1.3895836769799998,
        1.4015548949799999,
        1.39864140398
      ],
      "exit_codes": [
        0,
        0,
        0,
        0,
        0,
        0,
        0,
        0,
        0,
        0
      ]
    }
  ]
}
