{
  "results": [
    {
      "command": "normal_run",
      "mean": 1.58417714052,
      "stddev": 0.02633293378737169,
      "median": 1.57844564952,
      "user": 0.0016789600000000002,
      "system": 0.0014216199999999997,
      "min": 1.55322016052,
      "max": 1.63057639752,
      "times": [
        1.57794949152,
        1.55322016052,
        1.6102176615200001,
        1.56344930652,
        1.59072809652,
        1.61233748552,
        1.5789418075200001,
        1.55346986052,
        1.63057639752,
        1.57088113752
      ],
      "exit_codes": [
        0,
        0,
        0,
        0,
        0,
        0,
        0,
        0,
        0,
        0
      ]
    },
    {
      "command": "with_nested_loop_join",
      "mean": 1.62414167302,
      "stddev": 0.0227247563007829,
      "median": 1.62524953502,
      "user": 0.0020833360000000003,
      "system": 0.0008779200000000001,
      "min": 1.59222785052,
      "max": 1.6535873355200001,
      "times": [
        1.65079665352,
        1.59936064552,
        1.6319864715199999,
        1.64562108152,
        1.6185125985200002,
        1.59222785052,
        1.6535873355200001,
        1.6072025865200001,
        1.60407406152,
        1.63804744552
      ],
      "exit_codes": [
        0,
        0,
        0,
        0,
        0,
        0,
        0,
        0,
        0,
        0
      ]
    },
    {
      "command": "with_hash_join",
      "mean": 4.335821379619999,
      "stddev": 0.06306960601098499,
      "median": 4.3331977640199995,
      "user": 0.0018158519999999997,
      "system": 0.001237464,
      "min": 4.20282953552,
      "max": 4.42773077152,
      "times": [
        4.20282953552,
        4.31674442552,
        4.42773077152,
        4.41423826552,
        4.36631800252,
        4.34906173952,
        4.34768941852,
        4.30875421952,
        4.30614130852,
        4.31870610952
      ],
      "exit_codes": [
        0,
        0,
        0,
        0,
        0,
        0,
        0,
        0,
        0,
        0
      ]
    }
  ]
}
