{
  "results": [
    {
      "command": "normal_run",
      "mean": 1.1606826028799997,
      "stddev": 1.6694138824373412,
      "median": 0.63410644208,
      "user": 0.0014970400000000003,
      "system": 0.001762872,
      "min": 0.61818035208,
      "max": 5.91182984908,
      "times": [
        0.63017403808,
        0.64004650908,
        0.63242828308,
        0.6515577380800001,
        5.91182984908,
        0.62053080508,
        0.61818035208,
        0.63578460108,
        0.62466576108,
        0.64162809208
      ],
      "exit_codes": [
        0,
        0,
        0,
        0,
        0,
        0,
        0,
        0,
        0,
        0
      ]
    },
    {
      "command": "with_nested_loop_join",
      "mean": 2.76007433848,
      "stddev": 2.7603184372866525,
      "median": 0.62878303908,
      "user": 0.0020810959999999997,
      "system": 0.001060376,
      "min": 0.61508858908,
      "max": 6.00857281208,
      "times": [
        0.61508858908,
        5.95699950308,
        6.00857281208,
        5.93730118008,
        0.62006962208,
        5.9659562500800005,
        0.62048279308,
        0.62789186708,
        0.62967421108,
        0.61870655708
      ],
      "exit_codes": [
        0,
        0,
        0,
        0,
        0,
        0,
        0,
        0,
        0,
        0
      ]
    },
    {
      "command": "with_hash_join",
      "mean": 4.630785295680001,
      "stddev": 0.3346661437096742,
      "median": 4.76046960608,
      "user": 0.001610168,
      "system": 0.0016414720000000002,
      "min": 3.75923782108,
      "max": 4.82011354508,
      "times": [
        4.76585246308,
        4.82011354508,
        4.35133416608,
        4.79290921408,
        4.78940550808,
        4.75508674908,
        4.78074502508,
        3.75923782108,
        4.75073716108,
        4.74243130408
      ],
      "exit_codes": [
        0,
        0,
        0,
        0,
        0,
        0,
        0,
        0,
        0,
        0
      ]
    }
  ]
}
