{
  "results": [
    {
      "command": "normal_run",
      "mean": 0.006531319420000001,
      "stddev": 0.0005062092923816743,
      "median": 0.006537985420000001,
      "user": 0.0026617819999999997,
      "system": 0.000315604,
      "min": 0.005912111420000001,
      "max": 0.007150025420000001,
      "times": [
        0.006055132420000001,
        0.005917743420000001,
        0.005912111420000001,
        0.006149160420000001,
        0.006409854420000001,
        0.007150025420000001,
        0.007075947420000001,
        0.007135306420000001,
        0.006841796420000001,
        0.0066661164200000015
      ],
      "exit_codes": [
        0,
        0,
        0,
        0,
        0,
        0,
        0,
        0,
        0,
        0
      ]
    },
    {
      "command": "with_nested_loop_join",
      "mean": 0.006683750319999999,
      "stddev": 0.0004704574467077408,
      "median": 0.00660691992,
      "user": 0.00118429,
      "system": 0.0018194640000000002,
      "min": 0.006052210420000001,
      "max": 0.007425920420000001,
      "times": [
        0.006052210420000001,
        0.00681608442,
        0.00661547742,
        0.006475073420000001,
        0.00659836242,
        0.00607995142,
        0.006389896420000001,
        0.007425920420000001,
        0.00721683742,
        0.0071676894200000014
      ],
      "exit_codes": [
        0,
        0,
        0,
        0,
        0,
        0,
        0,
        0,
        0,
        0
      ]
    },
    {
      "command": "with_hash_join",
      "mean": 9.81167385022,
      "stddev": 0.0745162975413752,
      "median": 9.80400019792,
      "user": 0.002057886,
      "system": 0.001072112,
      "min": 9.70444851242,
      "max": 9.93879207142,
      "times": [
        9.77805564942,
        9.76666741842,
        9.70444851242,
        9.73953421142,
        9.760216294420001,
        9.83171787142,
        9.89379061042,
        9.82994474642,
        9.87357111642,
        9.93879207142
      ],
      "exit_codes": [
        0,
        0,
        0,
        0,
        0,
        0,
        0,
        0,
        0,
        0
      ]
    }
  ]
}
