{
  "results": [
    {
      "command": "normal_run",
      "mean": 4.49798749456,
      "stddev": 0.2760231593255854,
      "median": 4.3961941929599995,
      "user": 0.0019126660000000004,
      "system": 0.0010379119999999998,
      "min": 4.23599295396,
      "max": 5.00695742996,
      "times": [
        4.48103311496,
        4.44947959396,
        4.33718410996,
        4.38564252896,
        4.30834091196,
        4.40674585696,
        4.36549366296,
        5.00300478196,
        4.23599295396,
        5.00695742996
      ],
      "exit_codes": [
        0,
        0,
        0,
        0,
        0,
        0,
        0,
        0,
        0,
        0
      ]
    },
    {
      "command": "with_nested_loop_join",
      "mean": 4.65128800616,
      "stddev": 0.2971117040141163,
      "median": 4.53709417746,
      "user": 0.00127479,
      "system": 0.0017092160000000002,
      "min": 4.26657176496,
      "max": 5.02793550096,
      "times": [
        4.98988093396,
        4.49897954496,
        5.00942305996,
        4.5644156119599995,
        4.4260297809599995,
        5.02793550096,
        4.88990868896,
        4.32996243196,
        4.50977274296,
        4.26657176496
      ],
      "exit_codes": [
        0,
        0,
        0,
        0,
        0,
        0,
        0,
        0,
        0,
        0
      ]
    },
    {
      "command": "with_hash_join",
      "mean": 14.58296649966,
      "stddev": 0.13314680037619198,
      "median": 14.53923234046,
      "user": 0.0015118279999999998,
      "system": 0.001450014,
      "min": 14.41947052796,
      "max": 14.82945101996,
      "times": [
        14.49456858696,
        14.49108422196,
        14.41947052796,
        14.48634504796,
        14.58389609396,
        14.47239555596,
        14.82945101996,
        14.63864274696,
        14.69230437296,
        14.72150682196
      ],
      "exit_codes": [
        0,
        0,
        0,
        0,
        0,
        0,
        0,
        0,
        0,
        0
      ]
    }
  ]
}
