{
  "results": [
    {
      "command": "normal_run",
      "mean": 6.97686023058,
      "stddev": 0.7161734962858611,
      "median": 6.81084810308,
      "user": 0.0026451,
      "system": 0.000648488,
      "min": 6.23945578958,
      "max": 8.32901982158,
      "times": [
        6.38604710258,
        6.50532769058,
        6.35694865658,
        6.23945578958,
        7.10096885458,
        6.62865519858,
        8.02571947658,
        6.9930410075800005,
        8.32901982158,
        7.20341870758
      ],
      "exit_codes": [
        0,
        0,
        0,
        0,
        0,
        0,
        0,
        0,
        0,
        0
      ]
    },
    {
      "command": "with_nested_loop_join",
      "mean": 6.889328148980001,
      "stddev": 0.649987658890582,
      "median": 6.74372804358,
      "user": 0.00242772,
      "system": 0.0006485099999999999,
      "min": 6.11145496058,
      "max": 8.01406765558,
      "times": [
        6.38783189958,
        8.01406765558,
        6.85932198058,
        6.62813410658,
        6.33753836258,
        6.39504142358,
        6.11145496058,
        7.813142360580001,
        7.01842240158,
        7.32832633858
      ],
      "exit_codes": [
        0,
        0,
        0,
        0,
        0,
        0,
        0,
        0,
        0,
        0
      ]
    },
    {
      "command": "with_hash_join",
      "mean": 22.382923407979998,
      "stddev": 6.470401035410804,
      "median": 23.18284155808,
      "user": 0.00241954,
      "system": 0.000685688,
      "min": 15.14459676658,
      "max": 32.62688578357999,
      "times": [
        32.62688578357999,
        32.375103812579994,
        15.40201976258,
        18.70758540758,
        23.98853269458,
        23.93318612358,
        23.79334016958,
        22.57234294658,
        15.14459676658,
        15.28564061258
      ],
      "exit_codes": [
        0,
        0,
        0,
        0,
        0,
        0,
        0,
        0,
        0,
        0
      ]
    }
  ]
}
