{
  "results": [
    {
      "command": "normal_run",
      "mean": 3.2299242078,
      "stddev": 0.3714749785278535,
      "median": 3.2068345286,
      "user": 0.0017982159999999996,
      "system": 0.00120247,
      "min": 2.6844038731,
      "max": 3.8555945491,
      "times": [
        2.6844038731,
        2.8717765071000003,
        3.0121327821,
        3.2234465321,
        3.6266427411000004,
        3.2547157221000003,
        3.6144301031,
        2.9658767431,
        3.1902225251000003,
        3.8555945491
      ],
      "exit_codes": [
        0,
        0,
        0,
        0,
        0,
        0,
        0,
        0,
        0,
        0
      ]
    },
    {
      "command": "with_nested_loop_join",
      "mean": 3.2064363041,
      "stddev": 0.41331641552325865,
      "median": 3.3188457911,
      "user": 0.002145052,
      "system": 0.000892276,
      "min": 2.4459179091000003,
      "max": 3.6365920261,
      "times": [
        3.6245053561000002,
        3.3462212101000004,
        3.3858486501000002,
        2.9421663141,
        3.6365920261,
        3.5318044921,
        2.6045851511,
        2.4459179091000003,
        3.2552515601,
        3.2914703721
      ],
      "exit_codes": [
        0,
        0,
        0,
        0,
        0,
        0,
        0,
        0,
        0,
        0
      ]
    },
    {
      "command": "with_hash_join",
      "mean": 11.6083599964,
      "stddev": 0.038692211436674735,
      "median": 11.5894215581,
      "user": 0.0023589880000000002,
      "system": 0.00079767,
      "min": 11.5707300681,
      "max": 11.6803543691,
      "times": [
        11.661433003099999,
        11.6803543691,
        11.5801819041,
        11.577200402099999,
        11.6227728631,
        11.5707300681,
        11.5805042761,
        11.6315799621,
        11.594557072099999,
        11.584286044099999
      ],
      "exit_codes": [
        0,
        0,
        0,
        0,
        0,
        0,
        0,
        0,
        0,
        0
      ]
    }
  ]
}
