{
  "results": [
    {
      "command": "normal_run",
      "mean": 10.04481710026,
      "stddev": 0.41210902998964194,
      "median": 9.98065424076,
      "user": 0.001930502,
      "system": 0.001134228,
      "min": 9.40519056126,
      "max": 10.72826285026,
      "times": [
        9.86108357026,
        10.11545149326,
        9.40519056126,
        9.80427491326,
        9.93543678526,
        10.23512745526,
        10.72826285026,
        10.65680549526,
        10.02587169626,
        9.68066618226
      ],
      "exit_codes": [
        0,
        0,
        0,
        0,
        0,
        0,
        0,
        0,
        0,
        0
      ]
    },
    {
      "command": "with_nested_loop_join",
      "mean": 8.75980440096,
      "stddev": 2.1239987808970073,
      "median": 9.897812312260001,
      "user": 0.0011875159999999998,
      "system": 0.001821404,
      "min": 5.64290445126,
      "max": 10.58799987726,
      "times": [
        9.77710528526,
        10.12770048326,
        10.29152183626,
        10.58799987726,
        9.891419603260001,
        5.64290445126,
        9.91531416926,
        5.67006820426,
        9.904205021260001,
        5.789805078260001
      ],
      "exit_codes": [
        0,
        0,
        0,
        0,
        0,
        0,
        0,
        0,
        0,
        0
      ]
    },
    {
      "command": "with_hash_join",
      "mean": 14.15885017096,
      "stddev": 0.10245952515952006,
      "median": 14.121144198260001,
      "user": 0.0017320159999999999,
      "system": 0.0014262659999999998,
      "min": 14.03922058626,
      "max": 14.370522427260001,
      "times": [
        14.16090302426,
        14.24693562226,
        14.12406387026,
        14.08783426926,
        14.370522427260001,
        14.25952385726,
        14.07930475126,
        14.10196877526,
        14.11822452626,
        14.03922058626
      ],
      "exit_codes": [
        0,
        0,
        0,
        0,
        0,
        0,
        0,
        0,
        0,
        0
      ]
    }
  ]
}
