{
  "results": [
    {
      "command": "normal_run",
      "mean": 30.099014300700002,
      "stddev": 10.821587417326587,
      "median": 28.273390234399997,
      "user": 0.00222188,
      "system": 0.00089801,
      "min": 23.8334028774,
      "max": 60.368501220400006,
      "times": [
        28.4013409584,
        24.5331321394,
        28.3475870364,
        28.646161928399998,
        60.368501220400006,
        23.8334028774,
        24.9041916374,
        28.8883343384,
        28.199193432399998,
        24.8682974384
      ],
      "exit_codes": [
        0,
        0,
        0,
        0,
        0,
        0,
        0,
        0,
        0,
        0
      ]
    },
    {
      "command": "with_nested_loop_join",
      "mean": 108.9955786852,
      "stddev": 2.8971518345467846,
      "median": 107.5271294109,
      "user": 0.0019895800000000003,
      "system": 0.00112011,
      "min": 106.6045569024,
      "max": 115.2144360204,
      "times": [
        115.2144360204,
        112.5405847374,
        110.5052313444,
        109.0265054594,
        107.6075352844,
        106.7854488204,
        106.6045569024,
        107.1138056554,
        107.4467235374,
        107.1109590904
      ],
      "exit_codes": [
        0,
        0,
        0,
        0,
        0,
        0,
        0,
        0,
        0,
        0
      ]
    },
    {
      "command": "with_hash_join",
      "mean": 21.4071466053,
      "stddev": 0.4933370278973805,
      "median": 21.179360329399998,
      "user": 0.0018991799999999997,
      "system": 0.0012130919999999998,
      "min": 20.9790280804,
      "max": 22.3159866704,
      "times": [
        21.6271827244,
        21.0448865464,
        21.1434558874,
        21.1583893844,
        21.2003312744,
        21.2038363464,
        21.1444702774,
        22.3159866704,
        22.2538988614,
        20.9790280804
      ],
      "exit_codes": [
        0,
        0,
        0,
        0,
        0,
        0,
        0,
        0,
        0,
        0
      ]
    }
  ]
}
