{
  "results": [
    {
      "command": "normal_run",
      "mean": 7.83982133808,
      "stddev": 2.0408615568392783,
      "median": 8.75014602898,
      "user": 0.0022118919999999996,
      "system": 0.000927012,
      "min": 2.33149038248,
      "max": 9.01091554748,
      "times": [
        2.33149038248,
        6.896518142480001,
        8.16844698848,
        8.74260459648,
        7.93391939648,
        8.79626003348,
        9.001048278479999,
        8.75768746148,
        9.01091554748,
        8.759322553479999
      ],
      "exit_codes": [
        0,
        0,
        0,
        0,
        0,
        0,
        0,
        0,
        0,
        0
      ]
    },
    {
      "command": "with_nested_loop_join",
      "mean": 8.70519641118,
      "stddev": 0.3158791120771277,
      "median": 8.61806040798,
      "user": 0.002550891999999999,
      "system": 0.000550456,
      "min": 8.26332254248,
      "max": 9.13927807348,
      "times": [
        8.97558859548,
        8.56801927648,
        8.492550932479999,
        9.13927807348,
        8.97833113848,
        9.097974703479998,
        8.422709531479999,
        8.446087778479999,
        8.668101539479999,
        8.26332254248
      ],
      "exit_codes": [
        0,
        0,
        0,
        0,
        0,
        0,
        0,
        0,
        0,
        0
      ]
    },
    {
      "command": "with_hash_join",
      "mean": 24.340987171080002,
      "stddev": 0.2680269430293035,
      "median": 24.35329472998,
      "user": 0.0023904159999999994,
      "system": 0.000757168,
      "min": 24.01657317248,
      "max": 24.795211346480002,
      "times": [
        24.795211346480002,
        24.593100164480003,
        24.63502038548,
        24.37865000248,
        24.37249741048,
        24.078032193480002,
        24.11776905448,
        24.01657317248,
        24.334092049480002,
        24.088925931480002
      ],
      "exit_codes": [
        0,
        0,
        0,
        0,
        0,
        0,
        0,
        0,
        0,
        0
      ]
    }
  ]
}
