{
  "results": [
    {
      "command": "normal_run",
      "mean": 0.23175455742000003,
      "stddev": 0.636247753360308,
      "median": 0.030500049620000004,
      "user": 0.0023563799999999995,
      "system": 0.00098448,
      "min": 0.028716628620000004,
      "max": 2.04254167762,
      "times": [
        0.028716628620000004,
        0.029970471620000005,
        0.029593426620000005,
        0.029193443620000002,
        0.03420010562,
        0.031029627620000003,
        0.02937392662,
        2.04254167762,
        0.03151257962,
        0.03141368662
      ],
      "exit_codes": [
        0,
        0,
        0,
        0,
        0,
        0,
        0,
        0,
        0,
        0
      ]
    },
    {
      "command": "with_nested_loop_join",
      "mean": 0.23773980962,
      "stddev": 0.6549387403739981,
      "median": 0.030833249620000003,
      "user": 0.002130869999999999,
      "system": 0.00098554,
      "min": 0.026335708620000002,
      "max": 2.10172005362,
      "times": [
        0.03140602862,
        0.03098959662,
        0.030676902620000005,
        0.030257294620000003,
        0.02932728562,
        0.026335708620000002,
        2.10172005362,
        0.03277069062,
        0.03343856962,
        0.03047596562
      ],
      "exit_codes": [
        0,
        0,
        0,
        0,
        0,
        0,
        0,
        0,
        0,
        0
      ]
    },
    {
      "command": "with_hash_join",
      "mean": 3.0500887928199996,
      "stddev": 0.02047473209679658,
      "median": 3.04313486062,
      "user": 0.00204258,
      "system": 0.00099346,
      "min": 3.03459184862,
      "max": 3.1061066456199997,
      "times": [
        3.1061066456199997,
        3.04077879762,
        3.04191062962,
        3.04410001762,
        3.04942030462,
        3.03459184862,
        3.04051948062,
        3.05564540562,
        3.04216970362,
        3.0456450946199998
      ],
      "exit_codes": [
        0,
        0,
        0,
        0,
        0,
        0,
        0,
        0,
        0,
        0
      ]
    }
  ]
}
