{
  "results": [
    {
      "command": "normal_run",
      "mean": 0.027139859720000003,
      "stddev": 0.002271009244241151,
      "median": 0.02776833582,
      "user": 0.0023553460000000003,
      "system": 0.0008524219999999999,
      "min": 0.02359910382,
      "max": 0.02955075082,
      "times": [
        0.024032143820000004,
        0.02784623782,
        0.02905131182,
        0.02455593582,
        0.02769043382,
        0.02359910382,
        0.02955075082,
        0.02698578082,
        0.028985830820000003,
        0.02910106782
      ],
      "exit_codes": [
        0,
        0,
        0,
        0,
        0,
        0,
        0,
        0,
        0,
        0
      ]
    },
    {
      "command": "with_nested_loop_join",
      "mean": 0.026375523020000003,
      "stddev": 0.0017055999597685929,
      "median": 0.025967501320000003,
      "user": 0.0025647020000000007,
      "system": 0.000627222,
      "min": 0.02298339982,
      "max": 0.028337467820000004,
      "times": [
        0.027883542820000003,
        0.027789824820000003,
        0.028337467820000004,
        0.025216018819999998,
        0.02556023382,
        0.02832218082,
        0.025727558820000003,
        0.025974444820000005,
        0.02596055782,
        0.02298339982
      ],
      "exit_codes": [
        0,
        0,
        0,
        0,
        0,
        0,
        0,
        0,
        0,
        0
      ]
    },
    {
      "command": "with_hash_join",
      "mean": 2.15152885042,
      "stddev": 0.04797838506493761,
      "median": 2.13969719532,
      "user": 0.0018618680000000002,
      "system": 0.0012309439999999999,
      "min": 2.0801844628199997,
      "max": 2.2322817438199998,
      "times": [
        2.2322817438199998,
        2.1326470238199997,
        2.13092342782,
        2.14606719282,
        2.13332719782,
        2.21448623082,
        2.17420758882,
        2.17416593482,
        2.09699770082,
        2.0801844628199997
      ],
      "exit_codes": [
        0,
        0,
        0,
        0,
        0,
        0,
        0,
        0,
        0,
        0
      ]
    }
  ]
}
