{
  "results": [
    {
      "command": "normal_run",
      "mean": 8.20935461986,
      "stddev": 0.1683052316945307,
      "median": 8.27179621626,
      "user": 0.0015140499999999999,
      "system": 0.001413924,
      "min": 7.91992142926,
      "max": 8.35458072226,
      "times": [
        8.33299247726,
        8.35458072226,
        7.91992142926,
        8.24773498826,
        8.29585744426,
        8.22303025826,
        8.09440505426,
        8.34146618226,
        8.34896073126,
        7.934596911260001
      ],
      "exit_codes": [
        0,
        0,
        0,
        0,
        0,
        0,
        0,
        0,
        0,
        0
      ]
    },
    {
      "command": "with_nested_loop_join",
      "mean": 8.240740708359999,
      "stddev": 0.07425461923551234,
      "median": 8.23548020626,
      "user": 0.00183848,
      "system": 0.0013245700000000002,
      "min": 8.10253878026,
      "max": 8.35989908026,
      "times": [
        8.28306862426,
        8.20730568326,
        8.26317128226,
        8.314249902259998,
        8.188675139259999,
        8.19727322526,
        8.20778913026,
        8.28343623626,
        8.35989908026,
        8.10253878026
      ],
      "exit_codes": [
        0,
        0,
        0,
        0,
        0,
        0,
        0,
        0,
        0,
        0
      ]
    },
    {
      "command": "with_hash_join",
      "mean": 19.97212648116,
      "stddev": 1.046669165736569,
      "median": 19.482029748259997,
      "user": 0.0021711699999999996,
      "system": 0.000815478,
      "min": 19.39001693326,
      "max": 21.963191445259998,
      "times": [
        19.45103652326,
        19.49409507926,
        21.94916472726,
        19.39001693326,
        19.46360586426,
        19.469964417259998,
        19.55218079526,
        19.45270496226,
        21.963191445259998,
        19.53530406426
      ],
      "exit_codes": [
        0,
        0,
        0,
        0,
        0,
        0,
        0,
        0,
        0,
        0
      ]
    }
  ]
}
