{
  "results": [
    {
      "command": "normal_run",
      "mean": 2.439518141,
      "stddev": 0.09848104161344194,
      "median": 2.4515900922,
      "user": 0.002188868,
      "system": 0.00071347,
      "min": 2.2881924167,
      "max": 2.5976478767,
      "times": [
        2.2881924167,
        2.4900634737,
        2.5365843757,
        2.4183619447,
        2.5976478767,
        2.3519238707,
        2.4848182397,
        2.3652285637,
        2.5072561017,
        2.3551045467000002
      ],
      "exit_codes": [
        0,
        0,
        0,
        0,
        0,
        0,
        0,
        0,
        0,
        0
      ]
    },
    {
      "command": "with_nested_loop_join",
      "mean": 2.4329834205,
      "stddev": 0.1998074298384261,
      "median": 2.3805212927,
      "user": 0.0017089120000000004,
      "system": 0.0012520839999999999,
      "min": 2.2348261447,
      "max": 2.6881151467,
      "times": [
        2.6738701657,
        2.2348261447,
        2.4701827397,
        2.2671083757,
        2.6881151467,
        2.2388815627,
        2.5413426607000003,
        2.2424536457,
        2.6821939177,
        2.2908598457
      ],
      "exit_codes": [
        0,
        0,
        0,
        0,
        0,
        0,
        0,
        0,
        0,
        0
      ]
    },
    {
      "command": "with_hash_join",
      "mean": 23.365395055599997,
      "stddev": 1.3041283305473084,
      "median": 23.874455295700002,
      "user": 0.0021837640000000004,
      "system": 0.0010783560000000001,
      "min": 21.9346416657,
      "max": 25.7533629607,
      "times": [
        24.0011835747,
        22.0302383107,
        24.2172454667,
        25.7533629607,
        23.8972981667,
        21.9346416657,
        23.8516124247,
        23.9762418947,
        21.9629856377,
        22.0291404537
      ],
      "exit_codes": [
        0,
        0,
        0,
        0,
        0,
        0,
        0,
        0,
        0,
        0
      ]
    }
  ]
}
