{
  "results": [
    {
      "command": "normal_run",
      "mean": 11.2543624831,
      "stddev": 23.825417335764552,
      "median": 3.7038660771,
      "user": 0.000820868,
      "system": 0.00221014,
      "min": 3.0688613990999998,
      "max": 79.0282419591,
      "times": [
        5.1294768501000005,
        3.0742260290999996,
        79.0282419591,
        3.0688613990999998,
        3.0691173861,
        4.3548040781,
        4.3093864431,
        3.0983457111,
        3.0727423580999997,
        4.3384226171
      ],
      "exit_codes": [
        0,
        0,
        0,
        0,
        0,
        0,
        0,
        0,
        0,
        0
      ]
    },
    {
      "command": "with_nested_loop_join",
      "mean": 3.8752971894,
      "stddev": 1.393067324141864,
      "median": 3.1029918261,
      "user": 0.0019107359999999997,
      "system": 0.0011704200000000001,
      "min": 2.9708381691,
      "max": 7.4066842501000005,
      "times": [
        3.1075017090999997,
        7.4066842501000005,
        3.0984819431,
        3.0284188131,
        4.3242006961,
        4.373559316100001,
        3.0032946271,
        2.9708381691,
        3.0099156100999997,
        4.4300767601
      ],
      "exit_codes": [
        0,
        0,
        0,
        0,
        0,
        0,
        0,
        0,
        0,
        0
      ]
    },
    {
      "command": "with_hash_join",
      "mean": 29.9014034251,
      "stddev": 1.4402754516808463,
      "median": 29.6303220586,
      "user": 0.0012095239999999998,
      "system": 0.00195461,
      "min": 26.7937844211,
      "max": 31.680857530100003,
      "times": [
        29.5800063571,
        29.7420388911,
        31.680857530100003,
        31.376992757100002,
        29.5304360151,
        26.7937844211,
        31.6397775231,
        29.4760403291,
        29.5134626671,
        29.6806377601
      ],
      "exit_codes": [
        0,
        0,
        0,
        0,
        0,
        0,
        0,
        0,
        0,
        0
      ]
    }
  ]
}
