{
  "results": [
    {
      "command": "normal_run",
      "mean": 0.07623389300000001,
      "stddev": 0.03138835274515742,
      "median": 0.064256416,
      "user": 0.0015829299999999998,
      "system": 0.001653892,
      "min": 0.058468705,
      "max": 0.159294027,
      "times": [
        0.159294027,
        0.060963859,
        0.06210477300000001,
        0.064883938,
        0.063485774,
        0.064153058,
        0.064359774,
        0.058468705,
        0.065467809,
        0.099157213
      ],
      "exit_codes": [
        0,
        0,
        0,
        0,
        0,
        0,
        0,
        0,
        0,
        0
      ]
    },
    {
      "command": "with_nested_loop_join",
      "mean": 0.043635202799999995,
      "stddev": 0.015115476778198852,
      "median": 0.03735416700000001,
      "user": 0.0025772879999999996,
      "system": 0.000664246,
      "min": 0.033620123,
      "max": 0.07606198,
      "times": [
        0.067536401,
        0.03856723200000001,
        0.037902838,
        0.03680549600000001,
        0.036557625,
        0.033620123,
        0.07606198,
        0.034769487,
        0.034248527,
        0.040282319000000004
      ],
      "exit_codes": [
        0,
        0,
        0,
        0,
        0,
        0,
        0,
        0,
        0,
        0
      ]
    },
    {
      "command": "with_hash_join",
      "mean": 2.0456562819999995,
      "stddev": 0.2690842568053981,
      "median": 2.1197879145,
      "user": 0.0026521739999999993,
      "system": 0.0004210459999999999,
      "min": 1.285543211,
      "max": 2.187632129,
      "times": [
        2.136998293,
        2.147328933,
        1.285543211,
        2.1723604329999997,
        2.0803698199999996,
        2.111797883,
        2.1051504249999997,
        2.187632129,
        2.101603747,
        2.1277779459999997
      ],
      "exit_codes": [
        0,
        0,
        0,
        0,
        0,
        0,
        0,
        0,
        0,
        0
      ]
    }
  ]
}
