{
  "results": [
    {
      "command": "normal_run",
      "mean": 6.754470985060001,
      "stddev": 3.7741586002104044,
      "median": 5.015383641860001,
      "user": 0.001344692,
      "system": 0.0017160559999999999,
      "min": 4.82388414736,
      "max": 15.657576090360001,
      "times": [
        4.99720296436,
        15.657576090360001,
        4.82388414736,
        4.915960114360001,
        11.71521127436,
        5.033564319360001,
        5.50116141536,
        4.92850124936,
        5.04177688736,
        4.9298713883600005
      ],
      "exit_codes": [
        0,
        0,
        0,
        0,
        0,
        0,
        0,
        0,
        0,
        0
      ]
    },
    {
      "command": "with_nested_loop_join",
      "mean": 4.68678275746,
      "stddev": 0.9528341887864871,
      "median": 4.380838696360001,
      "user": 0.0020170920000000003,
      "system": 0.00097426,
      "min": 3.65518751136,
      "max": 6.80736298436,
      "times": [
        4.4298964753600005,
        4.301844953360001,
        4.86266753736,
        3.97856958036,
        3.65518751136,
        5.76034432336,
        4.808358844360001,
        4.331780917360001,
        6.80736298436,
        3.93181444736
      ],
      "exit_codes": [
        0,
        0,
        0,
        0,
        0,
        0,
        0,
        0,
        0,
        0
      ]
    },
    {
      "command": "with_hash_join",
      "mean": 54.58069210696,
      "stddev": 34.68174676509766,
      "median": 77.37042950686,
      "user": 0.002443948,
      "system": 0.000653396,
      "min": 14.271295741360001,
      "max": 83.68461604136,
      "times": [
        14.37403065136,
        82.93898858336,
        83.68461604136,
        14.425558326360001,
        83.31050083736,
        83.63228868536,
        77.31748472036,
        77.42337429336,
        14.42878318936,
        14.271295741360001
      ],
      "exit_codes": [
        0,
        0,
        0,
        0,
        0,
        0,
        0,
        0,
        0,
        0
      ]
    }
  ]
}
