{
  "results": [
    {
      "command": "normal_run",
      "mean": 36.3954702302,
      "stddev": 81.1961930549788,
      "median": 10.014778705100001,
      "user": 0.0017941020000000001,
      "system": 0.001183708,
      "min": 6.7692850421,
      "max": 267.23672193209995,
      "times": [
        12.180988414100002,
        8.106161467100002,
        9.9501520411,
        13.571423793100001,
        19.637202027100003,
        10.079405369100002,
        7.4847931551,
        6.7692850421,
        267.23672193209995,
        8.9385690611
      ],
      "exit_codes": [
        0,
        0,
        0,
        0,
        0,
        0,
        0,
        0,
        0,
        0
      ]
    },
    {
      "command": "with_nested_loop_join",
      "mean": 86.313747474,
      "stddev": 127.58572448775368,
      "median": 6.6891735781,
      "user": 0.0023257799999999995,
      "system": 0.00070682,
      "min": 5.8133159021,
      "max": 274.8716672651,
      "times": [
        6.3870251961,
        274.71072032809997,
        11.5111700061,
        5.8133159021,
        6.3011524601,
        6.8048949810999995,
        274.8716672651,
        6.3329813531,
        6.5734521751,
        263.83109507309996
      ],
      "exit_codes": [
        0,
        0,
        0,
        0,
        0,
        0,
        0,
        0,
        0,
        0
      ]
    },
    {
      "command": "with_hash_join",
      "mean": 101.48314659950002,
      "stddev": 15.186361419657969,
      "median": 105.6970192991,
      "user": 0.002625202,
      "system": 0.000596332,
      "min": 80.9249167991,
      "max": 125.84254246110001,
      "times": [
        80.9249167991,
        106.3301906551,
        106.0060120111,
        82.3338621041,
        125.84254246110001,
        105.36205675010001,
        105.6507149281,
        105.74332367010001,
        81.3134001101,
        115.3244465061
      ],
      "exit_codes": [
        0,
        0,
        0,
        0,
        0,
        0,
        0,
        0,
        0,
        0
      ]
    }
  ]
}
