{
  "results": [
    {
      "command": "normal_run",
      "mean": 0.5500386500600001,
      "stddev": 0.013230408926338946,
      "median": 0.5488823524600001,
      "user": 0.0025068499999999993,
      "system": 0.0007496499999999999,
      "min": 0.53614226296,
      "max": 0.58150822796,
      "times": [
        0.5422347859600001,
        0.5398616899600001,
        0.55257007396,
        0.54722931496,
        0.55787998996,
        0.5505353899600001,
        0.5383968759600001,
        0.58150822796,
        0.55402788896,
        0.53614226296
      ],
      "exit_codes": [
        0,
        0,
        0,
        0,
        0,
        0,
        0,
        0,
        0,
        0
      ]
    },
    {
      "command": "with_nested_loop_join",
      "mean": 9.250845080660001,
      "stddev": 0.5319570480313066,
      "median": 9.34102822946,
      "user": 0.00181615,
      "system": 0.0012673,
      "min": 8.65352246696,
      "max": 10.39172825796,
      "times": [
        10.39172825796,
        8.90230266296,
        9.46365705296,
        9.33998308096,
        8.719711804960001,
        9.419695538960001,
        9.56755415796,
        8.70822240496,
        8.65352246696,
        9.34207337796
      ],
      "exit_codes": [
        0,
        0,
        0,
        0,
        0,
        0,
        0,
        0,
        0,
        0
      ]
    },
    {
      "command": "with_hash_join",
      "mean": 2.43581478486,
      "stddev": 0.2583580702791443,
      "median": 2.24620965696,
      "user": 0.0025349500000000002,
      "system": 0.0010024,
      "min": 2.22757588596,
      "max": 2.7605381759600003,
      "times": [
        2.72346782196,
        2.23553752596,
        2.22943306196,
        2.7430563819600002,
        2.23733082796,
        2.7605381759600003,
        2.23093075996,
        2.71518892096,
        2.22757588596,
        2.25508848596
      ],
      "exit_codes": [
        0,
        0,
        0,
        0,
        0,
        0,
        0,
        0,
        0,
        0
      ]
    }
  ]
}
