{
  "results": [
    {
      "command": "normal_run",
      "mean": 0.22389447292000003,
      "stddev": 0.0068818125240734185,
      "median": 0.22011660622,
      "user": 0.0018992480000000003,
      "system": 0.0013847,
      "min": 0.21611879522,
      "max": 0.23607595522,
      "times": [
        0.21929956222,
        0.22022379922000002,
        0.22575921922,
        0.23052618622,
        0.21914607622,
        0.21919538422,
        0.21611879522,
        0.23607595522,
        0.22000941322,
        0.23259033822
      ],
      "exit_codes": [
        0,
        0,
        0,
        0,
        0,
        0,
        0,
        0,
        0,
        0
      ]
    },
    {
      "command": "with_nested_loop_join",
      "mean": 0.06785847642000001,
      "stddev": 0.0009827123566427745,
      "median": 0.06772852922,
      "user": 0.0026950639999999996,
      "system": 0.0008779800000000001,
      "min": 0.06612571322000001,
      "max": 0.06983291122,
      "times": [
        0.06983291122,
        0.06841872422,
        0.06816185422000001,
        0.06773572322,
        0.06685703622000001,
        0.06838648622,
        0.06767312122000001,
        0.06767185922,
        0.06772133522000001,
        0.06612571322000001
      ],
      "exit_codes": [
        0,
        0,
        0,
        0,
        0,
        0,
        0,
        0,
        0,
        0
      ]
    },
    {
      "command": "with_hash_join",
      "mean": 1.3265383313199999,
      "stddev": 0.012440749738754914,
      "median": 1.32883671822,
      "user": 0.0021215640000000003,
      "system": 0.00124942,
      "min": 1.30787005022,
      "max": 1.34587092522,
      "times": [
        1.33958144422,
        1.33583017122,
        1.32808124822,
        1.3295921882200001,
        1.32997385822,
        1.30787005022,
        1.32160089522,
        1.31708958022,
        1.30989295222,
        1.34587092522
      ],
      "exit_codes": [
        0,
        0,
        0,
        0,
        0,
        0,
        0,
        0,
        0,
        0
      ]
    }
  ]
}
