{
  "results": [
    {
      "command": "normal_run",
      "mean": 8.99290328816,
      "stddev": 0.32883736460427515,
      "median": 9.03995685096,
      "user": 0.0015626000000000001,
      "system": 0.0017047640000000003,
      "min": 8.44550006896,
      "max": 9.42806935396,
      "times": [
        8.63854137196,
        9.34241168196,
        9.24303570096,
        8.72237463896,
        9.12245661696,
        8.44550006896,
        9.42806935396,
        8.95745708496,
        8.81244909696,
        9.21673726596
      ],
      "exit_codes": [
        0,
        0,
        0,
        0,
        0,
        0,
        0,
        0,
        0,
        0
      ]
    },
    {
      "command": "with_nested_loop_join",
      "mean": 65.29272331856001,
      "stddev": 2.61022789176151,
      "median": 65.02412434246,
      "user": 0.0020944400000000004,
      "system": 0.001330008,
      "min": 61.81684017796,
      "max": 71.00976236796001,
      "times": [
        65.37075305396,
        63.41518416696,
        64.68986060996001,
        65.35838807496,
        64.36091118096,
        62.98175498596,
        66.30112004196,
        71.00976236796001,
        61.81684017796,
        67.62265852496
      ],
      "exit_codes": [
        0,
        0,
        0,
        0,
        0,
        0,
        0,
        0,
        0,
        0
      ]
    },
    {
      "command": "with_hash_join",
      "mean": 3.55580877476,
      "stddev": 0.6456148744812052,
      "median": 3.17939576396,
      "user": 0.0027800999999999998,
      "system": 0.000534756,
      "min": 3.1218496029600002,
      "max": 4.52937365696,
      "times": [
        4.48268677796,
        3.13658679296,
        3.1623432939600002,
        4.52937365696,
        3.1218496029600002,
        3.13215708796,
        3.13527167796,
        4.45876434496,
        3.19644823396,
        3.20260627796
      ],
      "exit_codes": [
        0,
        0,
        0,
        0,
        0,
        0,
        0,
        0,
        0,
        0
      ]
    }
  ]
}
