{
  "results": [
    {
      "command": "normal_run",
      "mean": 10.55427020286,
      "stddev": 0.0924986976162584,
      "median": 10.550865156059999,
      "user": 0.001913484,
      "system": 0.0014898600000000002,
      "min": 10.38624405056,
      "max": 10.71394052556,
      "times": [
        10.50173437256,
        10.58813609956,
        10.51679228756,
        10.65541394556,
        10.49537388656,
        10.71394052556,
        10.59062579056,
        10.38624405056,
        10.58493802456,
        10.50950304556
      ],
      "exit_codes": [
        0,
        0,
        0,
        0,
        0,
        0,
        0,
        0,
        0,
        0
      ]
    },
    {
      "command": "with_nested_loop_join",
      "mean": 10.802645665659998,
      "stddev": 1.25791438439514,
      "median": 10.701971011560001,
      "user": 0.0021875960000000004,
      "system": 0.00097316,
      "min": 7.65738569156,
      "max": 12.09184104256,
      "times": [
        12.09184104256,
        11.98023147856,
        7.65738569156,
        11.82178149056,
        10.70353529956,
        10.69492549556,
        10.57081611256,
        10.62398940656,
        10.70040672356,
        11.18154391556
      ],
      "exit_codes": [
        0,
        0,
        0,
        0,
        0,
        0,
        0,
        0,
        0,
        0
      ]
    },
    {
      "command": "with_hash_join",
      "mean": 28.561235701259996,
      "stddev": 0.25277088136481274,
      "median": 28.499112746559998,
      "user": 0.002037484,
      "system": 0.00128466,
      "min": 28.300769977559998,
      "max": 29.10338700656,
      "times": [
        28.300769977559998,
        28.399093428559997,
        28.51739403456,
        28.355677311559997,
        28.54296354056,
        29.10338700656,
        28.87963617756,
        28.392638119559997,
        28.639965957559998,
        28.480831458559997
      ],
      "exit_codes": [
        0,
        0,
        0,
        0,
        0,
        0,
        0,
        0,
        0,
        0
      ]
    }
  ]
}
