{
  "results": [
    {
      "command": "normal_run",
      "mean": 0.02752594886,
      "stddev": 0.0005431372400935964,
      "median": 0.02755295096,
      "user": 0.0018514520000000004,
      "system": 0.0014547800000000001,
      "min": 0.02656262946,
      "max": 0.028267674460000003,
      "times": [
        0.02656262946,
        0.02685918146,
        0.027179689460000003,
        0.02749070646,
        0.02775048746,
        0.02820542946,
        0.028267674460000003,
        0.02783778846,
        0.02754047246,
        0.02756542946
      ],
      "exit_codes": [
        0,
        0,
        0,
        0,
        0,
        0,
        0,
        0,
        0,
        0
      ]
    },
    {
      "command": "with_nested_loop_join",
      "mean": 0.5812260814600001,
      "stddev": 0.004958027424460728,
      "median": 0.58038663396,
      "user": 0.001757152,
      "system": 0.0015437099999999998,
      "min": 0.5747643624600001,
      "max": 0.58939774846,
      "times": [
        0.58061624846,
        0.57628063346,
        0.57587939646,
        0.58015701946,
        0.58939774846,
        0.5747643624600001,
        0.58587526246,
        0.58692259946,
        0.57975543346,
        0.58261211046
      ],
      "exit_codes": [
        0,
        0,
        0,
        0,
        0,
        0,
        0,
        0,
        0,
        0
      ]
    },
    {
      "command": "with_hash_join",
      "mean": 0.028993033060000006,
      "stddev": 0.0014859598634391312,
      "median": 0.028436316960000003,
      "user": 0.0027865279999999995,
      "system": 0.00067339,
      "min": 0.02797154946,
      "max": 0.03292058646,
      "times": [
        0.028338744460000002,
        0.028533889460000003,
        0.029441822460000003,
        0.02798970646,
        0.02797154946,
        0.02805642246,
        0.028236256460000005,
        0.029181881460000003,
        0.02925947146,
        0.03292058646
      ],
      "exit_codes": [
        0,
        0,
        0,
        0,
        0,
        0,
        0,
        0,
        0,
        0
      ]
    }
  ]
}
