{
  "results": [
    {
      "command": "normal_run",
      "mean": 1.1204034580200002,
      "stddev": 0.2561408646717353,
      "median": 0.9951216333200001,
      "user": 0.00279586,
      "system": 0.0005827839999999999,
      "min": 0.97390999832,
      "max": 1.6203350133200003,
      "times": [
        0.97390999832,
        0.9918450053200001,
        0.9983982613200001,
        1.05896265932,
        1.03347355032,
        1.6203350133200003,
        0.9827461323200001,
        0.9790172033200001,
        1.58659310332,
        0.9787536533200001
      ],
      "exit_codes": [
        0,
        0,
        0,
        0,
        0,
        0,
        0,
        0,
        0,
        0
      ]
    },
    {
      "command": "with_nested_loop_join",
      "mean": 0.25269543182,
      "stddev": 0.008370927043220061,
      "median": 0.25015494332,
      "user": 0.0023451,
      "system": 0.0010583099999999998,
      "min": 0.24402653432000002,
      "max": 0.26987731732,
      "times": [
        0.24665486632000003,
        0.24606044832,
        0.24924066332000003,
        0.25106922332,
        0.26303657632,
        0.25253789732,
        0.26987731732,
        0.25760068332,
        0.24402653432000002,
        0.24685010832
      ],
      "exit_codes": [
        0,
        0,
        0,
        0,
        0,
        0,
        0,
        0,
        0,
        0
      ]
    },
    {
      "command": "with_hash_join",
      "mean": 8.74368451522,
      "stddev": 0.0971250750521231,
      "median": 8.734146241319998,
      "user": 0.00234106,
      "system": 0.0009200679999999999,
      "min": 8.63156885232,
      "max": 8.905531158319999,
      "times": [
        8.699293981319999,
        8.80284162432,
        8.905531158319999,
        8.63156885232,
        8.65713733532,
        8.768998501319999,
        8.87141741432,
        8.64361378832,
        8.78172778832,
        8.67471470832
      ],
      "exit_codes": [
        0,
        0,
        0,
        0,
        0,
        0,
        0,
        0,
        0,
        0
      ]
    }
  ]
}
