{
  "results": [
    {
      "command": "normal_run",
      "mean": 2.3852342156799997,
      "stddev": 0.27884275185453666,
      "median": 2.3941943621800004,
      "user": 0.0027888720000000004,
      "system": 0.0006210359999999999,
      "min": 2.09036982368,
      "max": 2.68146709768,
      "times": [
        2.1237836316800003,
        2.62247917468,
        2.09036982368,
        2.6498175456800004,
        2.63765072868,
        2.65267779968,
        2.11940935168,
        2.68146709768,
        2.1659095496800003,
        2.10877745368
      ],
      "exit_codes": [
        0,
        0,
        0,
        0,
        0,
        0,
        0,
        0,
        0,
        0
      ]
    },
    {
      "command": "with_nested_loop_join",
      "mean": 1.12568717658,
      "stddev": 0.06295081680375733,
      "median": 1.1267622621800002,
      "user": 0.002006204,
      "system": 0.00153769,
      "min": 1.03343429068,
      "max": 1.2403523626800002,
      "times": [
        1.2403523626800002,
        1.1160113446800002,
        1.16347127568,
        1.13825549168,
        1.18934253268,
        1.09161751168,
        1.13751317968,
        1.03343429068,
        1.0459183516800001,
        1.1009554246800002
      ],
      "exit_codes": [
        0,
        0,
        0,
        0,
        0,
        0,
        0,
        0,
        0,
        0
      ]
    },
    {
      "command": "with_hash_join",
      "mean": 10.042323941780001,
      "stddev": 0.06937600801521145,
      "median": 10.037586948680001,
      "user": 0.0015900699999999996,
      "system": 0.0016083259999999998,
      "min": 9.92307862068,
      "max": 10.16166325868,
      "times": [
        10.16166325868,
        10.14770651668,
        10.04869655068,
        10.01579741368,
        9.92307862068,
        10.00559585468,
        10.00256046968,
        10.033661156680001,
        10.04151274068,
        10.04296683568
      ],
      "exit_codes": [
        0,
        0,
        0,
        0,
        0,
        0,
        0,
        0,
        0,
        0
      ]
    }
  ]
}
