{
  "results": [
    {
      "command": "normal_run",
      "mean": 3.15310580858,
      "stddev": 0.31136626839371645,
      "median": 3.1580389151799997,
      "user": 0.0024791200000000005,
      "system": 0.0004645760000000001,
      "min": 2.51858939718,
      "max": 3.63511436218,
      "times": [
        3.63511436218,
        2.9218454331799997,
        3.36982567418,
        2.51858939718,
        3.02009229418,
        3.29262224818,
        3.23267999718,
        3.0316617931799996,
        3.42522905318,
        3.08339783318
      ],
      "exit_codes": [
        0,
        0,
        0,
        0,
        0,
        0,
        0,
        0,
        0,
        0
      ]
    },
    {
      "command": "with_nested_loop_join",
      "mean": 3.07367880558,
      "stddev": 0.2846381932763155,
      "median": 3.1205593181799998,
      "user": 0.00156646,
      "system": 0.00140162,
      "min": 2.53385916418,
      "max": 3.40751346518,
      "times": [
        3.04380344518,
        2.53385916418,
        2.99597274418,
        2.6652114561799998,
        3.0491737511799997,
        3.19194488518,
        3.22652499718,
        3.40751346518,
        3.33948497818,
        3.2832991691799998
      ],
      "exit_codes": [
        0,
        0,
        0,
        0,
        0,
        0,
        0,
        0,
        0,
        0
      ]
    },
    {
      "command": "with_hash_join",
      "mean": 2.17620868208,
      "stddev": 0.013362349864302564,
      "median": 2.17388029318,
      "user": 0.0029885479999999997,
      "system": 0.00043413199999999994,
      "min": 2.15033917918,
      "max": 2.1942904241799996,
      "times": [
        2.1913720401799996,
        2.1841585011799998,
        2.17127436518,
        2.1746605521799998,
        2.17310003418,
        2.1942904241799996,
        2.16623049718,
        2.18762272518,
        2.15033917918,
        2.16903850218
      ],
      "exit_codes": [
        0,
        0,
        0,
        0,
        0,
        0,
        0,
        0,
        0,
        0
      ]
    }
  ]
}
