{
  "results": [
    {
      "command": "normal_run",
      "mean": 7.858013145860001,
      "stddev": 0.8803348146282676,
      "median": 7.501698683660001,
      "user": 0.0019783879999999998,
      "system": 0.001118332,
      "min": 6.886091777660001,
      "max": 9.19296426266,
      "times": [
        9.15810524966,
        7.5939730046600005,
        7.40942436266,
        7.1577417936600005,
        7.15198400366,
        7.30446937966,
        6.886091777660001,
        8.85377301966,
        7.871604604660001,
        9.19296426266
      ],
      "exit_codes": [
        0,
        0,
        0,
        0,
        0,
        0,
        0,
        0,
        0,
        0
      ]
    },
    {
      "command": "with_nested_loop_join",
      "mean": 8.68049954366,
      "stddev": 0.11434213874110638,
      "median": 8.681915378160001,
      "user": 0.0022405019999999997,
      "system": 0.000947888,
      "min": 8.48556640566,
      "max": 8.93849447166,
      "times": [
        8.724513505660001,
        8.60445127766,
        8.689496549660001,
        8.674334206660001,
        8.70344241566,
        8.62912609566,
        8.64548243166,
        8.71008807666,
        8.93849447166,
        8.48556640566
      ],
      "exit_codes": [
        0,
        0,
        0,
        0,
        0,
        0,
        0,
        0,
        0,
        0
      ]
    },
    {
      "command": "with_hash_join",
      "mean": 6.10881850416,
      "stddev": 0.06234438082238974,
      "median": 6.13896235116,
      "user": 0.0024598739999999995,
      "system": 0.0006550540000000001,
      "min": 6.010052749660001,
      "max": 6.17054238466,
      "times": [
        6.04760491566,
        6.15570457866,
        6.17054238466,
        6.16125589966,
        6.15297537066,
        6.14758092966,
        6.09630929566,
        6.01581514466,
        6.010052749660001,
        6.130343772660001
      ],
      "exit_codes": [
        0,
        0,
        0,
        0,
        0,
        0,
        0,
        0,
        0,
        0
      ]
    }
  ]
}
