{
  "results": [
    {
      "command": "normal_run",
      "mean": 1.78809185404,
      "stddev": 0.01526664588494684,
      "median": 1.78962637874,
      "user": 0.0018402460000000002,
      "system": 0.0016647119999999998,
      "min": 1.76293447974,
      "max": 1.81756647074,
      "times": [
        1.78133021074,
        1.76293447974,
        1.7895447467399999,
        1.77760544774,
        1.78970801074,
        1.77316981774,
        1.7941454557399998,
        1.79811157474,
        1.7968023257399999,
        1.81756647074
      ],
      "exit_codes": [
        0,
        0,
        0,
        0,
        0,
        0,
        0,
        0,
        0,
        0
      ]
    },
    {
      "command": "with_nested_loop_join",
      "mean": 1.8143989168399997,
      "stddev": 0.018359254805468076,
      "median": 1.8079839022400002,
      "user": 0.0023179399999999997,
      "system": 0.001117612,
      "min": 1.7928467827399999,
      "max": 1.8539561287400002,
      "times": [
        1.82285726374,
        1.8539561287400002,
        1.8028143757400001,
        1.80806427074,
        1.79762150874,
        1.81767191674,
        1.7928467827399999,
        1.8067397437400001,
        1.80790353374,
        1.83351364374
      ],
      "exit_codes": [
        0,
        0,
        0,
        0,
        0,
        0,
        0,
        0,
        0,
        0
      ]
    },
    {
      "command": "with_hash_join",
      "mean": 11.791927437640002,
      "stddev": 0.11525348157990571,
      "median": 11.80098363624,
      "user": 0.001809852,
      "system": 0.001728516,
      "min": 11.601077120740001,
      "max": 11.93240875074,
      "times": [
        11.93240875074,
        11.828390346740001,
        11.81587839174,
        11.69244871974,
        11.92310217274,
        11.78608888074,
        11.72293039074,
        11.92898022074,
        11.601077120740001,
        11.68796938174
      ],
      "exit_codes": [
        0,
        0,
        0,
        0,
        0,
        0,
        0,
        0,
        0,
        0
      ]
    }
  ]
}
