{
  "results": [
    {
      "command": "normal_run",
      "mean": 1.7622476476000002,
      "stddev": 0.015758518663058774,
      "median": 1.7651720836,
      "user": 0.002584812,
      "system": 0.0008243699999999999,
      "min": 1.7337386751000001,
      "max": 1.7873754341,
      "times": [
        1.7415057861,
        1.7702752251000002,
        1.7750351101000001,
        1.7574961071000001,
        1.7567510781000002,
        1.7638818681,
        1.7337386751000001,
        1.7873754341,
        1.7664622991,
        1.7699548931
      ],
      "exit_codes": [
        0,
        0,
        0,
        0,
        0,
        0,
        0,
        0,
        0,
        0
      ]
    },
    {
      "command": "with_nested_loop_join",
      "mean": 1.7715975688,
      "stddev": 0.016170513652067984,
      "median": 1.7728511196,
      "user": 0.0017733839999999998,
      "system": 0.0016142039999999997,
      "min": 1.7418917591,
      "max": 1.7944372911,
      "times": [
        1.7418917591,
        1.7609798961,
        1.7629233161000002,
        1.7677232441,
        1.7910025601,
        1.7944372911,
        1.7824284801,
        1.7585575721,
        1.7780525741000002,
        1.7779789951000002
      ],
      "exit_codes": [
        0,
        0,
        0,
        0,
        0,
        0,
        0,
        0,
        0,
        0
      ]
    },
    {
      "command": "with_hash_join",
      "mean": 3.401246778,
      "stddev": 0.028403739733057702,
      "median": 3.3973095726,
      "user": 0.001791912,
      "system": 0.0013257719999999998,
      "min": 3.3654824771,
      "max": 3.4633805271,
      "times": [
        3.4112154261,
        3.4195330351,
        3.4001550991,
        3.3869519671,
        3.3944640461,
        3.3654824771,
        3.4125237141,
        3.3661039271,
        3.3926575611,
        3.4633805271
      ],
      "exit_codes": [
        0,
        0,
        0,
        0,
        0,
        0,
        0,
        0,
        0,
        0
      ]
    }
  ]
}
