{
  "results": [
    {
      "command": "normal_run",
      "mean": 1.04173337878,
      "stddev": 0.017084452426245587,
      "median": 1.04302052908,
      "user": 0.002133453999999999,
      "system": 0.00126133,
      "min": 1.00899748708,
      "max": 1.06031635908,
      "times": [
        1.01770027708,
        1.0590892890799999,
        1.04249659908,
        1.0460011520799999,
        1.04121028308,
        1.03890214608,
        1.04354445908,
        1.05907573608,
        1.00899748708,
        1.06031635908
      ],
      "exit_codes": [
        0,
        0,
        0,
        0,
        0,
        0,
        0,
        0,
        0,
        0
      ]
    },
    {
      "command": "with_nested_loop_join",
      "mean": 0.05577169148000001,
      "stddev": 0.001927591074647732,
      "median": 0.05600965858000001,
      "user": 0.0031487599999999996,
      "system": 0.00019573,
      "min": 0.05332061408000001,
      "max": 0.05807106008000001,
      "times": [
        0.054458673080000006,
        0.05806880308000001,
        0.05807106008000001,
        0.05332061408000001,
        0.053439859080000006,
        0.057037249080000005,
        0.05609147608000001,
        0.055927841080000006,
        0.05365695008000001,
        0.057644389080000004
      ],
      "exit_codes": [
        0,
        0,
        0,
        0,
        0,
        0,
        0,
        0,
        0,
        0
      ]
    },
    {
      "command": "with_hash_join",
      "mean": 1.03501653188,
      "stddev": 0.017656608773570146,
      "median": 1.0351367635800002,
      "user": 0.0021273479999999994,
      "system": 0.00131723,
      "min": 1.01013056308,
      "max": 1.06399107408,
      "times": [
        1.01496542108,
        1.02780232208,
        1.02418136508,
        1.02197208308,
        1.01013056308,
        1.04247120508,
        1.04601667008,
        1.06399107408,
        1.04617747908,
        1.05245713608
      ],
      "exit_codes": [
        0,
        0,
        0,
        0,
        0,
        0,
        0,
        0,
        0,
        0
      ]
    }
  ]
}
