{
  "results": [
    {
      "command": "normal_run",
      "mean": 1.86798810312,
      "stddev": 0.6767259573342549,
      "median": 1.8765184910200001,
      "user": 0.00255926,
      "system": 0.0009544500000000001,
      "min": 1.19903869752,
      "max": 2.5323267515200003,
      "times": [
        1.2000889185199999,
        2.5055520705200003,
        2.4960161425200003,
        1.2295753515199999,
        2.5323267515200003,
        1.25702083952,
        1.24558204852,
        1.19903869752,
        2.50868025952,
        2.50599995152
      ],
      "exit_codes": [
        0,
        0,
        0,
        0,
        0,
        0,
        0,
        0,
        0,
        0
      ]
    },
    {
      "command": "with_nested_loop_join",
      "mean": 1.22422805812,
      "stddev": 0.01613010082886284,
      "median": 1.2220665555199999,
      "user": 0.0019940599999999998,
      "system": 0.0014822599999999998,
      "min": 1.2028980865199999,
      "max": 1.2450724445199999,
      "times": [
        1.2450724445199999,
        1.2397112235199998,
        1.21485187752,
        1.20713295952,
        1.2028980865199999,
        1.2157944945199999,
        1.20850175352,
        1.23977358952,
        1.2283386165199999,
        1.24020553552
      ],
      "exit_codes": [
        0,
        0,
        0,
        0,
        0,
        0,
        0,
        0,
        0,
        0
      ]
    },
    {
      "command": "with_hash_join",
      "mean": 2.48663282512,
      "stddev": 0.019052920531731576,
      "median": 2.47935962902,
      "user": 0.00226969,
      "system": 0.00126014,
      "min": 2.4583636015200003,
      "max": 2.52348639652,
      "times": [
        2.47752615152,
        2.48008933552,
        2.47862992252,
        2.47694636352,
        2.48213926152,
        2.52348639652,
        2.47812117052,
        2.50872256852,
        2.4583636015200003,
        2.50230347952
      ],
      "exit_codes": [
        0,
        0,
        0,
        0,
        0,
        0,
        0,
        0,
        0,
        0
      ]
    }
  ]
}
