{
  "results": [
    {
      "command": "normal_run",
      "mean": 0.9293920821800002,
      "stddev": 0.37564464292340227,
      "median": 0.7504282253800001,
      "user": 0.00220348,
      "system": 0.0013328699999999999,
      "min": 0.7170383488800001,
      "max": 1.64927766088,
      "times": [
        0.7463007448800001,
        0.7295352798800001,
        1.64927766088,
        1.62907980988,
        0.7545557058800001,
        0.8322983478800001,
        0.7170383488800001,
        0.7256098278800001,
        0.7290956418800001,
        0.7811294538800001
      ],
      "exit_codes": [
        0,
        0,
        0,
        0,
        0,
        0,
        0,
        0,
        0,
        0
      ]
    },
    {
      "command": "with_nested_loop_join",
      "mean": 1.18201345138,
      "stddev": 0.4883706244804013,
      "median": 1.19054573838,
      "user": 0.0029689819999999994,
      "system": 0.0007590479999999999,
      "min": 0.6858295648800001,
      "max": 1.67072505088,
      "times": [
        1.61626955888,
        1.66577463688,
        1.6298417008800001,
        1.67072505088,
        1.6408909438800001,
        0.7648219178800001,
        0.7251911848800001,
        0.6858295648800001,
        0.7001467948800001,
        0.72064315988
      ],
      "exit_codes": [
        0,
        0,
        0,
        0,
        0,
        0,
        0,
        0,
        0,
        0
      ]
    },
    {
      "command": "with_hash_join",
      "mean": 2.6999677604800003,
      "stddev": 0.020609590212753978,
      "median": 2.6994620618800003,
      "user": 0.00241938,
      "system": 0.001036544,
      "min": 2.67637027788,
      "max": 2.7469703288800003,
      "times": [
        2.70090947088,
        2.68385919688,
        2.70744994688,
        2.71377735888,
        2.6875080528799997,
        2.70416351288,
        2.68065480588,
        2.7469703288800003,
        2.69801465288,
        2.67637027788
      ],
      "exit_codes": [
        0,
        0,
        0,
        0,
        0,
        0,
        0,
        0,
        0,
        0
      ]
    }
  ]
}
