{
  "results": [
    {
      "command": "normal_run",
      "mean": 43.907237277860006,
      "stddev": 78.06686586579112,
      "median": 19.307586413559996,
      "user": 0.001621184,
      "system": 0.0017212279999999996,
      "min": 18.478777907559998,
      "max": 266.08636526656,
      "times": [
        266.08636526656,
        19.07675758056,
        18.478777907559998,
        19.41943738356,
        18.98346488056,
        19.195735443559997,
        19.464060486559998,
        19.45946346356,
        18.896637414559997,
        20.011672951559998
      ],
      "exit_codes": [
        0,
        0,
        0,
        0,
        0,
        0,
        0,
        0,
        0,
        0
      ]
    },
    {
      "command": "with_nested_loop_join",
      "mean": 272.80933948546004,
      "stddev": 4.525714345239613,
      "median": 274.49758007906,
      "user": 0.002050484,
      "system": 0.0014198239999999997,
      "min": 264.45741817656,
      "max": 277.75572887156,
      "times": [
        277.01659023056,
        276.30828923456,
        277.75572887156,
        275.26437385856,
        275.82375433856004,
        273.73078629956,
        270.82078207256,
        267.36573591856,
        269.54993585356,
        264.45741817656
      ],
      "exit_codes": [
        0,
        0,
        0,
        0,
        0,
        0,
        0,
        0,
        0,
        0
      ]
    },
    {
      "command": "with_hash_join",
      "mean": 21.514484070659993,
      "stddev": 3.7947002388104076,
      "median": 23.880043757059997,
      "user": 0.0022579960000000004,
      "system": 0.0009530159999999999,
      "min": 17.067878738559997,
      "max": 25.17294568956,
      "times": [
        23.976340831559998,
        25.17294568956,
        24.68231164556,
        25.01019469756,
        23.920877724559997,
        17.19679982456,
        17.067878738559997,
        17.155145896559997,
        17.12313586856,
        23.839209789559998
      ],
      "exit_codes": [
        0,
        0,
        0,
        0,
        0,
        0,
        0,
        0,
        0,
        0
      ]
    }
  ]
}
