{
  "results": [
    {
      "command": "normal_run",
      "mean": 15.174383183900002,
      "stddev": 0.39027891671294745,
      "median": 15.0929239346,
      "user": 0.0014694839999999999,
      "system": 0.0015388239999999998,
      "min": 14.7593664071,
      "max": 15.8076904841,
      "times": [
        14.7799564901,
        15.0273647831,
        15.7296108141,
        14.8619547271,
        15.1584830861,
        14.7593664071,
        15.4636986841,
        15.8076904841,
        14.8413439951,
        15.3143623681
      ],
      "exit_codes": [
        0,
        0,
        0,
        0,
        0,
        0,
        0,
        0,
        0,
        0
      ]
    },
    {
      "command": "with_nested_loop_join",
      "mean": 15.2309425879,
      "stddev": 0.41680872679333664,
      "median": 15.3431564041,
      "user": 0.001852898,
      "system": 0.0012084399999999999,
      "min": 14.7103682691,
      "max": 15.7626732611,
      "times": [
        15.6769880021,
        14.7902507281,
        15.4414036831,
        14.7521825491,
        15.5486667931,
        15.7626732611,
        14.8454314991,
        15.5365519691,
        14.7103682691,
        15.2449091251
      ],
      "exit_codes": [
        0,
        0,
        0,
        0,
        0,
        0,
        0,
        0,
        0,
        0
      ]
    },
    {
      "command": "with_hash_join",
      "mean": 24.147935676099994,
      "stddev": 0.2072227265349421,
      "median": 24.050235027599996,
      "user": 0.0017823840000000001,
      "system": 0.00128324,
      "min": 23.922109519099997,
      "max": 24.4595319831,
      "times": [
        24.3345400441,
        24.366246122099998,
        24.3633503871,
        24.058361280099998,
        23.922109519099997,
        23.969591399099997,
        24.0219970671,
        24.042108775099997,
        24.4595319831,
        23.9415201841
      ],
      "exit_codes": [
        0,
        0,
        0,
        0,
        0,
        0,
        0,
        0,
        0,
        0
      ]
    }
  ]
}
