{
  "results": [
    {
      "command": "normal_run",
      "mean": 2.5228721136799996,
      "stddev": 0.05540404380604352,
      "median": 2.51026695248,
      "user": 0.008440839999999998,
      "system": 0.00439276,
      "min": 2.44541409598,
      "max": 2.61812879398,
      "times": [
        2.52912928698,
        2.52662212098,
        2.48843997398,
        2.61812879398,
        2.49179280598,
        2.47416363098,
        2.44541409598,
        2.59607282598,
        2.49391178398,
        2.5650458179799998
      ],
      "exit_codes": [
        0,
        0,
        0,
        0,
        0,
        0,
        0,
        0,
        0,
        0
      ]
    },
    {
      "command": "with_nested_loop_join",
      "mean": 2.52979225398,
      "stddev": 0.05635704688194753,
      "median": 2.53120962648,
      "user": 0.008245539999999999,
      "system": 0.00429826,
      "min": 2.45874261698,
      "max": 2.62668822898,
      "times": [
        2.53448051998,
        2.62668822898,
        2.52793873298,
        2.47861917698,
        2.59577036998,
        2.45874261698,
        2.48680662898,
        2.55381909698,
        2.47049077798,
        2.56456638998
      ],
      "exit_codes": [
        0,
        0,
        0,
        0,
        0,
        0,
        0,
        0,
        0,
        0
      ]
    },
    {
      "command": "with_hash_join",
      "mean": 38.365510977780005,
      "stddev": 6.402209856436202,
      "median": 41.051623767980004,
      "user": 0.008486339999999998,
      "system": 0.00469086,
      "min": 26.355191198980002,
      "max": 43.64386091198,
      "times": [
        41.96273872298,
        39.43544966898,
        41.69201090098,
        40.77393401098,
        41.94560916898,
        40.04343292298,
        41.32931352498,
        43.64386091198,
        26.473568745980003,
        26.355191198980002
      ],
      "exit_codes": [
        0,
        0,
        0,
        0,
        0,
        0,
        0,
        0,
        0,
        0
      ]
    }
  ]
}
