{
  "results": [
    {
      "command": "normal_run",
      "mean": 0.055939244099999993,
      "stddev": 0.011416848214489303,
      "median": 0.051570928,
      "user": 0.00988882,
      "system": 0.005927,
      "min": 0.0434246035,
      "max": 0.0800417875,
      "times": [
        0.0579189335,
        0.0486338445,
        0.0434246035,
        0.0503944705,
        0.0505556655,
        0.0550406435,
        0.0800417875,
        0.0719463405,
        0.052586190500000005,
        0.048849961500000004
      ],
      "exit_codes": [
        0,
        0,
        0,
        0,
        0,
        0,
        0,
        0,
        0,
        0
      ]
    },
    {
      "command": "with_nested_loop_join",
      "mean": 0.0577671759,
      "stddev": 0.016173691133894774,
      "median": 0.053303259,
      "user": 0.009347920000000001,
      "system": 0.0055006,
      "min": 0.0441316675,
      "max": 0.0977326305,
      "times": [
        0.0457271355,
        0.0441316675,
        0.0725306425,
        0.0471254955,
        0.0540261015,
        0.0977326305,
        0.0539566025,
        0.051448336500000004,
        0.0526499155,
        0.0583432315
      ],
      "exit_codes": [
        0,
        0,
        0,
        0,
        0,
        0,
        0,
        0,
        0,
        0
      ]
    },
    {
      "command": "with_hash_join",
      "mean": 1.6073771337,
      "stddev": 0.14200798781242097,
      "median": 1.612254481,
      "user": 0.00917622,
      "system": 0.005455300000000001,
      "min": 1.3300141825,
      "max": 1.7686552335,
      "times": [
        1.3300141825,
        1.4292037335,
        1.7510708125,
        1.5866531735,
        1.7686552335,
        1.6280997385,
        1.7333233255,
        1.5964092235,
        1.5592654795,
        1.6910764345
      ],
      "exit_codes": [
        0,
        0,
        0,
        0,
        0,
        0,
        0,
        0,
        0,
        0
      ]
    }
  ]
}
