{
  "results": [
    {
      "command": "normal_run",
      "mean": 2.25477772382,
      "stddev": 0.21884202423155208,
      "median": 2.21114887532,
      "user": 0.008474879999999999,
      "system": 0.00440356,
      "min": 2.0514853148200003,
      "max": 2.7906109708200004,
      "times": [
        2.7906109708200004,
        2.2704538378200003,
        2.3953336638200002,
        2.31771537582,
        2.08192000282,
        2.22124808182,
        2.20104966882,
        2.07570885282,
        2.0514853148200003,
        2.14225146882
      ],
      "exit_codes": [
        0,
        0,
        0,
        0,
        0,
        0,
        0,
        0,
        0,
        0
      ]
    },
    {
      "command": "with_nested_loop_join",
      "mean": 2.1341696372200003,
      "stddev": 0.17889087420798383,
      "median": 2.10135002032,
      "user": 0.00816148,
      "system": 0.00403876,
      "min": 1.88607022982,
      "max": 2.5884033408200002,
      "times": [
        2.07573592982,
        2.0674097128200004,
        2.1219739678200003,
        2.5884033408200002,
        2.1265332528200003,
        2.06768483382,
        2.0865206298200003,
        1.88607022982,
        2.11617941082,
        2.20518506382
      ],
      "exit_codes": [
        0,
        0,
        0,
        0,
        0,
        0,
        0,
        0,
        0,
        0
      ]
    },
    {
      "command": "with_hash_join",
      "mean": 15.00388685342,
      "stddev": 1.8690487190663005,
      "median": 14.930555475319998,
      "user": 0.00826178,
      "system": 0.00429236,
      "min": 12.90668290882,
      "max": 17.60208532982,
      "times": [
        16.434558432819998,
        16.365921966819997,
        16.660428984819998,
        17.60208532982,
        16.65347212282,
        13.36833352282,
        12.90668290882,
        13.30965762582,
        13.49518898382,
        13.24253865582
      ],
      "exit_codes": [
        0,
        0,
        0,
        0,
        0,
        0,
        0,
        0,
        0,
        0
      ]
    }
  ]
}
