{
  "results": [
    {
      "command": "normal_run",
      "mean": 0.02254881934,
      "stddev": 0.0016074154628476973,
      "median": 0.02184769374,
      "user": 0.0083686,
      "system": 0.004323060000000001,
      "min": 0.02125378824,
      "max": 0.02662709824,
      "times": [
        0.022249707240000003,
        0.02363740924,
        0.02193696124,
        0.021492053240000003,
        0.02125378824,
        0.021756246240000002,
        0.02662709824,
        0.02175842624,
        0.023049507240000003,
        0.02172699624
      ],
      "exit_codes": [
        0,
        0,
        0,
        0,
        0,
        0,
        0,
        0,
        0,
        0
      ]
    },
    {
      "command": "with_nested_loop_join",
      "mean": 0.023694012740000003,
      "stddev": 0.004423692677556267,
      "median": 0.02185180774,
      "user": 0.009246800000000001,
      "system": 0.00525966,
      "min": 0.020235738240000002,
      "max": 0.03317922924,
      "times": [
        0.020235738240000002,
        0.022384509240000003,
        0.02191327824,
        0.020389385240000002,
        0.020982991240000002,
        0.02089799524,
        0.021790337240000002,
        0.02542217424,
        0.03317922924,
        0.02974448924
      ],
      "exit_codes": [
        0,
        0,
        0,
        0,
        0,
        0,
        0,
        0,
        0,
        0
      ]
    },
    {
      "command": "with_hash_join",
      "mean": 11.364178437840001,
      "stddev": 0.2044446260842208,
      "median": 11.32623081424,
      "user": 0.008487999999999999,
      "system": 0.004561860000000001,
      "min": 11.13609935724,
      "max": 11.708065902240001,
      "times": [
        11.316050649240001,
        11.63935706524,
        11.563684697240001,
        11.13609935724,
        11.21752900124,
        11.33641097924,
        11.35449987924,
        11.21250259724,
        11.157584250240001,
        11.708065902240001
      ],
      "exit_codes": [
        0,
        0,
        0,
        0,
        0,
        0,
        0,
        0,
        0,
        0
      ]
    }
  ]
}
