{
  "results": [
    {
      "command": "normal_run",
      "mean": 6.80022271408,
      "stddev": 0.7548247341313234,
      "median": 6.48939304648,
      "user": 0.00874468,
      "system": 0.00456578,
      "min": 6.12080320198,
      "max": 8.27482740298,
      "times": [
        8.27482740298,
        6.61873964098,
        6.75377776598,
        6.33269168598,
        6.12080320198,
        6.36004645198,
        7.74079577398,
        7.43194375698,
        6.15371502798,
        6.21488643198
      ],
      "exit_codes": [
        0,
        0,
        0,
        0,
        0,
        0,
        0,
        0,
        0,
        0
      ]
    },
    {
      "command": "with_nested_loop_join",
      "mean": 7.088124659080002,
      "stddev": 0.660083026187037,
      "median": 6.85848969198,
      "user": 0.00881198,
      "system": 0.004747080000000001,
      "min": 6.25847984598,
      "max": 7.87285937398,
      "times": [
        7.75930535898,
        6.59196425698,
        6.78518454698,
        6.55632839798,
        6.93179483698,
        7.835845790980001,
        6.4533334919800005,
        7.83615068998,
        7.87285937398,
        6.25847984598
      ],
      "exit_codes": [
        0,
        0,
        0,
        0,
        0,
        0,
        0,
        0,
        0,
        0
      ]
    },
    {
      "command": "with_hash_join",
      "mean": 18.324064002479993,
      "stddev": 0.47569799916482286,
      "median": 18.20110789898,
      "user": 0.00838198,
      "system": 0.004391980000000001,
      "min": 17.67454035898,
      "max": 19.14736397698,
      "times": [
        18.692770470979998,
        18.079713388979997,
        19.14736397698,
        18.25743391498,
        18.254527556979998,
        17.67454035898,
        18.14768824098,
        18.094204488979997,
        17.890236013979997,
        19.002161612979997
      ],
      "exit_codes": [
        0,
        0,
        0,
        0,
        0,
        0,
        0,
        0,
        0,
        0
      ]
    }
  ]
}
