{
  "results": [
    {
      "command": "normal_run",
      "mean": 26.64317670354,
      "stddev": 2.280186953992924,
      "median": 26.266085050439997,
      "user": 0.008678379999999998,
      "system": 0.004970400000000001,
      "min": 24.358457544940002,
      "max": 32.48102989794,
      "times": [
        24.90674592694,
        24.358457544940002,
        26.36248948594,
        32.48102989794,
        26.52961936494,
        25.08257978094,
        25.86926755594,
        27.62531577994,
        26.16968061494,
        27.04658108294
      ],
      "exit_codes": [
        0,
        0,
        0,
        0,
        0,
        0,
        0,
        0,
        0,
        0
      ]
    },
    {
      "command": "with_nested_loop_join",
      "mean": 26.669069470239997,
      "stddev": 2.5384208678231186,
      "median": 27.368312646440003,
      "user": 0.008789879999999998,
      "system": 0.0046944,
      "min": 22.60164881794,
      "max": 30.78450071294,
      "times": [
        28.09448339694,
        27.29050679994,
        27.70186672694,
        27.446118492940002,
        23.61717647894,
        28.98735802994,
        30.78450071294,
        24.489121764940002,
        22.60164881794,
        25.67791348094
      ],
      "exit_codes": [
        0,
        0,
        0,
        0,
        0,
        0,
        0,
        0,
        0,
        0
      ]
    }
  ]
}
