{
  "results": [
    {
      "command": "normal_run",
      "mean": 5.43811181504,
      "stddev": 0.7074784947250322,
      "median": 5.13256356424,
      "user": 0.00820874,
      "system": 0.00422408,
      "min": 4.84113157074,
      "max": 7.14617379974,
      "times": [
        7.14617379974,
        5.59461912874,
        5.470931719739999,
        4.95617441874,
        5.18030690374,
        4.84113157074,
        6.0802175067399995,
        5.08482022474,
        5.07913265674,
        4.94761022074
      ],
      "exit_codes": [
        0,
        0,
        0,
        0,
        0,
        0,
        0,
        0,
        0,
        0
      ]
    },
    {
      "command": "with_nested_loop_join",
      "mean": 6.807716338640001,
      "stddev": 1.1016360824090587,
      "median": 6.56827807974,
      "user": 0.008995940000000001,
      "system": 0.005022279999999999,
      "min": 5.38803321974,
      "max": 8.44487989274,
      "times": [
        6.023059733739999,
        7.57840585274,
        8.03871051574,
        6.29465546574,
        7.82120539274,
        5.38803321974,
        6.8419006937399995,
        5.454820939739999,
        6.1914916797399995,
        8.44487989274
      ],
      "exit_codes": [
        0,
        0,
        0,
        0,
        0,
        0,
        0,
        0,
        0,
        0
      ]
    },
    {
      "command": "with_hash_join",
      "mean": 13.47166606644,
      "stddev": 0.29780685288577075,
      "median": 13.46427952874,
      "user": 0.008257940000000002,
      "system": 0.004327679999999999,
      "min": 13.15656222174,
      "max": 14.17546205174,
      "times": [
        13.549928119739999,
        13.43613438974,
        14.17546205174,
        13.55023721874,
        13.634969371739999,
        13.49242466774,
        13.27857622774,
        13.21240003574,
        13.15656222174,
        13.229966359739999
      ],
      "exit_codes": [
        0,
        0,
        0,
        0,
        0,
        0,
        0,
        0,
        0,
        0
      ]
    }
  ]
}
