{
  "results": [
    {
      "command": "normal_run",
      "mean": 19.89830613574,
      "stddev": 3.4867926920570707,
      "median": 21.215851936139998,
      "user": 0.0084995,
      "system": 0.004559100000000001,
      "min": 13.27056419414,
      "max": 22.76050065314,
      "times": [
        21.850979903139997,
        20.780729798139998,
        21.276251791139998,
        21.86967555214,
        22.76050065314,
        21.155452081139998,
        22.253646718139997,
        20.169506095139997,
        13.59575457114,
        13.27056419414
      ],
      "exit_codes": [
        0,
        0,
        0,
        0,
        0,
        0,
        0,
        0,
        0,
        0
      ]
    },
    {
      "command": "with_nested_loop_join",
      "mean": 12.19082967574,
      "stddev": 3.3104102324858253,
      "median": 13.68438285264,
      "user": 0.0081962,
      "system": 0.0042325,
      "min": 7.3578614601400005,
      "max": 14.95540478014,
      "times": [
        13.38017717414,
        14.746599406140001,
        14.931664060140001,
        14.95540478014,
        12.78326910914,
        14.615633668140001,
        7.365358842140001,
        7.3578614601400005,
        7.78373972614,
        13.988588531140001
      ],
      "exit_codes": [
        0,
        0,
        0,
        0,
        0,
        0,
        0,
        0,
        0,
        0
      ]
    },
    {
      "command": "with_hash_join",
      "mean": 17.262816995339996,
      "stddev": 0.1747507334441179,
      "median": 17.32318818664,
      "user": 0.008809999999999998,
      "system": 0.0046175,
      "min": 17.02073087614,
      "max": 17.47215874714,
      "times": [
        17.47215874714,
        17.36680812614,
        17.28872677614,
        17.467931292139998,
        17.35898655514,
        17.212346031139997,
        17.02073087614,
        17.35764959714,
        17.037713464139998,
        17.045118488139998
      ],
      "exit_codes": [
        0,
        0,
        0,
        0,
        0,
        0,
        0,
        0,
        0,
        0
      ]
    }
  ]
}
