{
  "results": [
    {
      "command": "normal_run",
      "mean": 27.785108058779997,
      "stddev": 25.51205106257553,
      "median": 15.979159496480001,
      "user": 0.009094439999999999,
      "system": 0.00522894,
      "min": 14.50482890298,
      "max": 78.25509828098,
      "times": [
        15.46297744098,
        15.35900002298,
        78.25509828098,
        14.56904872498,
        73.98152662998,
        14.50482890298,
        17.45383956398,
        16.49534155198,
        14.949898724979999,
        16.81952074398
      ],
      "exit_codes": [
        0,
        0,
        0,
        0,
        0,
        0,
        0,
        0,
        0,
        0
      ]
    },
    {
      "command": "with_nested_loop_join",
      "mean": 16.39601740858,
      "stddev": 1.984118846450608,
      "median": 16.38704780148,
      "user": 0.009039739999999997,
      "system": 0.00550954,
      "min": 13.41995688798,
      "max": 19.21737378998,
      "times": [
        13.74881443398,
        13.41995688798,
        16.267966378980002,
        15.55453408298,
        16.50612922398,
        17.55460294298,
        19.21737378998,
        15.00389686598,
        18.387921369980003,
        18.298978108980002
      ],
      "exit_codes": [
        0,
        0,
        0,
        0,
        0,
        0,
        0,
        0,
        0,
        0
      ]
    },
    {
      "command": "with_hash_join",
      "mean": 14.314750033780001,
      "stddev": 2.0967991126635415,
      "median": 13.381604695979998,
      "user": 0.008495139999999998,
      "system": 0.00440224,
      "min": 12.791214393979999,
      "max": 19.64933973298,
      "times": [
        13.58410985098,
        13.17909954098,
        19.64933973298,
        12.942551542979999,
        13.06879875698,
        15.39702249298,
        14.869856026979999,
        14.72357762698,
        12.791214393979999,
        12.94193037198
      ],
      "exit_codes": [
        0,
        0,
        0,
        0,
        0,
        0,
        0,
        0,
        0,
        0
      ]
    }
  ]
}
