{
  "results": [
    {
      "command": "normal_run",
      "mean": 0.15242164608,
      "stddev": 0.011512842761003086,
      "median": 0.14738250578,
      "user": 0.008631719999999999,
      "system": 0.004368679999999999,
      "min": 0.14047107278,
      "max": 0.17039421478,
      "times": [
        0.16197821578000002,
        0.14483489278,
        0.15721168178,
        0.17039421478,
        0.14082989078,
        0.16970581578000002,
        0.14047107278,
        0.14803807078,
        0.14672694078,
        0.14402566478
      ],
      "exit_codes": [
        0,
        0,
        0,
        0,
        0,
        0,
        0,
        0,
        0,
        0
      ]
    },
    {
      "command": "with_nested_loop_join",
      "mean": 0.14095943698000005,
      "stddev": 0.00902852128031585,
      "median": 0.13770569828,
      "user": 0.00838492,
      "system": 0.00421048,
      "min": 0.13226486578000002,
      "max": 0.15730082178000002,
      "times": [
        0.13571010578,
        0.14422080578000002,
        0.13577765578,
        0.13725736478,
        0.13226486578000002,
        0.13383516278000002,
        0.13815403178000002,
        0.15667720278,
        0.15730082178000002,
        0.13839635278
      ],
      "exit_codes": [
        0,
        0,
        0,
        0,
        0,
        0,
        0,
        0,
        0,
        0
      ]
    },
    {
      "command": "with_hash_join",
      "mean": 12.73888162768,
      "stddev": 0.2446671247289738,
      "median": 12.68832534128,
      "user": 0.008406519999999999,
      "system": 0.00428128,
      "min": 12.45926341178,
      "max": 13.30834636378,
      "times": [
        12.680903777780001,
        12.92415009878,
        12.51741699678,
        12.57528748178,
        12.62457067778,
        12.80142099178,
        12.69574690478,
        13.30834636378,
        12.80170957178,
        12.45926341178
      ],
      "exit_codes": [
        0,
        0,
        0,
        0,
        0,
        0,
        0,
        0,
        0,
        0
      ]
    }
  ]
}
