{
  "results": [
    {
      "command": "normal_run",
      "mean": 67.37241028386,
      "stddev": 4.523807675798969,
      "median": 65.89500129496,
      "user": 0.00858054,
      "system": 0.00457076,
      "min": 63.156743576960004,
      "max": 75.29756011996,
      "times": [
        74.21825862796,
        66.10631929595999,
        66.98097443296,
        75.29756011996,
        70.96410181296,
        64.22979276896,
        63.66600101196,
        65.68368329395999,
        63.42066789696,
        63.156743576960004
      ],
      "exit_codes": [
        0,
        0,
        0,
        0,
        0,
        0,
        0,
        0,
        0,
        0
      ]
    },
    {
      "command": "with_nested_loop_join",
      "mean": 103.69209130576,
      "stddev": 7.686251276298193,
      "median": 100.17539592295999,
      "user": 0.008470339999999998,
      "system": 0.004336660000000001,
      "min": 96.20258953096,
      "max": 116.41032717595999,
      "times": [
        97.36400581496,
        97.61110884896,
        96.20258953096,
        99.70870763596,
        100.64208420995999,
        106.35800150995999,
        97.45844929696,
        110.63197365795999,
        114.53366537596,
        116.41032717595999
      ],
      "exit_codes": [
        0,
        0,
        0,
        0,
        0,
        0,
        0,
        0,
        0,
        0
      ]
    },
    {
      "command": "with_hash_join",
      "mean": 12.95993662956,
      "stddev": 0.09075493767863074,
      "median": 12.96243668296,
      "user": 0.008275439999999998,
      "system": 0.00412316,
      "min": 12.78759875496,
      "max": 13.099569473959999,
      "times": [
        13.099569473959999,
        13.015731922959999,
        12.91093524696,
        13.048284429959999,
        12.96863064996,
        13.01757757896,
        12.956242715959998,
        12.88366932596,
        12.78759875496,
        12.91112619596
      ],
      "exit_codes": [
        0,
        0,
        0,
        0,
        0,
        0,
        0,
        0,
        0,
        0
      ]
    }
  ]
}
