{
  "results": [
    {
      "command": "normal_run",
      "mean": 51.55692841006,
      "stddev": 23.837690239489106,
      "median": 40.85194851056,
      "user": 0.008099899999999998,
      "system": 0.0041454199999999995,
      "min": 38.652640674560004,
      "max": 103.59695464256001,
      "times": [
        103.59695464256001,
        42.25825213656,
        40.71563353056,
        40.98826349056,
        41.09023619656,
        39.93847902456,
        38.652640674560004,
        88.93066527156,
        38.929274181560004,
        40.46888495156
      ],
      "exit_codes": [
        0,
        0,
        0,
        0,
        0,
        0,
        0,
        0,
        0,
        0
      ]
    },
    {
      "command": "with_nested_loop_join",
      "mean": 157.90767273446,
      "stddev": 17.616887347718308,
      "median": 149.99568146806,
      "user": 0.0092273,
      "system": 0.00509142,
      "min": 142.74451064156,
      "max": 196.84140030756,
      "times": [
        173.55468627256,
        156.64417547856002,
        150.45175965456,
        149.53960328156,
        146.54820271156,
        147.34555006156,
        142.96035782056,
        142.74451064156,
        172.44648111456002,
        196.84140030756
      ],
      "exit_codes": [
        0,
        0,
        0,
        0,
        0,
        0,
        0,
        0,
        0,
        0
      ]
    },
    {
      "command": "with_hash_join",
      "mean": 41.95881417246,
      "stddev": 1.0672314868588464,
      "median": 41.88705643506,
      "user": 0.009656599999999998,
      "system": 0.00603182,
      "min": 39.877505840560005,
      "max": 43.44466526956,
      "times": [
        42.88745682556,
        42.07472018456,
        41.24652809556,
        41.69939268556,
        43.44466526956,
        42.34363229356,
        39.877505840560005,
        41.32118350356,
        41.50823126756,
        43.18482575856
      ],
      "exit_codes": [
        0,
        0,
        0,
        0,
        0,
        0,
        0,
        0,
        0,
        0
      ]
    }
  ]
}
