{
  "results": [
    {
      "command": "normal_run",
      "mean": 20.100728951139995,
      "stddev": 0.41909532086014595,
      "median": 20.06510052414,
      "user": 0.00804256,
      "system": 0.003974739999999999,
      "min": 19.555998547639998,
      "max": 20.89829304864,
      "times": [
        19.555998547639998,
        19.64121869264,
        20.552293805639998,
        20.89829304864,
        20.142496597639997,
        20.16332353764,
        20.37320753764,
        19.91984728064,
        19.98770445064,
        19.77290601264
      ],
      "exit_codes": [
        0,
        0,
        0,
        0,
        0,
        0,
        0,
        0,
        0,
        0
      ]
    },
    {
      "command": "with_nested_loop_join",
      "mean": 20.915522388640003,
      "stddev": 0.388591048166695,
      "median": 20.94013593414,
      "user": 0.00819026,
      "system": 0.00423054,
      "min": 20.35196726664,
      "max": 21.48984225564,
      "times": [
        21.475980838639998,
        20.98451467664,
        21.48984225564,
        20.75546957164,
        20.539480679639997,
        21.02451017264,
        20.35196726664,
        20.895757191639998,
        21.13088554664,
        20.50681568664
      ],
      "exit_codes": [
        0,
        0,
        0,
        0,
        0,
        0,
        0,
        0,
        0,
        0
      ]
    },
    {
      "command": "with_hash_join",
      "mean": 19.99019991344,
      "stddev": 0.17297427535424495,
      "median": 19.980717090139997,
      "user": 0.00826536,
      "system": 0.004260739999999999,
      "min": 19.70589058664,
      "max": 20.37031557664,
      "times": [
        20.37031557664,
        19.955540661639997,
        20.06192908164,
        19.980459355639997,
        19.980974824639997,
        19.93122673664,
        19.82951997164,
        20.07876607064,
        20.007376268639998,
        19.70589058664
      ],
      "exit_codes": [
        0,
        0,
        0,
        0,
        0,
        0,
        0,
        0,
        0,
        0
      ]
    }
  ]
}
