{
  "results": [
    {
      "command": "normal_run",
      "mean": 10.179890309540001,
      "stddev": 4.539235463077311,
      "median": 12.944166246440002,
      "user": 0.008457079999999999,
      "system": 0.004172759999999999,
      "min": 3.5531427299400002,
      "max": 13.11231618394,
      "times": [
        3.58686387294,
        12.87096667594,
        13.095193483940001,
        12.961134259940001,
        13.11231618394,
        3.5531427299400002,
        3.66852360894,
        13.010421367940001,
        13.013142678940001,
        12.92719823294
      ],
      "exit_codes": [
        0,
        0,
        0,
        0,
        0,
        0,
        0,
        0,
        0,
        0
      ]
    },
    {
      "command": "with_nested_loop_join",
      "mean": 75.43331309684,
      "stddev": 37.86761515437032,
      "median": 92.81051660894,
      "user": 0.00830048,
      "system": 0.00441366,
      "min": 19.85266566194,
      "max": 108.87779148194001,
      "times": [
        103.77773706994,
        102.95579200594,
        108.87779148194001,
        103.63332775694,
        100.10242270794001,
        23.28878017194,
        85.51861050994,
        84.15063573594,
        22.17536786594,
        19.85266566194
      ],
      "exit_codes": [
        0,
        0,
        0,
        0,
        0,
        0,
        0,
        0,
        0,
        0
      ]
    },
    {
      "command": "with_hash_join",
      "mean": 14.09906103344,
      "stddev": 0.2785204761267166,
      "median": 14.103542438440002,
      "user": 0.008321680000000001,
      "system": 0.004329759999999999,
      "min": 13.704855183940001,
      "max": 14.58041195094,
      "times": [
        14.131121396940001,
        14.05490354394,
        14.087192659940001,
        14.11989221694,
        14.32370678794,
        14.380762777940001,
        14.58041195094,
        13.845296733940001,
        13.704855183940001,
        13.76246708194
      ],
      "exit_codes": [
        0,
        0,
        0,
        0,
        0,
        0,
        0,
        0,
        0,
        0
      ]
    }
  ]
}
