{
  "results": [
    {
      "command": "normal_run",
      "mean": 12.333201940960002,
      "stddev": 3.045081969211907,
      "median": 13.23764759866,
      "user": 0.008364179999999999,
      "system": 0.0043246000000000005,
      "min": 3.68488672466,
      "max": 13.822700643660001,
      "times": [
        13.31985070566,
        13.13679642166,
        13.25625670566,
        13.31104264266,
        3.68488672466,
        13.140759818660001,
        13.253913371660001,
        13.18443054966,
        13.22138182566,
        13.822700643660001
      ],
      "exit_codes": [
        0,
        0,
        0,
        0,
        0,
        0,
        0,
        0,
        0,
        0
      ]
    },
    {
      "command": "with_nested_loop_join",
      "mean": 111.79251055216002,
      "stddev": 27.592656282289923,
      "median": 121.78288125116,
      "user": 0.00869128,
      "system": 0.0046565999999999995,
      "min": 34.23401436466,
      "max": 124.12674992966001,
      "times": [
        123.11211530066001,
        123.63140030166001,
        123.75422638766001,
        113.44270403466001,
        112.37912089266001,
        120.45364720166,
        123.72398946366,
        124.12674992966001,
        34.23401436466,
        119.06713764466001
      ],
      "exit_codes": [
        0,
        0,
        0,
        0,
        0,
        0,
        0,
        0,
        0,
        0
      ]
    },
    {
      "command": "with_hash_join",
      "mean": 14.24153843936,
      "stddev": 0.17829650329879076,
      "median": 14.244379633160001,
      "user": 0.00822798,
      "system": 0.0041851,
      "min": 14.00634730466,
      "max": 14.64945710566,
      "times": [
        14.00634730466,
        14.02773109966,
        14.17899150166,
        14.30401828666,
        14.17619208866,
        14.23839412966,
        14.31864117966,
        14.250365136660001,
        14.64945710566,
        14.26524656066
      ],
      "exit_codes": [
        0,
        0,
        0,
        0,
        0,
        0,
        0,
        0,
        0,
        0
      ]
    }
  ]
}
