{
  "results": [
    {
      "command": "normal_run",
      "mean": 16.54978046492,
      "stddev": 5.176523905701126,
      "median": 17.74882963252,
      "user": 0.00810748,
      "system": 0.004088739999999999,
      "min": 5.85396781702,
      "max": 24.13513717302,
      "times": [
        24.13513717302,
        9.35981016002,
        19.31189435702,
        17.89470397902,
        18.187822294020002,
        5.85396781702,
        18.09507549702,
        17.54832694402,
        17.50811114202,
        17.602955286020002
      ],
      "exit_codes": [
        0,
        0,
        0,
        0,
        0,
        0,
        0,
        0,
        0,
        0
      ]
    },
    {
      "command": "with_nested_loop_join",
      "mean": 108.85092662951999,
      "stddev": 26.034424576003232,
      "median": 116.98600593902,
      "user": 0.00787498,
      "system": 0.004139539999999999,
      "min": 35.21755935301999,
      "max": 121.24931613602,
      "times": [
        114.11760806502001,
        118.23830408102,
        121.24931613602,
        119.79323083002001,
        119.37233003602,
        118.43402039802001,
        35.21755935301999,
        115.73370779702,
        114.07175276702,
        112.28143683202
      ],
      "exit_codes": [
        0,
        0,
        0,
        0,
        0,
        0,
        0,
        0,
        0,
        0
      ]
    },
    {
      "command": "with_hash_join",
      "mean": 18.903736160220003,
      "stddev": 0.5961889665969617,
      "median": 18.78523283602,
      "user": 0.00793208,
      "system": 0.004021339999999999,
      "min": 18.26598560802,
      "max": 20.10276353302,
      "times": [
        18.78598634402,
        18.79893348502,
        18.47660815802,
        18.53399065702,
        18.42120361602,
        18.26598560802,
        19.11606905302,
        19.75134182002,
        18.78447932802,
        20.10276353302
      ],
      "exit_codes": [
        0,
        0,
        0,
        0,
        0,
        0,
        0,
        0,
        0,
        0
      ]
    }
  ]
}
