{
  "results": [
    {
      "command": "normal_run",
      "mean": 39.4983437348,
      "stddev": 3.4587810580151057,
      "median": 38.589294647200006,
      "user": 0.00791274,
      "system": 0.00417552,
      "min": 33.1237322057,
      "max": 44.901505924700004,
      "times": [
        44.901505924700004,
        42.345316927700004,
        38.3666265347,
        43.2993806867,
        41.1616139697,
        37.8812540447,
        37.0316988877,
        33.1237322057,
        38.8119627597,
        38.0603454067
      ],
      "exit_codes": [
        0,
        0,
        0,
        0,
        0,
        0,
        0,
        0,
        0,
        0
      ]
    },
    {
      "command": "with_nested_loop_join",
      "mean": 125.54106945479998,
      "stddev": 6.362069526705426,
      "median": 123.8905913067,
      "user": 0.00825814,
      "system": 0.004565619999999999,
      "min": 117.4512115007,
      "max": 134.8089542337,
      "times": [
        129.3605805217,
        132.01472589870002,
        117.49989278269999,
        117.4512115007,
        123.6488855347,
        124.13229707869999,
        134.8089542337,
        122.1811283567,
        121.2525717587,
        133.06044688170002
      ],
      "exit_codes": [
        0,
        0,
        0,
        0,
        0,
        0,
        0,
        0,
        0,
        0
      ]
    },
    {
      "command": "with_hash_join",
      "mean": 24.489382097700002,
      "stddev": 2.532991324976568,
      "median": 23.5246424557,
      "user": 0.00821324,
      "system": 0.004293020000000001,
      "min": 22.3962388287,
      "max": 30.080209988700002,
      "times": [
        23.8816931397,
        24.5109761207,
        28.0150455657,
        22.9514868887,
        22.957055821700003,
        24.0807499947,
        22.8527728567,
        22.3962388287,
        23.1675917717,
        30.080209988700002
      ],
      "exit_codes": [
        0,
        0,
        0,
        0,
        0,
        0,
        0,
        0,
        0,
        0
      ]
    }
  ]
}
