{
  "results": [
    {
      "command": "normal_run",
      "mean": 73.03258735642,
      "stddev": 17.980182044258708,
      "median": 61.115842057120005,
      "user": 0.008185379999999999,
      "system": 0.00432694,
      "min": 58.217582692120004,
      "max": 106.01003194312,
      "times": [
        61.97316403512,
        60.258520079120004,
        59.99525757512,
        59.235116245120004,
        58.52745902312,
        58.217582692120004,
        91.24294846411999,
        87.46940307711999,
        87.39639043012,
        106.01003194312
      ],
      "exit_codes": [
        0,
        0,
        0,
        0,
        0,
        0,
        0,
        0,
        0,
        0
      ]
    },
    {
      "command": "with_nested_loop_join",
      "mean": 89.30008632302,
      "stddev": 43.64459301598047,
      "median": 68.10196453661999,
      "user": 0.00855728,
      "system": 0.0048981400000000005,
      "min": 62.96034418712,
      "max": 181.71190894411998,
      "times": [
        181.71190894411998,
        157.35028281712,
        94.10115267511999,
        69.17756468211999,
        69.49918003312,
        64.36302397112,
        63.29723091212001,
        62.96034418712,
        63.51381061712,
        67.02636439112
      ],
      "exit_codes": [
        0,
        0,
        0,
        0,
        0,
        0,
        0,
        0,
        0,
        0
      ]
    },
    {
      "command": "with_hash_join",
      "mean": 39.59025155422,
      "stddev": 0.5856052410143939,
      "median": 39.49571320962001,
      "user": 0.008282179999999998,
      "system": 0.004549940000000001,
      "min": 38.71724552912001,
      "max": 40.59015681012,
      "times": [
        39.86702168112,
        39.79755653312,
        40.40610624912,
        39.54906747212,
        38.71724552912001,
        39.12655738712,
        39.226587416120005,
        39.442358947120006,
        40.59015681012,
        39.179857517120006
      ],
      "exit_codes": [
        0,
        0,
        0,
        0,
        0,
        0,
        0,
        0,
        0,
        0
      ]
    }
  ]
}
