{
  "results": [
    {
      "command": "normal_run",
      "mean": 105.55851054162,
      "stddev": 9.933407577307285,
      "median": 104.94164171432,
      "user": 0.008413859999999999,
      "system": 0.0047084399999999995,
      "min": 90.84121291182001,
      "max": 123.11143476782,
      "times": [
        123.11143476782,
        117.34366895082,
        110.45829875482,
        109.81799177882,
        107.09845330882,
        102.78483011982,
        97.07670361382,
        90.84121291182001,
        97.69042720682,
        99.36208400282
      ],
      "exit_codes": [
        0,
        0,
        0,
        0,
        0,
        0,
        0,
        0,
        0,
        0
      ]
    },
    {
      "command": "with_nested_loop_join",
      "mean": 94.86079273612002,
      "stddev": 18.93630450819168,
      "median": 100.15791205882,
      "user": 0.008288359999999998,
      "system": 0.00455234,
      "min": 61.611563381820005,
      "max": 112.04623686682001,
      "times": [
        96.34870772782,
        100.08268686382,
        100.23313725382,
        110.06226744282,
        111.55837148082,
        112.04623686682001,
        107.08922490582,
        87.09202025482,
        61.611563381820005,
        62.48371118282
      ],
      "exit_codes": [
        0,
        0,
        0,
        0,
        0,
        0,
        0,
        0,
        0,
        0
      ]
    },
    {
      "command": "with_hash_join",
      "mean": 47.05339889342,
      "stddev": 1.5409289939638995,
      "median": 46.79449133582,
      "user": 0.008051359999999997,
      "system": 0.004193939999999999,
      "min": 45.326870990820005,
      "max": 50.171984342820004,
      "times": [
        46.92920424182,
        45.326870990820005,
        50.171984342820004,
        45.42408659182,
        47.181885771820006,
        46.65977842982,
        48.124785692820005,
        48.65777374382,
        46.04754349382,
        46.010075634820005
      ],
      "exit_codes": [
        0,
        0,
        0,
        0,
        0,
        0,
        0,
        0,
        0,
        0
      ]
    }
  ]
}
