{
  "results": [
    {
      "command": "normal_run",
      "mean": 11.59468201782,
      "stddev": 0.8194507677762717,
      "median": 11.66153003872,
      "user": 0.00855314,
      "system": 0.004419879999999999,
      "min": 10.318888707220001,
      "max": 12.795033335220001,
      "times": [
        11.980841614220001,
        11.26860769122,
        12.77732971222,
        11.02511265422,
        11.82638698922,
        12.795033335220001,
        10.63155939722,
        11.60555696722,
        10.318888707220001,
        11.717503110220001
      ],
      "exit_codes": [
        0,
        0,
        0,
        0,
        0,
        0,
        0,
        0,
        0,
        0
      ]
    },
    {
      "command": "with_nested_loop_join",
      "mean": 15.300385576620002,
      "stddev": 2.0673477487021565,
      "median": 14.80471868172,
      "user": 0.00925734,
      "system": 0.004967479999999999,
      "min": 12.430553293220001,
      "max": 19.04690772822,
      "times": [
        13.88718490522,
        15.47879899822,
        19.04690772822,
        17.20546132222,
        15.75416506922,
        14.13063836522,
        17.43247631522,
        13.929906003220001,
        12.430553293220001,
        13.707763766220001
      ],
      "exit_codes": [
        0,
        0,
        0,
        0,
        0,
        0,
        0,
        0,
        0,
        0
      ]
    },
    {
      "command": "with_hash_join",
      "mean": 44.198190672820004,
      "stddev": 1.7318543806657274,
      "median": 44.72049481722,
      "user": 0.007934140000000001,
      "system": 0.0042559799999999995,
      "min": 40.21547909222,
      "max": 46.29228890422,
      "times": [
        42.33665547822,
        40.21547909222,
        46.29228890422,
        45.18929612822,
        44.44899797722,
        45.12447610122,
        44.09817558322,
        44.227794890220004,
        45.05675091622,
        44.99199165722
      ],
      "exit_codes": [
        0,
        0,
        0,
        0,
        0,
        0,
        0,
        0,
        0,
        0
      ]
    }
  ]
}
