{
  "results": [
    {
      "command": "normal_run",
      "mean": 2.0569382962,
      "stddev": 0.8012773924524937,
      "median": 1.7750950673,
      "user": 0.008249099999999999,
      "system": 0.004485559999999999,
      "min": 1.7152409383,
      "max": 4.3143028653,
      "times": [
        4.3143028653,
        2.0784620813,
        1.8739034623,
        1.8705271883,
        1.8087080523,
        1.7414820823000001,
        1.7152409383,
        1.7241402943000002,
        1.7157245513000001,
        1.7268914463000002
      ],
      "exit_codes": [
        0,
        0,
        0,
        0,
        0,
        0,
        0,
        0,
        0,
        0
      ]
    },
    {
      "command": "with_nested_loop_join",
      "mean": 1.7591560241000004,
      "stddev": 0.14701932304804474,
      "median": 1.7042271848000001,
      "user": 0.0081041,
      "system": 0.004193359999999998,
      "min": 1.6892237563,
      "max": 2.1727878173,
      "times": [
        1.7025363483000002,
        1.6955100563,
        1.6892237563,
        1.7057579373,
        1.6932773493000002,
        1.7026964323000002,
        1.7330485133,
        1.7485115003000002,
        2.1727878173,
        1.7482105303000002
      ],
      "exit_codes": [
        0,
        0,
        0,
        0,
        0,
        0,
        0,
        0,
        0,
        0
      ]
    },
    {
      "command": "with_hash_join",
      "mean": 58.851944247300004,
      "stddev": 1.0466940122583728,
      "median": 59.2443539348,
      "user": 0.008058799999999998,
      "system": 0.004250459999999999,
      "min": 56.0188496903,
      "max": 59.5604355783,
      "times": [
        56.0188496903,
        59.392230291299995,
        59.1784929133,
        59.5604355783,
        59.1209408043,
        59.3102149563,
        58.6906932483,
        59.3732414993,
        58.5257497793,
        59.3485937123
      ],
      "exit_codes": [
        0,
        0,
        0,
        0,
        0,
        0,
        0,
        0,
        0,
        0
      ]
    }
  ]
}
