{
  "results": [
    {
      "command": "normal_run",
      "mean": 0.5883142196799999,
      "stddev": 1.1268048703249094,
      "median": 0.054020147180000005,
      "user": 0.00821436,
      "system": 0.004295019999999999,
      "min": 0.04325312718,
      "max": 2.73334733718,
      "times": [
        0.04945143918,
        0.04325312718,
        2.73334733718,
        0.05513694218,
        0.05290335218,
        2.7191219231800003,
        0.060214014180000004,
        0.06640491418000001,
        0.052201873180000004,
        0.05110727418
      ],
      "exit_codes": [
        0,
        0,
        0,
        0,
        0,
        0,
        0,
        0,
        0,
        0
      ]
    },
    {
      "command": "with_nested_loop_join",
      "mean": 0.33309479888000004,
      "stddev": 0.8817288996037209,
      "median": 0.05542329618,
      "user": 0.00848806,
      "system": 0.00436412,
      "min": 0.046483608180000004,
      "max": 2.8425094331800005,
      "times": [
        0.058265554180000005,
        0.04724425818,
        0.05496683718,
        0.057700179180000005,
        0.046483608180000004,
        0.05930899818,
        0.05417141618,
        0.055879755180000004,
        2.8425094331800005,
        0.05441794918
      ],
      "exit_codes": [
        0,
        0,
        0,
        0,
        0,
        0,
        0,
        0,
        0,
        0
      ]
    },
    {
      "command": "with_hash_join",
      "mean": 4.482935980080001,
      "stddev": 0.15500498156895332,
      "median": 4.46165971668,
      "user": 0.008464359999999999,
      "system": 0.00447192,
      "min": 4.2820437051799995,
      "max": 4.82036883418,
      "times": [
        4.46456689318,
        4.34402674818,
        4.56543593618,
        4.82036883418,
        4.47435015618,
        4.37018106418,
        4.42812011218,
        4.45875254018,
        4.2820437051799995,
        4.62151381118
      ],
      "exit_codes": [
        0,
        0,
        0,
        0,
        0,
        0,
        0,
        0,
        0,
        0
      ]
    }
  ]
}
