{
  "results": [
    {
      "command": "normal_run",
      "mean": 0.017557461840000003,
      "stddev": 0.0004814212167704308,
      "median": 0.017479287340000003,
      "user": 0.00815582,
      "system": 0.0040471,
      "min": 0.016924599340000002,
      "max": 0.01862216234,
      "times": [
        0.01736266334,
        0.016924599340000002,
        0.017754324340000002,
        0.017411371340000002,
        0.01700315934,
        0.01791862634,
        0.01862216234,
        0.017475150340000002,
        0.01748342434,
        0.01761913734
      ],
      "exit_codes": [
        0,
        0,
        0,
        0,
        0,
        0,
        0,
        0,
        0,
        0
      ]
    },
    {
      "command": "with_nested_loop_join",
      "mean": 0.018348340740000003,
      "stddev": 0.0013991894667691,
      "median": 0.018200758340000005,
      "user": 0.00843642,
      "system": 0.0044101999999999995,
      "min": 0.01670908134,
      "max": 0.02082315334,
      "times": [
        0.01670908134,
        0.017274807340000004,
        0.017357609340000003,
        0.017012641340000002,
        0.017221819340000003,
        0.019043907340000003,
        0.01940275034,
        0.02082315334,
        0.019584617340000002,
        0.01905302034
      ],
      "exit_codes": [
        0,
        0,
        0,
        0,
        0,
        0,
        0,
        0,
        0,
        0
      ]
    },
    {
      "command": "with_hash_join",
      "mean": 3.14096267174,
      "stddev": 0.040361009829812965,
      "median": 3.12742587334,
      "user": 0.008282019999999998,
      "system": 0.0042432,
      "min": 3.09785827834,
      "max": 3.20078810934,
      "times": [
        3.19174461634,
        3.09785827834,
        3.18926386234,
        3.1242394493399996,
        3.13061229734,
        3.11551220434,
        3.20078810934,
        3.15581245834,
        3.10031062334,
        3.1034848183399997
      ],
      "exit_codes": [
        0,
        0,
        0,
        0,
        0,
        0,
        0,
        0,
        0,
        0
      ]
    }
  ]
}
