{
  "results": [
    {
      "command": "normal_run",
      "mean": 1.0907688742600001,
      "stddev": 1.0989040219727864,
      "median": 1.0778113640600002,
      "user": 0.0081146,
      "system": 0.00401542,
      "min": 0.040353725060000005,
      "max": 2.18485491706,
      "times": [
        0.040353725060000005,
        0.045524611060000005,
        0.043714641060000003,
        2.13844713706,
        2.09473457306,
        2.10984419506,
        0.05200332306,
        2.13732346506,
        0.06088815506000001,
        2.18485491706
      ],
      "exit_codes": [
        0,
        0,
        0,
        0,
        0,
        0,
        0,
        0,
        0,
        0
      ]
    },
    {
      "command": "with_nested_loop_join",
      "mean": 0.87279970946,
      "stddev": 1.0660729243231017,
      "median": 0.048549069060000005,
      "user": 0.007957799999999998,
      "system": 0.0038801199999999995,
      "min": 0.04683607506,
      "max": 2.16750090606,
      "times": [
        0.04710458706,
        0.04705586006,
        2.16066548506,
        2.04900234106,
        2.0658924290600003,
        2.16750090606,
        0.04999355106,
        0.04683607506,
        0.04685374306,
        0.04709211706000001
      ],
      "exit_codes": [
        0,
        0,
        0,
        0,
        0,
        0,
        0,
        0,
        0,
        0
      ]
    },
    {
      "command": "with_hash_join",
      "mean": 3.7486904024600003,
      "stddev": 0.14375586957816608,
      "median": 3.7620384915600003,
      "user": 0.008423999999999997,
      "system": 0.004739719999999999,
      "min": 3.51672035606,
      "max": 3.9930870400600003,
      "times": [
        3.76175277506,
        3.9930870400600003,
        3.8141338620600003,
        3.9118506070600003,
        3.7725846200600004,
        3.71518291106,
        3.7623242080600003,
        3.67525054306,
        3.56401710206,
        3.51672035606
      ],
      "exit_codes": [
        0,
        0,
        0,
        0,
        0,
        0,
        0,
        0,
        0,
        0
      ]
    }
  ]
}
