{
  "results": [
    {
      "command": "normal_run",
      "mean": 4.02806938496,
      "stddev": 0.138411792304563,
      "median": 4.00958177826,
      "user": 0.00874696,
      "system": 0.004492339999999999,
      "min": 3.9082063962599998,
      "max": 4.36353042926,
      "times": [
        4.11145583326,
        4.08625177826,
        4.00881142426,
        3.9082063962599998,
        4.02761355126,
        3.91129658526,
        3.9151245542599997,
        3.9380511652599997,
        4.36353042926,
        4.01035213226
      ],
      "exit_codes": [
        0,
        0,
        0,
        0,
        0,
        0,
        0,
        0,
        0,
        0
      ]
    },
    {
      "command": "with_nested_loop_join",
      "mean": 3.9756736893599998,
      "stddev": 0.03973566177329262,
      "median": 3.9774888207599997,
      "user": 0.00836656,
      "system": 0.004189839999999999,
      "min": 3.92900498026,
      "max": 4.05763969026,
      "times": [
        3.95129462326,
        3.98850405326,
        3.98803763026,
        4.012477376260001,
        3.9304860162599997,
        3.98028936926,
        3.97468827226,
        3.94431488226,
        4.05763969026,
        3.92900498026
      ],
      "exit_codes": [
        0,
        0,
        0,
        0,
        0,
        0,
        0,
        0,
        0,
        0
      ]
    },
    {
      "command": "with_hash_join",
      "mean": 33.865479933260005,
      "stddev": 1.0436133392562945,
      "median": 34.18954085576,
      "user": 0.00821796,
      "system": 0.004209139999999999,
      "min": 32.26999712026,
      "max": 35.26768302226,
      "times": [
        32.45421408226,
        32.66891415226,
        32.26999712026,
        34.21217450726,
        33.80279076726,
        34.67106771126,
        34.16690720426,
        35.26768302226,
        34.50402711826,
        34.63702364726
      ],
      "exit_codes": [
        0,
        0,
        0,
        0,
        0,
        0,
        0,
        0,
        0,
        0
      ]
    }
  ]
}
