{
  "results": [
    {
      "command": "normal_run",
      "mean": 19.5391071107,
      "stddev": 2.890492686168312,
      "median": 19.632879888700003,
      "user": 0.00823818,
      "system": 0.00434378,
      "min": 16.3654616817,
      "max": 23.722009388700002,
      "times": [
        16.458891374700002,
        16.3654616817,
        16.972831444700002,
        16.6941318507,
        21.2187465487,
        22.422263473700003,
        21.189154246700003,
        23.722009388700002,
        22.270975566700002,
        18.0766055307
      ],
      "exit_codes": [
        0,
        0,
        0,
        0,
        0,
        0,
        0,
        0,
        0,
        0
      ]
    },
    {
      "command": "with_nested_loop_join",
      "mean": 18.749578229700003,
      "stddev": 2.632097925443789,
      "median": 18.835255240200002,
      "user": 0.01120158,
      "system": 0.00735468,
      "min": 15.1941666467,
      "max": 23.4831121667,
      "times": [
        18.778685838700003,
        15.1941666467,
        18.8918246417,
        15.6690991417,
        16.2452837847,
        20.733607838700003,
        17.950881965700002,
        19.202923973700003,
        23.4831121667,
        21.3461962987
      ],
      "exit_codes": [
        0,
        0,
        0,
        0,
        0,
        0,
        0,
        0,
        0,
        0
      ]
    },
    {
      "command": "with_hash_join",
      "mean": 33.4680582988,
      "stddev": 4.755533506172119,
      "median": 34.942548773700004,
      "user": 0.01117878,
      "system": 0.00786008,
      "min": 26.249899838700003,
      "max": 39.6415332197,
      "times": [
        36.649016937700004,
        29.9509139657,
        35.3005584627,
        39.6415332197,
        39.2637341747,
        29.1627894067,
        35.7745798647,
        28.1030180327,
        34.584539084700005,
        26.249899838700003
      ],
      "exit_codes": [
        0,
        0,
        0,
        0,
        0,
        0,
        0,
        0,
        0,
        0
      ]
    }
  ]
}
