{
  "results": [
    {
      "command": "normal_run",
      "mean": 8.978956153459999,
      "stddev": 3.6166231020235085,
      "median": 8.86370474526,
      "user": 0.009989080000000001,
      "system": 0.00578556,
      "min": 5.00081822326,
      "max": 12.888770834259999,
      "times": [
        11.67704448626,
        6.05036500426,
        5.82537763026,
        12.03629134626,
        12.62158995126,
        12.888770834259999,
        12.70071863526,
        5.33197602226,
        5.00081822326,
        5.65660940126
      ],
      "exit_codes": [
        0,
        0,
        0,
        0,
        0,
        0,
        0,
        0,
        0,
        0
      ]
    },
    {
      "command": "with_nested_loop_join",
      "mean": 5.96132087536,
      "stddev": 2.482432465616593,
      "median": 4.97498126476,
      "user": 0.01076098,
      "system": 0.006683660000000001,
      "min": 4.20163221526,
      "max": 11.67243654026,
      "times": [
        5.46144396326,
        4.9452234512599995,
        5.35872224526,
        4.529835580259999,
        4.298672038259999,
        9.29683894726,
        11.67243654026,
        5.00473907826,
        4.20163221526,
        4.84366469426
      ],
      "exit_codes": [
        0,
        0,
        0,
        0,
        0,
        0,
        0,
        0,
        0,
        0
      ]
    },
    {
      "command": "with_hash_join",
      "mean": 24.32535845796,
      "stddev": 4.557774301276212,
      "median": 22.041030216260005,
      "user": 0.01095718,
      "system": 0.00719406,
      "min": 20.621846084260003,
      "max": 31.53752449326,
      "times": [
        22.995415643260003,
        31.53752449326,
        22.715909229260003,
        20.75531267426,
        20.621846084260003,
        21.03489839026,
        21.366151203260003,
        21.30851236726,
        30.77159682826,
        30.146417666260003
      ],
      "exit_codes": [
        0,
        0,
        0,
        0,
        0,
        0,
        0,
        0,
        0,
        0
      ]
    }
  ]
}
