{
  "results": [
    {
      "command": "normal_run",
      "mean": 19.06062108896,
      "stddev": 0.1728922095251991,
      "median": 19.04798518566,
      "user": 0.037921119999999996,
      "system": 0.016515959999999996,
      "min": 18.83078115616,
      "max": 19.37942858016,
      "times": [
        19.21251590416,
        19.01857571916,
        19.07677900416,
        18.83078115616,
        18.83167917116,
        19.01919136716,
        18.93505100316,
        19.11118742116,
        19.37942858016,
        19.19102156316
      ],
      "exit_codes": [
        0,
        0,
        0,
        0,
        0,
        0,
        0,
        0,
        0,
        0
      ]
    },
    {
      "command": "with_nested_loop_join",
      "mean": 19.29138414826,
      "stddev": 0.4138709017552491,
      "median": 19.162641878160002,
      "user": 0.03818782,
      "system": 0.016484659999999998,
      "min": 18.79672675716,
      "max": 19.99693422416,
      "times": [
        18.79672675716,
        19.82967244116,
        18.91681643016,
        18.97155988616,
        19.99693422416,
        19.05538781716,
        19.00770642016,
        19.45755162616,
        19.61158994116,
        19.26989593916
      ],
      "exit_codes": [
        0,
        0,
        0,
        0,
        0,
        0,
        0,
        0,
        0,
        0
      ]
    },
    {
      "command": "with_hash_join",
      "mean": 56.58882313106001,
      "stddev": 11.555406107741593,
      "median": 62.47091645466,
      "user": 0.03485312,
      "system": 0.01624896,
      "min": 28.66962776616,
      "max": 63.64276648716,
      "times": [
        62.52931450916,
        63.30390049516,
        63.22682277416,
        63.64276648716,
        62.10548398716,
        62.41251840016,
        28.66962776616,
        63.38717216116,
        47.94286187416,
        48.66776285616
      ],
      "exit_codes": [
        0,
        0,
        0,
        0,
        0,
        0,
        0,
        0,
        0,
        0
      ]
    }
  ]
}
