{
  "results": [
    {
      "command": "normal_run",
      "mean": 11.307389036699998,
      "stddev": 0.5162523774450072,
      "median": 11.270368740099999,
      "user": 0.008101679999999998,
      "system": 0.0044067,
      "min": 10.6759673621,
      "max": 12.2690398611,
      "times": [
        11.434520385099999,
        11.356401411099998,
        11.031815216099998,
        11.5427371981,
        11.947216553099999,
        12.2690398611,
        11.184336069099999,
        10.910002213099999,
        10.6759673621,
        10.7218540981
      ],
      "exit_codes": [
        0,
        0,
        0,
        0,
        0,
        0,
        0,
        0,
        0,
        0
      ]
    },
    {
      "command": "with_nested_loop_join",
      "mean": 10.814490377899999,
      "stddev": 0.3303724141410269,
      "median": 10.6975815391,
      "user": 0.008228679999999999,
      "system": 0.003973699999999999,
      "min": 10.3734476551,
      "max": 11.3096803391,
      "times": [
        11.2663406041,
        10.4858663241,
        10.658247118099998,
        10.6289953231,
        10.7369159601,
        11.185733271099998,
        11.3096803391,
        10.848327315099999,
        10.3734476551,
        10.651349869099999
      ],
      "exit_codes": [
        0,
        0,
        0,
        0,
        0,
        0,
        0,
        0,
        0,
        0
      ]
    },
    {
      "command": "with_hash_join",
      "mean": 27.766109871999998,
      "stddev": 1.5011948003825204,
      "median": 27.0627823411,
      "user": 0.008242679999999999,
      "system": 0.0040108,
      "min": 26.9424521581,
      "max": 30.6225812261,
      "times": [
        30.5951225911,
        27.1722848991,
        27.000365197100002,
        30.6225812261,
        26.9513204681,
        27.0934056051,
        27.0099685251,
        27.2414389731,
        26.9424521581,
        27.0321590771
      ],
      "exit_codes": [
        0,
        0,
        0,
        0,
        0,
        0,
        0,
        0,
        0,
        0
      ]
    }
  ]
}
