{
  "results": [
    {
      "command": "normal_run",
      "mean": 5.456636595859999,
      "stddev": 0.6587465677922839,
      "median": 5.31536548696,
      "user": 0.0102128,
      "system": 0.006970079999999999,
      "min": 4.70269354496,
      "max": 6.40689301596,
      "times": [
        6.22011948396,
        5.02907179196,
        6.36498199696,
        4.70269354496,
        6.40689301596,
        5.15878966996,
        5.4719413039600004,
        5.51204758196,
        4.76315467796,
        4.93667289096
      ],
      "exit_codes": [
        0,
        0,
        0,
        0,
        0,
        0,
        0,
        0,
        0,
        0
      ]
    },
    {
      "command": "with_nested_loop_join",
      "mean": 5.13981930516,
      "stddev": 0.6503328933600847,
      "median": 5.01493501746,
      "user": 0.010592599999999999,
      "system": 0.007190379999999999,
      "min": 4.61181314296,
      "max": 6.83482758396,
      "times": [
        6.83482758396,
        5.01430155996,
        4.61579487096,
        5.19063744096,
        5.36371178896,
        5.19648195696,
        4.90066807996,
        4.61181314296,
        4.65438815196,
        5.01556847496
      ],
      "exit_codes": [
        0,
        0,
        0,
        0,
        0,
        0,
        0,
        0,
        0,
        0
      ]
    },
    {
      "command": "with_hash_join",
      "mean": 42.50150863516,
      "stddev": 1.8282556690309846,
      "median": 42.17830814046,
      "user": 0.009956399999999999,
      "system": 0.0069051799999999995,
      "min": 40.379907617959994,
      "max": 46.017652501959994,
      "times": [
        41.180043795959996,
        40.379907617959994,
        41.142325304959996,
        42.28645488996,
        46.017652501959994,
        42.070161390959996,
        42.28836612496,
        41.27442858296,
        45.22552622696,
        43.15021991496
      ],
      "exit_codes": [
        0,
        0,
        0,
        0,
        0,
        0,
        0,
        0,
        0,
        0
      ]
    }
  ]
}
