{
  "results": [
    {
      "command": "normal_run",
      "mean": 156.91354876574002,
      "stddev": 95.83999912617496,
      "median": 100.34873995673999,
      "user": 0.018873400000000002,
      "system": 0.015274059999999997,
      "min": 76.90024053624,
      "max": 294.34031011624,
      "times": [
        294.34031011624,
        286.13377741024,
        290.25347060824,
        83.90570586924,
        88.97609576324,
        76.90024053624,
        77.26931298424,
        103.89558784724,
        96.80189206624,
        170.65909445624
      ],
      "exit_codes": [
        0,
        0,
        0,
        0,
        0,
        0,
        0,
        0,
        0,
        0
      ]
    },
    {
      "command": "with_nested_loop_join",
      "mean": 108.62686147984,
      "stddev": 10.61972235469271,
      "median": 104.87415969274,
      "user": 0.007708999999999999,
      "system": 0.003986160000000001,
      "min": 98.79203633324,
      "max": 134.78299004024,
      "times": [
        108.52447867024,
        134.78299004024,
        113.17882595624,
        98.79203633324,
        100.62117545923999,
        103.43247235624,
        102.56210958324,
        102.70912812024,
        106.31584702924,
        115.34955125024
      ],
      "exit_codes": [
        0,
        0,
        0,
        0,
        0,
        0,
        0,
        0,
        0,
        0
      ]
    },
    {
      "command": "with_hash_join",
      "mean": 64.45400767804,
      "stddev": 7.09465536406493,
      "median": 63.93268772024,
      "user": 0.008276699999999998,
      "system": 0.00459166,
      "min": 53.93882637224,
      "max": 73.97914838024,
      "times": [
        61.58813607324,
        63.06541583224,
        53.93882637224,
        60.94313226224,
        54.47444463024,
        67.38610256924,
        73.97914838024,
        64.79995960824,
        73.04148453324,
        71.32342651924
      ],
      "exit_codes": [
        0,
        0,
        0,
        0,
        0,
        0,
        0,
        0,
        0,
        0
      ]
    }
  ]
}
