{
  "results": [
    {
      "command": "normal_run",
      "mean": 26.344454417019996,
      "stddev": 8.492777432766664,
      "median": 22.38939579182,
      "user": 0.0347556,
      "system": 0.02087934,
      "min": 17.308727124820003,
      "max": 41.077080928819996,
      "times": [
        41.077080928819996,
        21.616684618820003,
        23.09788162482,
        37.12014077582,
        36.64825652082,
        21.680909958820003,
        19.838098968820002,
        21.51131731982,
        23.545446328820002,
        17.308727124820003
      ],
      "exit_codes": [
        0,
        0,
        0,
        0,
        0,
        0,
        0,
        0,
        0,
        0
      ]
    },
    {
      "command": "with_nested_loop_join",
      "mean": 18.612626116220003,
      "stddev": 4.861012649300818,
      "median": 16.17037982332,
      "user": 0.0184897,
      "system": 0.01007684,
      "min": 15.13924620182,
      "max": 28.507239722820003,
      "times": [
        17.208822079820003,
        28.507239722820003,
        16.08973852982,
        16.038328095820003,
        16.251021116820002,
        15.87754383182,
        19.24236709282,
        15.23160133782,
        15.13924620182,
        26.540353152820003
      ],
      "exit_codes": [
        0,
        0,
        0,
        0,
        0,
        0,
        0,
        0,
        0,
        0
      ]
    },
    {
      "command": "with_hash_join",
      "mean": 77.54744877021999,
      "stddev": 13.877070671800332,
      "median": 71.32258610631999,
      "user": 0.021338199999999998,
      "system": 0.011966339999999999,
      "min": 64.13799649582,
      "max": 100.77350175581999,
      "times": [
        69.61621124782,
        72.81850536681999,
        97.25661848381999,
        93.36755842782,
        100.77350175581999,
        65.58586130682,
        69.27306240482,
        70.66786600681999,
        71.97730620582,
        64.13799649582
      ],
      "exit_codes": [
        0,
        0,
        0,
        0,
        0,
        0,
        0,
        0,
        0,
        0
      ]
    }
  ]
}
