{
  "results": [
    {
      "command": "normal_run",
      "mean": 6.51460274606,
      "stddev": 10.733055331109108,
      "median": 1.77223732406,
      "user": 0.018352900000000002,
      "system": 0.008709539999999998,
      "min": 1.3582296875600002,
      "max": 35.29195286056,
      "times": [
        1.3582296875600002,
        1.91827566356,
        12.99348330656,
        1.48637445856,
        1.4556737945600002,
        1.5560440705600003,
        2.29963405556,
        1.62619898456,
        5.16016057856,
        35.29195286056
      ],
      "exit_codes": [
        0,
        0,
        0,
        0,
        0,
        0,
        0,
        0,
        0,
        0
      ]
    },
    {
      "command": "with_nested_loop_join",
      "mean": 1.9986820259600002,
      "stddev": 0.8754857286140577,
      "median": 1.59603206656,
      "user": 0.020991199999999998,
      "system": 0.010200240000000001,
      "min": 1.5009079535600003,
      "max": 3.72903054456,
      "times": [
        1.5009079535600003,
        3.57141031956,
        1.51673692856,
        1.52364440356,
        3.72903054456,
        1.6424010235600002,
        1.6103247685600002,
        1.5182317865600001,
        1.7923931665600001,
        1.58173936456
      ],
      "exit_codes": [
        0,
        0,
        0,
        0,
        0,
        0,
        0,
        0,
        0,
        0
      ]
    },
    {
      "command": "with_hash_join",
      "mean": 88.04783310826,
      "stddev": 18.06987919704723,
      "median": 86.88890119606,
      "user": 0.026785000000000003,
      "system": 0.01475774,
      "min": 62.15196521856,
      "max": 111.58913595856001,
      "times": [
        70.07481873456001,
        62.15196521856,
        77.89037306356,
        104.51198989356001,
        79.69423260556,
        70.91028563956,
        111.58913595856001,
        110.09563048156001,
        94.08356978656,
        99.47632970056
      ],
      "exit_codes": [
        0,
        0,
        0,
        0,
        0,
        0,
        0,
        0,
        0,
        0
      ]
    }
  ]
}
