{
  "results": [
    {
      "command": "normal_run",
      "mean": 48.570315802159996,
      "stddev": 25.936655002407534,
      "median": 35.09761950496001,
      "user": 0.03099728,
      "system": 0.016101259999999996,
      "min": 30.91764228596,
      "max": 101.71375550696,
      "times": [
        33.77042427596,
        33.838304904960005,
        60.97032493196,
        30.91764228596,
        31.768829318959998,
        31.60065398596,
        101.71375550696,
        37.60709846196,
        36.356934104960004,
        87.15919024396
      ],
      "exit_codes": [
        0,
        0,
        0,
        0,
        0,
        0,
        0,
        0,
        0,
        0
      ]
    },
    {
      "command": "with_nested_loop_join",
      "mean": 22.00554472826,
      "stddev": 13.956949567258897,
      "median": 15.11053359896,
      "user": 0.03140548,
      "system": 0.01677226,
      "min": 14.081969471959999,
      "max": 59.18201735896,
      "times": [
        14.081969471959999,
        26.57338331796,
        59.18201735896,
        26.06916372496,
        15.61988212196,
        20.73925764396,
        14.41729105696,
        14.43425606896,
        14.60118507596,
        14.33704144096
      ],
      "exit_codes": [
        0,
        0,
        0,
        0,
        0,
        0,
        0,
        0,
        0,
        0
      ]
    },
    {
      "command": "with_hash_join",
      "mean": 132.38832474056002,
      "stddev": 6.451785653881291,
      "median": 132.59519480246001,
      "user": 0.01721098,
      "system": 0.008041659999999999,
      "min": 123.01126876596,
      "max": 142.03814423496001,
      "times": [
        123.01126876596,
        142.03814423496001,
        134.09127482096002,
        135.79177700796,
        128.91937071196,
        128.35449958696,
        136.43923683896,
        123.92934161296,
        140.20921904096002,
        131.09911478396
      ],
      "exit_codes": [
        0,
        0,
        0,
        0,
        0,
        0,
        0,
        0,
        0,
        0
      ]
    }
  ]
}
