{
  "results": [
    {
      "command": "normal_run",
      "mean": 0.12427843720000002,
      "stddev": 0.02137378516290633,
      "median": 0.11863385570000001,
      "user": 0.009483279999999998,
      "system": 0.006050559999999998,
      "min": 0.10131733520000001,
      "max": 0.17340594620000002,
      "times": [
        0.11380888620000001,
        0.10131733520000001,
        0.13046177120000002,
        0.1182051602,
        0.1190625512,
        0.10688832020000001,
        0.10664644420000001,
        0.17340594620000002,
        0.1413492002,
        0.1316387572
      ],
      "exit_codes": [
        0,
        0,
        0,
        0,
        0,
        0,
        0,
        0,
        0,
        0
      ]
    },
    {
      "command": "with_nested_loop_join",
      "mean": 0.08772773000000002,
      "stddev": 0.03832167822619421,
      "median": 0.07005915170000002,
      "user": 0.009086979999999998,
      "system": 0.00552736,
      "min": 0.06345901420000001,
      "max": 0.1862284652,
      "times": [
        0.0643357952,
        0.06854510620000001,
        0.11600758420000001,
        0.0823622452,
        0.06345901420000001,
        0.09173645520000001,
        0.06495314220000001,
        0.1862284652,
        0.07157319720000001,
        0.06807629520000001
      ],
      "exit_codes": [
        0,
        0,
        0,
        0,
        0,
        0,
        0,
        0,
        0,
        0
      ]
    },
    {
      "command": "with_hash_join",
      "mean": 2.7512670399999997,
      "stddev": 0.24068537249166663,
      "median": 2.6705402267,
      "user": 0.00884218,
      "system": 0.00497036,
      "min": 2.5963608251999997,
      "max": 3.4047521102,
      "times": [
        3.4047521102,
        2.5963608251999997,
        2.6473176412,
        2.6388579971999997,
        2.8695165802,
        2.6721039122,
        2.6496906362,
        2.6896527501999996,
        2.6689765411999997,
        2.6754414062
      ],
      "exit_codes": [
        0,
        0,
        0,
        0,
        0,
        0,
        0,
        0,
        0,
        0
      ]
    }
  ]
}
