{
  "results": [
    {
      "command": "normal_run",
      "mean": 0.10384700972000001,
      "stddev": 0.005810190957967485,
      "median": 0.10484671372,
      "user": 0.008420999999999998,
      "system": 0.00433712,
      "min": 0.09603972072,
      "max": 0.11511986572,
      "times": [
        0.09603972072,
        0.10547255772,
        0.09926226072000001,
        0.10626390372000001,
        0.10864091172000001,
        0.11511986572,
        0.10592909972,
        0.10422086972,
        0.10064295872000001,
        0.09687794872000001
      ],
      "exit_codes": [
        0,
        0,
        0,
        0,
        0,
        0,
        0,
        0,
        0,
        0
      ]
    },
    {
      "command": "with_nested_loop_join",
      "mean": 0.06406551582000002,
      "stddev": 0.0027710810973465634,
      "median": 0.06396594722000001,
      "user": 0.0083266,
      "system": 0.00419972,
      "min": 0.06041819572,
      "max": 0.06841770272,
      "times": [
        0.06534661272,
        0.06841770272,
        0.06258901272,
        0.06389767272,
        0.06094416472,
        0.06468723072,
        0.06041819572,
        0.06836089172,
        0.06403422172,
        0.06195945272
      ],
      "exit_codes": [
        0,
        0,
        0,
        0,
        0,
        0,
        0,
        0,
        0,
        0
      ]
    },
    {
      "command": "with_hash_join",
      "mean": 2.4761723652199996,
      "stddev": 0.05860311339817074,
      "median": 2.4758744247199997,
      "user": 0.0083229,
      "system": 0.0043725199999999995,
      "min": 2.34441089672,
      "max": 2.55689657472,
      "times": [
        2.34441089672,
        2.51120444872,
        2.55689657472,
        2.47495590172,
        2.48951450372,
        2.44563378872,
        2.45746621472,
        2.54091753772,
        2.47679294772,
        2.46393083772
      ],
      "exit_codes": [
        0,
        0,
        0,
        0,
        0,
        0,
        0,
        0,
        0,
        0
      ]
    }
  ]
}
