{
  "results": [
    {
      "command": "normal_run",
      "mean": 0.11865718044,
      "stddev": 0.017975690840331897,
      "median": 0.10857676714,
      "user": 0.008512099999999998,
      "system": 0.004631060000000001,
      "min": 0.10423222514000001,
      "max": 0.14901536314,
      "times": [
        0.10681173714000002,
        0.10469198914000001,
        0.14901536314,
        0.10453240814,
        0.10423222514000001,
        0.11945549814,
        0.14467326514,
        0.10588751214000001,
        0.13693000914,
        0.11034179714
      ],
      "exit_codes": [
        0,
        0,
        0,
        0,
        0,
        0,
        0,
        0,
        0,
        0
      ]
    },
    {
      "command": "with_nested_loop_join",
      "mean": 0.08722688094000002,
      "stddev": 0.044360604328899426,
      "median": 0.06783394814000002,
      "user": 0.008252899999999999,
      "system": 0.004516259999999999,
      "min": 0.057351131140000004,
      "max": 0.20465473214,
      "times": [
        0.10430973514000001,
        0.20465473214,
        0.06870682714000001,
        0.06559121914,
        0.10328262614000001,
        0.06513876614000001,
        0.06362422314,
        0.07264848014000001,
        0.057351131140000004,
        0.06696106914000001
      ],
      "exit_codes": [
        0,
        0,
        0,
        0,
        0,
        0,
        0,
        0,
        0,
        0
      ]
    },
    {
      "command": "with_hash_join",
      "mean": 2.3619586433400004,
      "stddev": 0.34118821345096223,
      "median": 2.4618922206400002,
      "user": 0.008426,
      "system": 0.00428616,
      "min": 1.39778741714,
      "max": 2.51915315214,
      "times": [
        2.49688950414,
        2.51915315214,
        2.45258531014,
        2.43892972614,
        2.40920151814,
        1.39778741714,
        2.51903329814,
        2.41298018814,
        2.47119913114,
        2.50182718814
      ],
      "exit_codes": [
        0,
        0,
        0,
        0,
        0,
        0,
        0,
        0,
        0,
        0
      ]
    }
  ]
}
