{
  "results": [
    {
      "command": "normal_run",
      "mean": 14.763927439720002,
      "stddev": 6.596492159626529,
      "median": 14.732493196420002,
      "user": 0.008904299999999999,
      "system": 0.00452702,
      "min": 6.11564064042,
      "max": 24.31870030042,
      "times": [
        24.31870030042,
        6.592843589419999,
        21.359333566420002,
        17.002204496420003,
        6.11564064042,
        21.858952241420003,
        10.10221002242,
        9.94798070942,
        17.87862693442,
        12.46278189642
      ],
      "exit_codes": [
        0,
        0,
        0,
        0,
        0,
        0,
        0,
        0,
        0,
        0
      ]
    },
    {
      "command": "with_nested_loop_join",
      "mean": 6.000794706719999,
      "stddev": 1.2465075895381552,
      "median": 5.67903199142,
      "user": 0.008590099999999998,
      "system": 0.00431092,
      "min": 4.55022142042,
      "max": 8.94256806742,
      "times": [
        5.92164086542,
        8.94256806742,
        6.8330741024199995,
        6.66285118342,
        4.55022142042,
        5.28407731942,
        5.374177274419999,
        5.92867986042,
        5.074233856419999,
        5.4364231174199995
      ],
      "exit_codes": [
        0,
        0,
        0,
        0,
        0,
        0,
        0,
        0,
        0,
        0
      ]
    },
    {
      "command": "with_hash_join",
      "mean": 109.85927883012,
      "stddev": 29.71627502092978,
      "median": 121.13559142241999,
      "user": 0.0083717,
      "system": 0.00417192,
      "min": 25.95856400442,
      "max": 122.47770702142,
      "times": [
        120.89158793042,
        122.47770702142,
        121.80509452742,
        113.29339791542,
        121.98016342842,
        113.30711403242,
        122.15181142542001,
        121.37959491442,
        115.34775310142,
        25.95856400442
      ],
      "exit_codes": [
        0,
        0,
        0,
        0,
        0,
        0,
        0,
        0,
        0,
        0
      ]
    }
  ]
}
