{
  "results": [
    {
      "command": "normal_run",
      "mean": 61.29787684610001,
      "stddev": 131.4810017691187,
      "median": 18.696932085900002,
      "user": 0.008916419999999998,
      "system": 0.0048825,
      "min": 10.7028386464,
      "max": 434.8050792384,
      "times": [
        34.3352612734,
        434.8050792384,
        28.0474481524,
        18.2357233634,
        19.1581408084,
        13.6999597724,
        28.4814223614,
        12.9733669044,
        10.7028386464,
        12.539527940400001
      ],
      "exit_codes": [
        0,
        0,
        0,
        0,
        0,
        0,
        0,
        0,
        0,
        0
      ]
    },
    {
      "command": "with_nested_loop_join",
      "mean": 122.54999217439999,
      "stddev": 177.24840976249203,
      "median": 12.4409154354,
      "user": 0.009136419999999998,
      "system": 0.004983199999999999,
      "min": 9.9673584144,
      "max": 388.6074323544,
      "times": [
        9.9673584144,
        18.5072701964,
        388.6074323544,
        11.4885115474,
        373.0888301434,
        12.0258195124,
        10.6547218354,
        12.7490157364,
        376.2781468694,
        12.132815134400001
      ],
      "exit_codes": [
        0,
        0,
        0,
        0,
        0,
        0,
        0,
        0,
        0,
        0
      ]
    },
    {
      "command": "with_hash_join",
      "mean": 536.9211819759,
      "stddev": 296.87859734133264,
      "median": 552.2863497794,
      "user": 0.03219422,
      "system": 0.0184069,
      "min": 116.0755338114,
      "max": 861.8912305234,
      "times": [
        566.8825665864,
        794.2169625414,
        780.7088324384,
        861.5693674164,
        861.8912305234,
        537.6901329724,
        522.0051215294,
        150.8066615434,
        116.0755338114,
        177.3654103964
      ],
      "exit_codes": [
        0,
        0,
        0,
        0,
        0,
        0,
        0,
        0,
        0,
        0
      ]
    }
  ]
}
