{
  "results": [
    {
      "command": "normal_run",
      "mean": 1.3760046348999997,
      "stddev": 0.047194147665026775,
      "median": 1.356743836,
      "user": 0.00825712,
      "system": 0.0041142999999999996,
      "min": 1.3112710854999998,
      "max": 1.4373431395,
      "times": [
        1.4340471745,
        1.3112710854999998,
        1.3552045615,
        1.3465338995,
        1.4228023585,
        1.4166242105,
        1.3579183645,
        1.3227322475,
        1.3555693075,
        1.4373431395
      ],
      "exit_codes": [
        0,
        0,
        0,
        0,
        0,
        0,
        0,
        0,
        0,
        0
      ]
    },
    {
      "command": "with_nested_loop_join",
      "mean": 0.49499919110000007,
      "stddev": 0.021974424250059018,
      "median": 0.491655379,
      "user": 0.008219319999999999,
      "system": 0.003994599999999999,
      "min": 0.4691488365,
      "max": 0.5428648575,
      "times": [
        0.4691488365,
        0.5025420245000001,
        0.5086595785000001,
        0.4782507475,
        0.4713437935,
        0.5428648575,
        0.49216474250000003,
        0.49114601550000003,
        0.48526206650000003,
        0.5086092485000001
      ],
      "exit_codes": [
        0,
        0,
        0,
        0,
        0,
        0,
        0,
        0,
        0,
        0
      ]
    },
    {
      "command": "with_hash_join",
      "mean": 34.633806557499994,
      "stddev": 4.112314667993769,
      "median": 33.176895415000004,
      "user": 0.00850662,
      "system": 0.004274199999999999,
      "min": 31.392134191500002,
      "max": 42.5979870925,
      "times": [
        33.1993044285,
        31.6514015725,
        31.4892893635,
        42.5979870925,
        34.3727314485,
        34.708523681500004,
        31.392134191500002,
        32.141884267500004,
        41.6303231275,
        33.1544864015
      ],
      "exit_codes": [
        0,
        0,
        0,
        0,
        0,
        0,
        0,
        0,
        0,
        0
      ]
    }
  ]
}
