{
  "results": [
    {
      "command": "normal_run",
      "mean": 0.8054059330600001,
      "stddev": 0.050926563018234464,
      "median": 0.81835968806,
      "user": 0.00900014,
      "system": 0.004498739999999999,
      "min": 0.71697884506,
      "max": 0.86613123806,
      "times": [
        0.85566970706,
        0.82974640106,
        0.81242836106,
        0.82429101506,
        0.86613123806,
        0.78098661206,
        0.85665504106,
        0.76342951906,
        0.74774259106,
        0.71697884506
      ],
      "exit_codes": [
        0,
        0,
        0,
        0,
        0,
        0,
        0,
        0,
        0,
        0
      ]
    },
    {
      "command": "with_nested_loop_join",
      "mean": 0.40377039486,
      "stddev": 0.19732033472753743,
      "median": 0.30658081906,
      "user": 0.00848714,
      "system": 0.00429014,
      "min": 0.28017120906000004,
      "max": 0.82756702806,
      "times": [
        0.42501878706,
        0.70413889406,
        0.29856134506000004,
        0.82756702806,
        0.30733960906,
        0.28972087906000005,
        0.30582202906,
        0.31033544106000005,
        0.28902872706000005,
        0.28017120906000004
      ],
      "exit_codes": [
        0,
        0,
        0,
        0,
        0,
        0,
        0,
        0,
        0,
        0
      ]
    },
    {
      "command": "with_hash_join",
      "mean": 53.24093110566,
      "stddev": 4.607266812319477,
      "median": 55.018852329059996,
      "user": 0.008216539999999998,
      "system": 0.00425274,
      "min": 44.264163233059996,
      "max": 57.10314935206,
      "times": [
        53.667833753059995,
        44.264163233059996,
        56.03366709206,
        54.89201823106,
        45.08353471406,
        54.78095003006,
        57.10314935206,
        55.65088372506,
        55.787424499059995,
        55.14568642706
      ],
      "exit_codes": [
        0,
        0,
        0,
        0,
        0,
        0,
        0,
        0,
        0,
        0
      ]
    }
  ]
}
