{
  "results": [
    {
      "command": "normal_run",
      "mean": 8.497856321140002,
      "stddev": 4.275893870681552,
      "median": 7.685704855139999,
      "user": 0.008726799999999998,
      "system": 0.0052296,
      "min": 3.3816400451399997,
      "max": 14.84188443914,
      "times": [
        8.786101949139999,
        13.86104919514,
        6.58530776114,
        14.84188443914,
        5.74031906114,
        4.04430113314,
        4.313021362140001,
        11.66883306714,
        11.75610519814,
        3.3816400451399997
      ],
      "exit_codes": [
        0,
        0,
        0,
        0,
        0,
        0,
        0,
        0,
        0,
        0
      ]
    },
    {
      "command": "with_nested_loop_join",
      "mean": 5.275155230439999,
      "stddev": 3.083545173677392,
      "median": 3.38444985964,
      "user": 0.0084029,
      "system": 0.004165200000000001,
      "min": 3.1364965901399997,
      "max": 9.83107913114,
      "times": [
        9.83107913114,
        3.76626492814,
        9.66745477214,
        9.71235060914,
        3.45328264414,
        3.27933617814,
        3.27798281514,
        3.31561707514,
        3.31168756114,
        3.1364965901399997
      ],
      "exit_codes": [
        0,
        0,
        0,
        0,
        0,
        0,
        0,
        0,
        0,
        0
      ]
    },
    {
      "command": "with_hash_join",
      "mean": 50.086896492140006,
      "stddev": 1.0442285778491502,
      "median": 50.00186341464,
      "user": 0.008220799999999999,
      "system": 0.0043858000000000005,
      "min": 48.868259658140005,
      "max": 51.91994387714,
      "times": [
        50.32618067314,
        48.868259658140005,
        49.10793164414,
        49.70312035114,
        51.60725099814,
        51.91994387714,
        50.473551064140004,
        50.300606478140004,
        49.29272367614,
        49.26939650114
      ],
      "exit_codes": [
        0,
        0,
        0,
        0,
        0,
        0,
        0,
        0,
        0,
        0
      ]
    }
  ]
}
