{
  "results": [
    {
      "command": "normal_run",
      "mean": 10.34262313474,
      "stddev": 0.914114740206453,
      "median": 10.27128388014,
      "user": 0.0084849,
      "system": 0.004308459999999999,
      "min": 8.93254153864,
      "max": 11.515094339640001,
      "times": [
        10.16828158864,
        11.515094339640001,
        9.58675165064,
        11.41056228964,
        8.93254153864,
        11.23883715064,
        10.10214981364,
        10.37428617164,
        9.21802551564,
        10.87970128864
      ],
      "exit_codes": [
        0,
        0,
        0,
        0,
        0,
        0,
        0,
        0,
        0,
        0
      ]
    },
    {
      "command": "with_nested_loop_join",
      "mean": 14.827230325440002,
      "stddev": 1.2590476900104381,
      "median": 14.71751303164,
      "user": 0.0086082,
      "system": 0.0044300599999999996,
      "min": 13.22512285264,
      "max": 17.53993202964,
      "times": [
        15.84407254664,
        17.53993202964,
        15.37860188064,
        14.04993745664,
        13.22512285264,
        15.23106333364,
        14.83891314864,
        14.59611291464,
        13.84342356264,
        13.72512352864
      ],
      "exit_codes": [
        0,
        0,
        0,
        0,
        0,
        0,
        0,
        0,
        0,
        0
      ]
    },
    {
      "command": "with_hash_join",
      "mean": 57.01166484494,
      "stddev": 1.3817571528819312,
      "median": 56.63718150514,
      "user": 0.008266199999999998,
      "system": 0.004368459999999999,
      "min": 55.54908108264,
      "max": 60.13352800364,
      "times": [
        60.13352800364,
        58.44332428164,
        56.68455480064,
        56.16496749364,
        55.63308748164,
        56.58980820964,
        56.54207085864,
        57.01017573064,
        57.36605050664,
        55.54908108264
      ],
      "exit_codes": [
        0,
        0,
        0,
        0,
        0,
        0,
        0,
        0,
        0,
        0
      ]
    }
  ]
}
