{
  "results": [
    {
      "command": "normal_run",
      "mean": 0.05193550332000001,
      "stddev": 0.005300198209191297,
      "median": 0.05065088912,
      "user": 0.00863694,
      "system": 0.00445624,
      "min": 0.046569968120000006,
      "max": 0.06132860512000001,
      "times": [
        0.06132860512000001,
        0.04661010512000001,
        0.046763471120000004,
        0.055633885120000004,
        0.048607283120000004,
        0.059012434120000005,
        0.05352750312000001,
        0.046569968120000006,
        0.05053504612,
        0.050766732120000005
      ],
      "exit_codes": [
        0,
        0,
        0,
        0,
        0,
        0,
        0,
        0,
        0,
        0
      ]
    },
    {
      "command": "with_nested_loop_join",
      "mean": 0.6616146142200001,
      "stddev": 0.03901943423970833,
      "median": 0.64897687012,
      "user": 0.008634339999999999,
      "system": 0.00454414,
      "min": 0.6323315391200001,
      "max": 0.76467505512,
      "times": [
        0.76467505512,
        0.6794499861200001,
        0.66972320212,
        0.64906375112,
        0.6488899891200001,
        0.64552731212,
        0.65116091812,
        0.63609926912,
        0.6323315391200001,
        0.63922512012
      ],
      "exit_codes": [
        0,
        0,
        0,
        0,
        0,
        0,
        0,
        0,
        0,
        0
      ]
    },
    {
      "command": "with_hash_join",
      "mean": 0.05108962172000001,
      "stddev": 0.0034220602086487226,
      "median": 0.049803838620000006,
      "user": 0.00837784,
      "system": 0.00428044,
      "min": 0.046475066120000005,
      "max": 0.05737098412000001,
      "times": [
        0.049533842120000005,
        0.04988663412000001,
        0.046475066120000005,
        0.05021320212000001,
        0.05737098412000001,
        0.05595852812,
        0.04960598212,
        0.04972104312,
        0.053538065120000006,
        0.048592870120000006
      ],
      "exit_codes": [
        0,
        0,
        0,
        0,
        0,
        0,
        0,
        0,
        0,
        0
      ]
    }
  ]
}
