{
  "results": [
    {
      "command": "normal_run",
      "mean": 0.08994843976000001,
      "stddev": 0.00800948348103802,
      "median": 0.08664608356,
      "user": 0.008649760000000001,
      "system": 0.004314219999999999,
      "min": 0.08224912706000001,
      "max": 0.10310088306000001,
      "times": [
        0.10310088306000001,
        0.08568873406000001,
        0.09746464806,
        0.10266739106000002,
        0.08760343306000001,
        0.08446593806000001,
        0.08365659906,
        0.08814226006,
        0.08444538406,
        0.08224912706000001
      ],
      "exit_codes": [
        0,
        0,
        0,
        0,
        0,
        0,
        0,
        0,
        0,
        0
      ]
    },
    {
      "command": "with_nested_loop_join",
      "mean": 0.05906244496,
      "stddev": 0.003413941217693138,
      "median": 0.05833901156000001,
      "user": 0.008457560000000001,
      "system": 0.00421852,
      "min": 0.055308903060000005,
      "max": 0.06790493006000001,
      "times": [
        0.05892025806000001,
        0.05688089106000001,
        0.06070084206000001,
        0.057668391060000004,
        0.058820943060000005,
        0.05876248706000001,
        0.05791553606000001,
        0.05774126806,
        0.06790493006000001,
        0.055308903060000005
      ],
      "exit_codes": [
        0,
        0,
        0,
        0,
        0,
        0,
        0,
        0,
        0,
        0
      ]
    },
    {
      "command": "with_hash_join",
      "mean": 4.858337276360001,
      "stddev": 0.16284241185073872,
      "median": 4.85362146906,
      "user": 0.008556260000000001,
      "system": 0.00431022,
      "min": 4.6627106640600005,
      "max": 5.130300371060001,
      "times": [
        4.682137041060001,
        4.92303467506,
        4.680944133060001,
        4.6627106640600005,
        4.91846424806,
        5.00241822406,
        4.78877869006,
        5.0145028400600005,
        4.780081877060001,
        5.130300371060001
      ],
      "exit_codes": [
        0,
        0,
        0,
        0,
        0,
        0,
        0,
        0,
        0,
        0
      ]
    }
  ]
}
