{
  "results": [
    {
      "command": "normal_run",
      "mean": 0.16929666326,
      "stddev": 0.008504380469263382,
      "median": 0.16753745226,
      "user": 0.008957699999999999,
      "system": 0.0046892,
      "min": 0.15820201226,
      "max": 0.18828499926,
      "times": [
        0.16364708426000002,
        0.16872999426000002,
        0.17931532026000002,
        0.15820201226,
        0.16832984426,
        0.16682423226,
        0.16518138226,
        0.16825067226,
        0.16620109126000002,
        0.18828499926
      ],
      "exit_codes": [
        0,
        0,
        0,
        0,
        0,
        0,
        0,
        0,
        0,
        0
      ]
    },
    {
      "command": "with_nested_loop_join",
      "mean": 0.08391123986000001,
      "stddev": 0.014019522417117238,
      "median": 0.07985767176,
      "user": 0.009173499999999998,
      "system": 0.004888699999999999,
      "min": 0.06798457026,
      "max": 0.11032092026000001,
      "times": [
        0.07470334526,
        0.07791938526,
        0.07705456526,
        0.08611782226,
        0.11032092026000001,
        0.08179595826000001,
        0.08522688126,
        0.07185769426000001,
        0.10613125626,
        0.06798457026
      ],
      "exit_codes": [
        0,
        0,
        0,
        0,
        0,
        0,
        0,
        0,
        0,
        0
      ]
    },
    {
      "command": "with_hash_join",
      "mean": 5.60413760526,
      "stddev": 0.24283858874155714,
      "median": 5.506030154259999,
      "user": 0.008501599999999998,
      "system": 0.0042014999999999995,
      "min": 5.38647617326,
      "max": 6.07033897126,
      "times": [
        5.88052744326,
        5.50063034226,
        5.38647617326,
        5.39168318326,
        5.41091911726,
        5.70950577626,
        5.39456247826,
        5.78530260126,
        5.51142996626,
        6.07033897126
      ],
      "exit_codes": [
        0,
        0,
        0,
        0,
        0,
        0,
        0,
        0,
        0,
        0
      ]
    }
  ]
}
