{
  "results": [
    {
      "command": "normal_run",
      "mean": 1.5812237027199998,
      "stddev": 0.052029856966611505,
      "median": 1.56291183842,
      "user": 0.00232564,
      "system": 0.001256724,
      "min": 1.52036565092,
      "max": 1.68387363792,
      "times": [
        1.68387363792,
        1.54691084492,
        1.58817389192,
        1.55967992192,
        1.52036565092,
        1.5518455709199999,
        1.66280054092,
        1.55531186592,
        1.57713134692,
        1.5661437549200001
      ],
      "exit_codes": [
        0,
        0,
        0,
        0,
        0,
        0,
        0,
        0,
        0,
        0
      ]
    },
    {
      "command": "with_nested_loop_join",
      "mean": 1.56300347652,
      "stddev": 0.03354475261936973,
      "median": 1.5538117754199998,
      "user": 0.002528636,
      "system": 0.001271036,
      "min": 1.51309670292,
      "max": 1.62665569792,
      "times": [
        1.51309670292,
        1.55022503792,
        1.62665569792,
        1.56948168592,
        1.61224581492,
        1.5638764269199998,
        1.5460402659199999,
        1.5573985129199999,
        1.5421354359200001,
        1.54887918392
      ],
      "exit_codes": [
        0,
        0,
        0,
        0,
        0,
        0,
        0,
        0,
        0,
        0
      ]
    },
    {
      "command": "with_hash_join",
      "mean": 23.40113046982,
      "stddev": 0.16783098728530635,
      "median": 23.45298235742,
      "user": 0.0024498399999999996,
      "system": 0.001297192,
      "min": 23.03662057992,
      "max": 23.60308680092,
      "times": [
        23.459732171920002,
        23.60308680092,
        23.313201544920002,
        23.49517899592,
        23.44623254292,
        23.58118959792,
        23.30685843892,
        23.47390901192,
        23.03662057992,
        23.29529501292
      ],
      "exit_codes": [
        0,
        0,
        0,
        0,
        0,
        0,
        0,
        0,
        0,
        0
      ]
    }
  ]
}
