{
  "results": [
    {
      "command": "normal_run",
      "mean": 166.65980046456,
      "stddev": 1.5758366823406733,
      "median": 166.62063646056,
      "user": 0.0012266599999999999,
      "system": 0.001710534,
      "min": 164.50249314706002,
      "max": 168.69991928506002,
      "times": [
        168.29429125306,
        168.45749114006,
        167.70558278206002,
        165.31892734406,
        168.69991928506002,
        164.50249314706002,
        165.47717257506,
        166.27216123506,
        166.96911168606002,
        164.90085419806002
      ],
      "exit_codes": [
        0,
        0,
        0,
        0,
        0,
        0,
        0,
        0,
        0,
        0
      ]
    },
    {
      "command": "with_nested_loop_join",
      "mean": 165.88428730176003,
      "stddev": 0.972117042193077,
      "median": 165.78078799606,
      "user": 0.0022088959999999997,
      "system": 0.00071631,
      "min": 164.35142524206,
      "max": 167.67514550406,
      "times": [
        164.35142524206,
        165.35599269906,
        164.99202883706002,
        165.94280148306,
        167.17535427806,
        165.83731246406,
        165.59867952706,
        165.72426352806002,
        167.67514550406,
        166.18986945506
      ],
      "exit_codes": [
        0,
        0,
        0,
        0,
        0,
        0,
        0,
        0,
        0,
        0
      ]
    },
    {
      "command": "with_hash_join",
      "mean": 25.57914670586,
      "stddev": 0.1557993130629994,
      "median": 25.640974827559997,
      "user": 0.0020173839999999997,
      "system": 0.0014846719999999998,
      "min": 25.315721085059998,
      "max": 25.76777321506,
      "times": [
        25.409030874059997,
        25.315721085059998,
        25.76777321506,
        25.619804820059997,
        25.662144835059998,
        25.68284724106,
        25.680766274059998,
        25.73600304906,
        25.43317589806,
        25.484199767059998
      ],
      "exit_codes": [
        0,
        0,
        0,
        0,
        0,
        0,
        0,
        0,
        0,
        0
      ]
    }
  ]
}
