{
  "results": [
    {
      "command": "normal_run",
      "mean": 0.00781213672,
      "stddev": 0.0004887281112417781,
      "median": 0.00766646002,
      "user": 0.00145505,
      "system": 0.001509088,
      "min": 0.007333509520000001,
      "max": 0.008798897520000001,
      "times": [
        0.0075663265200000005,
        0.007333509520000001,
        0.00743666352,
        0.00848674152,
        0.008798897520000001,
        0.00788521352,
        0.00775817152,
        0.007929450519999999,
        0.00757474852,
        0.00735164452
      ],
      "exit_codes": [
        0,
        0,
        0,
        0,
        0,
        0,
        0,
        0,
        0,
        0
      ]
    },
    {
      "command": "with_nested_loop_join",
      "mean": 0.007977563220000001,
      "stddev": 0.0003399414656208559,
      "median": 0.00799916202,
      "user": 0.0018185800000000002,
      "system": 0.0013971880000000002,
      "min": 0.0074380785199999995,
      "max": 0.008464676519999999,
      "times": [
        0.00768980752,
        0.008453089520000002,
        0.00800860452,
        0.00789799452,
        0.00810472152,
        0.008141596519999999,
        0.00798971952,
        0.008464676519999999,
        0.0074380785199999995,
        0.00758734352
      ],
      "exit_codes": [
        0,
        0,
        0,
        0,
        0,
        0,
        0,
        0,
        0,
        0
      ]
    },
    {
      "command": "with_hash_join",
      "mean": 1.33273339702,
      "stddev": 0.03327572153400526,
      "median": 1.3225488785200001,
      "user": 0.0020832100000000003,
      "system": 0.00101569,
      "min": 1.3125792875200002,
      "max": 1.4265583885200002,
      "times": [
        1.3289483155200001,
        1.3243877785200002,
        1.3125792875200002,
        1.3277753095200002,
        1.32033543752,
        1.32194964352,
        1.31970205252,
        1.3221468225200002,
        1.3229509345200001,
        1.4265583885200002
      ],
      "exit_codes": [
        0,
        0,
        0,
        0,
        0,
        0,
        0,
        0,
        0,
        0
      ]
    }
  ]
}
