{
  "results": [
    {
      "command": "normal_run",
      "mean": 1.9882733174599998,
      "stddev": 2.309573854884851,
      "median": 0.55842828666,
      "user": 0.0022514539999999995,
      "system": 0.0006644099999999999,
      "min": 0.54494485866,
      "max": 5.39366761466,
      "times": [
        5.28565212466,
        5.32548687966,
        0.54783601066,
        0.54543726266,
        5.39366761466,
        0.55078996766,
        0.54494485866,
        0.55603515566,
        0.57206188266,
        0.56082141766
      ],
      "exit_codes": [
        0,
        0,
        0,
        0,
        0,
        0,
        0,
        0,
        0,
        0
      ]
    },
    {
      "command": "with_nested_loop_join",
      "mean": 2.5201892400599997,
      "stddev": 2.5191106236696768,
      "median": 0.5769383851600001,
      "user": 0.0020403479999999996,
      "system": 0.00093481,
      "min": 0.55822465366,
      "max": 5.48272172566,
      "times": [
        0.56999647966,
        5.43520919566,
        0.55822465366,
        0.56027470266,
        5.44592931566,
        0.57329482566,
        5.48272172566,
        0.57122795466,
        0.58058194466,
        5.42443160266
      ],
      "exit_codes": [
        0,
        0,
        0,
        0,
        0,
        0,
        0,
        0,
        0,
        0
      ]
    },
    {
      "command": "with_hash_join",
      "mean": 4.1436550501600005,
      "stddev": 0.1561862482913596,
      "median": 4.232485773660001,
      "user": 0.0020506419999999997,
      "system": 0.000867448,
      "min": 3.89997112666,
      "max": 4.29583286366,
      "times": [
        4.29583286366,
        3.93155614266,
        3.89997112666,
        3.94431608966,
        4.25385589666,
        4.2409944386600005,
        4.22397710866,
        4.25526583066,
        4.13880211266,
        4.25197889166
      ],
      "exit_codes": [
        0,
        0,
        0,
        0,
        0,
        0,
        0,
        0,
        0,
        0
      ]
    }
  ]
}
