{
  "results": [
    {
      "command": "normal_run",
      "mean": 1.50627586092,
      "stddev": 0.07126502369367552,
      "median": 1.47678196702,
      "user": 0.00267746,
      "system": 0.0011217080000000001,
      "min": 1.4074846920200001,
      "max": 1.6178894910200001,
      "times": [
        1.57525646002,
        1.58665722002,
        1.5493638730200001,
        1.47857141502,
        1.47499251902,
        1.47474724102,
        1.4722458900200002,
        1.4074846920200001,
        1.4255498080200002,
        1.6178894910200001
      ],
      "exit_codes": [
        0,
        0,
        0,
        0,
        0,
        0,
        0,
        0,
        0,
        0
      ]
    },
    {
      "command": "with_nested_loop_join",
      "mean": 1.50104784412,
      "stddev": 0.10156050555935933,
      "median": 1.51677043352,
      "user": 0.00261826,
      "system": 0.00117501,
      "min": 1.2973909510200001,
      "max": 1.6383934100200002,
      "times": [
        1.44276086902,
        1.39072657102,
        1.2973909510200001,
        1.51655216402,
        1.51759415202,
        1.6383934100200002,
        1.50893445202,
        1.58489683302,
        1.5169887030200002,
        1.59624033602
      ],
      "exit_codes": [
        0,
        0,
        0,
        0,
        0,
        0,
        0,
        0,
        0,
        0
      ]
    },
    {
      "command": "with_hash_join",
      "mean": 11.14120215142,
      "stddev": 0.0655142506565591,
      "median": 11.157530790020001,
      "user": 0.00282816,
      "system": 0.001154008,
      "min": 11.02831488502,
      "max": 11.23528257102,
      "times": [
        11.02831488502,
        11.23528257102,
        11.16043442702,
        11.182292758020001,
        11.15462715302,
        11.19958748602,
        11.18745422102,
        11.07503951902,
        11.11041580802,
        11.078572686020001
      ],
      "exit_codes": [
        0,
        0,
        0,
        0,
        0,
        0,
        0,
        0,
        0,
        0
      ]
    }
  ]
}
