{
  "results": [
    {
      "command": "normal_run",
      "mean": 2.99445277458,
      "stddev": 0.16420957928176572,
      "median": 2.95016665178,
      "user": 0.00193206,
      "system": 0.0011201240000000001,
      "min": 2.7950673037800002,
      "max": 3.3721371327800003,
      "times": [
        3.3721371327800003,
        3.1760469387800003,
        3.00196521278,
        2.9085520587800002,
        2.91320153178,
        2.7950673037800002,
        2.9409313957800003,
        2.97695272578,
        2.9594019077800002,
        2.90027153778
      ],
      "exit_codes": [
        0,
        0,
        0,
        0,
        0,
        0,
        0,
        0,
        0,
        0
      ]
    },
    {
      "command": "with_nested_loop_join",
      "mean": 3.08089055378,
      "stddev": 0.48084037663388635,
      "median": 2.8892333272800004,
      "user": 0.0021317600000000003,
      "system": 0.000856724,
      "min": 2.76473583878,
      "max": 4.2158545817799995,
      "times": [
        2.9071218467800004,
        2.76473583878,
        2.8713448077800003,
        2.8210434017800003,
        4.2158545817799995,
        3.6964247447800003,
        2.9515932077800002,
        2.9393666567800003,
        2.8127173417800004,
        2.82870310978
      ],
      "exit_codes": [
        0,
        0,
        0,
        0,
        0,
        0,
        0,
        0,
        0,
        0
      ]
    },
    {
      "command": "with_hash_join",
      "mean": 5.49122265898,
      "stddev": 0.05061075457237916,
      "median": 5.46900847228,
      "user": 0.0014975,
      "system": 0.0018828779999999997,
      "min": 5.44651488178,
      "max": 5.57290727878,
      "times": [
        5.46698492278,
        5.471032021779999,
        5.453673236779999,
        5.44651488178,
        5.473850340779999,
        5.459343243779999,
        5.55451675878,
        5.57290727878,
        5.56225971678,
        5.45114418778
      ],
      "exit_codes": [
        0,
        0,
        0,
        0,
        0,
        0,
        0,
        0,
        0,
        0
      ]
    }
  ]
}
