{
  "results": [
    {
      "command": "normal_run",
      "mean": 3.3747871872000004,
      "stddev": 0.3171351122318151,
      "median": 3.3225453587000002,
      "user": 0.0021506039999999995,
      "system": 0.00084961,
      "min": 2.9590055522000003,
      "max": 3.9533391442,
      "times": [
        3.2344870492,
        2.9807531682,
        2.9590055522000003,
        3.3248874722000004,
        3.6765272312,
        3.6536904362000002,
        3.9533391442,
        3.4688703602,
        3.3202032452,
        3.1761082132
      ],
      "exit_codes": [
        0,
        0,
        0,
        0,
        0,
        0,
        0,
        0,
        0,
        0
      ]
    },
    {
      "command": "with_nested_loop_join",
      "mean": 3.3548731514000005,
      "stddev": 0.42133336320950066,
      "median": 3.1909711207000004,
      "user": 0.0019830919999999997,
      "system": 0.0013355519999999998,
      "min": 2.8640240172,
      "max": 4.1366249102,
      "times": [
        3.1726041012,
        3.5220761202000004,
        3.1536326792000002,
        3.1570585942,
        3.2093381402000003,
        2.8872592292,
        2.8640240172,
        4.1366249102,
        3.5064250682,
        3.9396886542000003
      ],
      "exit_codes": [
        0,
        0,
        0,
        0,
        0,
        0,
        0,
        0,
        0,
        0
      ]
    },
    {
      "command": "with_hash_join",
      "mean": 5.0195686439,
      "stddev": 0.06978206946694383,
      "median": 4.9802376807,
      "user": 0.0022272919999999996,
      "system": 0.0009720679999999999,
      "min": 4.9478109262,
      "max": 5.1213541862000005,
      "times": [
        4.9478109262,
        4.9629452472,
        4.9544388282,
        4.9788292992,
        5.1074752042,
        4.9816460622,
        4.9755452912,
        5.1213541862000005,
        5.0900035422,
        5.0756378522
      ],
      "exit_codes": [
        0,
        0,
        0,
        0,
        0,
        0,
        0,
        0,
        0,
        0
      ]
    }
  ]
}
