{
  "results": [
    {
      "command": "normal_run",
      "mean": 16.481267571720004,
      "stddev": 0.47238254137832264,
      "median": 16.526017780620002,
      "user": 0.0024102679999999993,
      "system": 0.00046699999999999997,
      "min": 15.92708811462,
      "max": 17.08106674862,
      "times": [
        15.92708811462,
        16.02079842162,
        16.43792123162,
        16.61411432962,
        15.930332720620001,
        16.825792088620002,
        16.96887401462,
        16.02957544862,
        17.08106674862,
        16.97711259862
      ],
      "exit_codes": [
        0,
        0,
        0,
        0,
        0,
        0,
        0,
        0,
        0,
        0
      ]
    },
    {
      "command": "with_nested_loop_join",
      "mean": 16.16834788662,
      "stddev": 0.739658019791466,
      "median": 16.32271140312,
      "user": 0.001853212,
      "system": 0.00110168,
      "min": 15.13287358762,
      "max": 17.23570827862,
      "times": [
        15.13287358762,
        16.35879230162,
        17.23570827862,
        15.31202399562,
        15.78053254862,
        16.28663050462,
        16.98240202962,
        16.36568837262,
        15.38264035762,
        16.84618688962
      ],
      "exit_codes": [
        0,
        0,
        0,
        0,
        0,
        0,
        0,
        0,
        0,
        0
      ]
    },
    {
      "command": "with_hash_join",
      "mean": 48.350609819919995,
      "stddev": 7.004112120656317,
      "median": 44.02717252712,
      "user": 0.002119964,
      "system": 0.0009693999999999998,
      "min": 41.909391640619994,
      "max": 56.883464481619995,
      "times": [
        43.852954086619995,
        43.44742987862,
        56.131974177619995,
        42.083833074619996,
        56.211208310619995,
        41.909391640619994,
        42.252470086619994,
        44.20139096762,
        56.883464481619995,
        56.53198149462
      ],
      "exit_codes": [
        0,
        0,
        0,
        0,
        0,
        0,
        0,
        0,
        0,
        0
      ]
    }
  ]
}
