{
  "results": [
    {
      "command": "normal_run",
      "mean": 4.252267435819999,
      "stddev": 0.4317090055264358,
      "median": 4.21090872832,
      "user": 0.0025579960000000007,
      "system": 0.0006230220000000001,
      "min": 3.65615990632,
      "max": 4.88877957232,
      "times": [
        3.6834939233200004,
        3.65615990632,
        4.66687849932,
        4.14475102732,
        4.61900878332,
        4.17574790632,
        4.58663502632,
        4.24606955032,
        3.8551501633200003,
        4.88877957232
      ],
      "exit_codes": [
        0,
        0,
        0,
        0,
        0,
        0,
        0,
        0,
        0,
        0
      ]
    },
    {
      "command": "with_nested_loop_join",
      "mean": 3.65325211452,
      "stddev": 0.23603033154153583,
      "median": 3.65230714782,
      "user": 0.0018591839999999998,
      "system": 0.001219344,
      "min": 3.1191521143200003,
      "max": 4.01812383632,
      "times": [
        3.61625678732,
        3.90606876032,
        3.70499106932,
        3.70371620432,
        3.6365258533200002,
        3.55530796332,
        4.01812383632,
        3.1191521143200003,
        3.6042901143200003,
        3.66808844232
      ],
      "exit_codes": [
        0,
        0,
        0,
        0,
        0,
        0,
        0,
        0,
        0,
        0
      ]
    },
    {
      "command": "with_hash_join",
      "mean": 12.39997550322,
      "stddev": 0.12840547473725644,
      "median": 12.43105358682,
      "user": 0.0026060080000000004,
      "system": 0.000620622,
      "min": 12.21369413032,
      "max": 12.60586455332,
      "times": [
        12.45539990832,
        12.24105699532,
        12.38822338832,
        12.41922354832,
        12.24955614732,
        12.44288362532,
        12.21369413032,
        12.51525096632,
        12.46860176932,
        12.60586455332
      ],
      "exit_codes": [
        0,
        0,
        0,
        0,
        0,
        0,
        0,
        0,
        0,
        0
      ]
    }
  ]
}
