{
  "results": [
    {
      "command": "normal_run",
      "mean": 9.265483028539999,
      "stddev": 0.25312471232442646,
      "median": 9.309578260639999,
      "user": 0.0019391120000000002,
      "system": 0.0011117759999999999,
      "min": 8.808011816139999,
      "max": 9.612342050139999,
      "times": [
        9.612342050139999,
        9.04350166614,
        8.808011816139999,
        9.04610434914,
        9.26896039914,
        9.35019612214,
        9.507928420139999,
        9.48416486214,
        9.132903947139999,
        9.40071665314
      ],
      "exit_codes": [
        0,
        0,
        0,
        0,
        0,
        0,
        0,
        0,
        0,
        0
      ]
    },
    {
      "command": "with_nested_loop_join",
      "mean": 7.966178207739999,
      "stddev": 1.9574722804041211,
      "median": 9.05221438664,
      "user": 0.0017046139999999997,
      "system": 0.0012080519999999998,
      "min": 5.11074838014,
      "max": 9.712311378139999,
      "times": [
        8.989692441139999,
        9.24892600214,
        9.712311378139999,
        5.18328443514,
        8.41950659614,
        9.11675191214,
        5.11074838014,
        9.54119720814,
        5.22462739214,
        9.11473633214
      ],
      "exit_codes": [
        0,
        0,
        0,
        0,
        0,
        0,
        0,
        0,
        0,
        0
      ]
    },
    {
      "command": "with_hash_join",
      "mean": 12.336051800740002,
      "stddev": 0.10761438038293167,
      "median": 12.327100786639999,
      "user": 0.001586612,
      "system": 0.00132157,
      "min": 12.22504551414,
      "max": 12.49278759614,
      "times": [
        12.22618103914,
        12.22504551414,
        12.22884398714,
        12.24065593614,
        12.26667551914,
        12.421007610139998,
        12.430639828139999,
        12.387526054139999,
        12.44115492314,
        12.49278759614
      ],
      "exit_codes": [
        0,
        0,
        0,
        0,
        0,
        0,
        0,
        0,
        0,
        0
      ]
    }
  ]
}
