{
  "results": [
    {
      "command": "normal_run",
      "mean": 0.09635860342000001,
      "stddev": 0.001658032007609788,
      "median": 0.09637588382000001,
      "user": 0.0021165559999999995,
      "system": 0.0010666159999999998,
      "min": 0.09368668832000002,
      "max": 0.09870475532000002,
      "times": [
        0.09368668832000002,
        0.09420634832000001,
        0.09860141832000001,
        0.09870475532000002,
        0.09628458032000001,
        0.09646718732000001,
        0.09596973632000001,
        0.09555353132000001,
        0.09762448632000001,
        0.09648730232000001
      ],
      "exit_codes": [
        0,
        0,
        0,
        0,
        0,
        0,
        0,
        0,
        0,
        0
      ]
    },
    {
      "command": "with_nested_loop_join",
      "mean": 0.10004458172000001,
      "stddev": 0.00762558422733673,
      "median": 0.09734229332000002,
      "user": 0.002717372,
      "system": 0.0006381159999999999,
      "min": 0.09330906932000001,
      "max": 0.11296087832000001,
      "times": [
        0.10835286732000002,
        0.09398727032000001,
        0.11296087832000001,
        0.09330906932000001,
        0.09415790132000001,
        0.09374524832000002,
        0.09673402032000002,
        0.09795056632000002,
        0.09854913532000001,
        0.11069886032000001
      ],
      "exit_codes": [
        0,
        0,
        0,
        0,
        0,
        0,
        0,
        0,
        0,
        0
      ]
    },
    {
      "command": "with_hash_join",
      "mean": 10.92932583232,
      "stddev": 0.08289680177593212,
      "median": 10.89604166832,
      "user": 0.0017440480000000002,
      "system": 0.0014734159999999997,
      "min": 10.85460001332,
      "max": 11.10354953132,
      "times": [
        10.890020894320001,
        10.89413627032,
        10.89794706632,
        10.85460001332,
        10.88723723032,
        10.857159348320002,
        10.90692393532,
        11.04791024332,
        11.10354953132,
        10.953773790320001
      ],
      "exit_codes": [
        0,
        0,
        0,
        0,
        0,
        0,
        0,
        0,
        0,
        0
      ]
    }
  ]
}
