{
  "results": [
    {
      "command": "normal_run",
      "mean": 50.35439096830001,
      "stddev": 4.013685603108988,
      "median": 48.9630186456,
      "user": 0.002470976,
      "system": 0.000697828,
      "min": 47.2613539466,
      "max": 58.211870220600005,
      "times": [
        48.0574340276,
        47.2613539466,
        47.3734764326,
        48.8384568046,
        58.211870220600005,
        57.467037529600006,
        48.966996127600005,
        48.963738827600004,
        48.9622984636,
        49.441247302600004
      ],
      "exit_codes": [
        0,
        0,
        0,
        0,
        0,
        0,
        0,
        0,
        0,
        0
      ]
    },
    {
      "command": "with_nested_loop_join",
      "mean": 93.0577093247,
      "stddev": 5.214091950498217,
      "median": 93.3422327631,
      "user": 0.0021044759999999997,
      "system": 0.0008904560000000001,
      "min": 83.3260703726,
      "max": 100.2954440186,
      "times": [
        91.5006433356,
        97.0922498736,
        97.8884520856,
        100.2954440186,
        90.1229995346,
        91.2966092996,
        95.1838221906,
        87.64589986659999,
        96.2249026696,
        83.3260703726
      ],
      "exit_codes": [
        0,
        0,
        0,
        0,
        0,
        0,
        0,
        0,
        0,
        0
      ]
    },
    {
      "command": "with_hash_join",
      "mean": 11.2830582217,
      "stddev": 0.10562213024638024,
      "median": 11.247201536599999,
      "user": 0.001813932,
      "system": 0.001513656,
      "min": 11.1890940356,
      "max": 11.5331988986,
      "times": [
        11.1890940356,
        11.3406200286,
        11.3663689306,
        11.5331988986,
        11.191053609599999,
        11.2576611356,
        11.223998504599999,
        11.220928321599999,
        11.2367419376,
        11.2709168146
      ],
      "exit_codes": [
        0,
        0,
        0,
        0,
        0,
        0,
        0,
        0,
        0,
        0
      ]
    }
  ]
}
