{
  "results": [
    {
      "command": "normal_run",
      "mean": 48.40194002896,
      "stddev": 0.34992943530397214,
      "median": 48.42786395546,
      "user": 0.0019570340000000003,
      "system": 0.0010854099999999998,
      "min": 47.58894404746,
      "max": 48.80753684346,
      "times": [
        48.80753684346,
        48.618573363459994,
        48.42457101646,
        48.126602451459995,
        48.431156894459995,
        47.58894404746,
        48.783403433459995,
        48.465987844459995,
        48.35186829046,
        48.42075610446
      ],
      "exit_codes": [
        0,
        0,
        0,
        0,
        0,
        0,
        0,
        0,
        0,
        0
      ]
    },
    {
      "command": "with_nested_loop_join",
      "mean": 87.11879592466,
      "stddev": 7.6312803109783145,
      "median": 87.67140194496,
      "user": 0.001876496,
      "system": 0.0011293319999999998,
      "min": 75.44809545046,
      "max": 99.46237065046,
      "times": [
        85.63958075946,
        78.39691491946,
        92.68898894746,
        99.46237065046,
        92.40337817145999,
        92.96741060746,
        89.70322313046,
        84.45657729746,
        80.02141931246,
        75.44809545046
      ],
      "exit_codes": [
        0,
        0,
        0,
        0,
        0,
        0,
        0,
        0,
        0,
        0
      ]
    },
    {
      "command": "with_hash_join",
      "mean": 23.21775306576,
      "stddev": 0.23079890911310333,
      "median": 23.11457468946,
      "user": 0.0020650580000000003,
      "system": 0.0009286319999999999,
      "min": 23.00856900046,
      "max": 23.678871387460003,
      "times": [
        23.14094754646,
        23.17736251846,
        23.04583798046,
        23.048136874460003,
        23.08820183246,
        23.48480608146,
        23.00856900046,
        23.06982169646,
        23.43497573946,
        23.678871387460003
      ],
      "exit_codes": [
        0,
        0,
        0,
        0,
        0,
        0,
        0,
        0,
        0,
        0
      ]
    }
  ]
}
