{
  "results": [
    {
      "command": "normal_run",
      "mean": 50.20532799864,
      "stddev": 0.27870049329989477,
      "median": 50.22915137744,
      "user": 0.0024037999999999998,
      "system": 0.000678864,
      "min": 49.76893449494,
      "max": 50.81324636094,
      "times": [
        50.05086479394,
        49.76893449494,
        50.15100714994,
        50.21265088494,
        50.33516549594,
        49.91762286294,
        50.81324636094,
        50.24565186994,
        50.28477665994,
        50.273359412939996
      ],
      "exit_codes": [
        0,
        0,
        0,
        0,
        0,
        0,
        0,
        0,
        0,
        0
      ]
    },
    {
      "command": "with_nested_loop_join",
      "mean": 83.80253287824,
      "stddev": 6.281547288535413,
      "median": 83.57113667344,
      "user": 0.0029427000000000004,
      "system": 0.000037916,
      "min": 74.93608513994,
      "max": 93.53888469194,
      "times": [
        77.58015291694,
        74.93608513994,
        78.79986463294,
        84.13220298094,
        79.52779247594,
        92.29663863094,
        85.51517188094,
        88.68846506594,
        93.53888469194,
        83.01007036594
      ],
      "exit_codes": [
        0,
        0,
        0,
        0,
        0,
        0,
        0,
        0,
        0,
        0
      ]
    },
    {
      "command": "with_hash_join",
      "mean": 23.70929962054,
      "stddev": 0.18961900089310507,
      "median": 23.683412448440002,
      "user": 0.0017770999999999998,
      "system": 0.00119428,
      "min": 23.48716280694,
      "max": 24.05470109494,
      "times": [
        23.67217859794,
        23.50024992994,
        23.48716280694,
        23.75000196294,
        24.05470109494,
        23.87693236094,
        23.69464629894,
        23.63162290994,
        23.52060176194,
        23.90489848094
      ],
      "exit_codes": [
        0,
        0,
        0,
        0,
        0,
        0,
        0,
        0,
        0,
        0
      ]
    }
  ]
}
