{
  "results": [
    {
      "command": "normal_run",
      "mean": 10.902562889079997,
      "stddev": 0.3069939167734126,
      "median": 10.82085404848,
      "user": 0.0025908680000000005,
      "system": 0.000385714,
      "min": 10.56144794348,
      "max": 11.362549334479999,
      "times": [
        11.09925342948,
        10.56144794348,
        10.743314095479999,
        10.577111628479999,
        11.13682273848,
        11.31896168548,
        10.75967076948,
        11.362549334479999,
        10.584459938479998,
        10.882037327479999
      ],
      "exit_codes": [
        0,
        0,
        0,
        0,
        0,
        0,
        0,
        0,
        0,
        0
      ]
    },
    {
      "command": "with_nested_loop_join",
      "mean": 10.769323882379998,
      "stddev": 0.2989890802702921,
      "median": 10.786612319979998,
      "user": 0.0027972200000000004,
      "system": 0.000155614,
      "min": 10.30802079948,
      "max": 11.192590594479999,
      "times": [
        11.192590594479999,
        10.70626411248,
        10.93629742448,
        10.310416438479999,
        10.729729494479999,
        10.642980327479998,
        10.89007412348,
        10.843495145479999,
        10.30802079948,
        11.13337036348
      ],
      "exit_codes": [
        0,
        0,
        0,
        0,
        0,
        0,
        0,
        0,
        0,
        0
      ]
    },
    {
      "command": "with_hash_join",
      "mean": 9.458373405979998,
      "stddev": 0.0761947826189041,
      "median": 9.45891684748,
      "user": 0.002271268,
      "system": 0.000580228,
      "min": 9.35784691648,
      "max": 9.61025897948,
      "times": [
        9.61025897948,
        9.47712055748,
        9.497076892479999,
        9.510973112479999,
        9.44071313748,
        9.35784691648,
        9.395202145479999,
        9.38321476248,
        9.408261996479999,
        9.50306555948
      ],
      "exit_codes": [
        0,
        0,
        0,
        0,
        0,
        0,
        0,
        0,
        0,
        0
      ]
    }
  ]
}
