{
  "results": [
    {
      "command": "normal_run",
      "mean": 29.023498551399996,
      "stddev": 1.0316987353259055,
      "median": 29.259975554199997,
      "user": 0.0017924580000000002,
      "system": 0.001367352,
      "min": 26.2959942737,
      "max": 29.9690746757,
      "times": [
        29.2272829327,
        29.3218687067,
        28.7624662597,
        29.9690746757,
        29.8959172087,
        29.189058505699997,
        26.2959942737,
        29.4225165077,
        28.8581382677,
        29.292668175699998
      ],
      "exit_codes": [
        0,
        0,
        0,
        0,
        0,
        0,
        0,
        0,
        0,
        0
      ]
    },
    {
      "command": "with_nested_loop_join",
      "mean": 111.91491244720001,
      "stddev": 1.3207065179781081,
      "median": 111.7007002422,
      "user": 0.0021024959999999997,
      "system": 0.00115466,
      "min": 110.1649509197,
      "max": 114.7920998617,
      "times": [
        114.7920998617,
        112.5750490277,
        112.4477707197,
        110.9148062237,
        111.3700765047,
        111.1946482327,
        110.8820944157,
        112.0313239797,
        112.7763045867,
        110.1649509197
      ],
      "exit_codes": [
        0,
        0,
        0,
        0,
        0,
        0,
        0,
        0,
        0,
        0
      ]
    },
    {
      "command": "with_hash_join",
      "mean": 22.3870759737,
      "stddev": 0.5358001378833086,
      "median": 22.1749329932,
      "user": 0.0019699339999999996,
      "system": 0.001190652,
      "min": 21.8517442177,
      "max": 23.0923470617,
      "times": [
        23.0923470617,
        21.8581310937,
        21.924617096699997,
        23.073304812699998,
        21.8517442177,
        21.9214660297,
        22.2025493297,
        22.1473166567,
        22.926224189699997,
        22.8730592487
      ],
      "exit_codes": [
        0,
        0,
        0,
        0,
        0,
        0,
        0,
        0,
        0,
        0
      ]
    }
  ]
}
