{
  "results": [
    {
      "command": "normal_run",
      "mean": 66.07840531186,
      "stddev": 1.6650002942742217,
      "median": 66.22774503246,
      "user": 0.0023053720000000004,
      "system": 0.000698084,
      "min": 63.82891067446,
      "max": 68.64447392545999,
      "times": [
        68.64447392545999,
        67.35156549846,
        66.72542615846,
        66.95668337146,
        67.79205271146,
        65.73006390646,
        64.33604481446,
        63.82891067446,
        64.13838983946,
        65.28044221846
      ],
      "exit_codes": [
        0,
        0,
        0,
        0,
        0,
        0,
        0,
        0,
        0,
        0
      ]
    },
    {
      "command": "with_nested_loop_join",
      "mean": 116.09514708665999,
      "stddev": 3.6187093812869375,
      "median": 115.20779104696,
      "user": 0.0029469400000000008,
      "system": 0.00011739199999999999,
      "min": 112.19361156746,
      "max": 123.27482164346,
      "times": [
        123.27482164346,
        119.33867617845999,
        117.88089165346,
        118.62877414146,
        116.00209409746,
        113.14469178446,
        113.63445933546,
        112.19361156746,
        112.43996246846,
        114.41348799645999
      ],
      "exit_codes": [
        0,
        0,
        0,
        0,
        0,
        0,
        0,
        0,
        0,
        0
      ]
    },
    {
      "command": "with_hash_join",
      "mean": 21.40436621956,
      "stddev": 0.14815879174571045,
      "median": 21.406841225460003,
      "user": 0.0025885720000000004,
      "system": 0.0005897919999999999,
      "min": 21.132906207460003,
      "max": 21.71318203646,
      "times": [
        21.398209289460002,
        21.51294041946,
        21.71318203646,
        21.32008861646,
        21.132906207460003,
        21.31403000946,
        21.43214977346,
        21.41828500746,
        21.386397674460003,
        21.415473161460003
      ],
      "exit_codes": [
        0,
        0,
        0,
        0,
        0,
        0,
        0,
        0,
        0,
        0
      ]
    }
  ]
}
