{
  "results": [
    {
      "command": "normal_run",
      "mean": 14.44852439046,
      "stddev": 0.21434928908179288,
      "median": 14.405883417960002,
      "user": 0.0010633139999999999,
      "system": 0.0018543239999999996,
      "min": 14.24083153996,
      "max": 14.95083244496,
      "times": [
        14.95083244496,
        14.27098211696,
        14.421163571960001,
        14.54306775396,
        14.290004810960001,
        14.24083153996,
        14.538562906960001,
        14.55850200796,
        14.390603263960001,
        14.28069348696
      ],
      "exit_codes": [
        0,
        0,
        0,
        0,
        0,
        0,
        0,
        0,
        0,
        0
      ]
    },
    {
      "command": "with_nested_loop_join",
      "mean": 15.116023310460003,
      "stddev": 0.318076007570716,
      "median": 15.12506949346,
      "user": 0.00322456,
      "system": 0.00028252799999999994,
      "min": 14.57102426896,
      "max": 15.66311532796,
      "times": [
        15.66311532796,
        15.36951523496,
        15.28723344796,
        15.16327850196,
        14.96453686896,
        15.08686048496,
        15.34933397496,
        14.57102426896,
        14.87976289196,
        14.82557210196
      ],
      "exit_codes": [
        0,
        0,
        0,
        0,
        0,
        0,
        0,
        0,
        0,
        0
      ]
    },
    {
      "command": "with_hash_join",
      "mean": 13.957177578060001,
      "stddev": 0.06047235315428174,
      "median": 13.964996043460001,
      "user": 0.0015283599999999999,
      "system": 0.0013289239999999998,
      "min": 13.86489011896,
      "max": 14.062458534960001,
      "times": [
        14.01245358096,
        13.86489011896,
        13.95867148196,
        13.90389688896,
        14.062458534960001,
        13.99394593896,
        13.919758723960001,
        13.97132060496,
        13.98698520096,
        13.89739470596
      ],
      "exit_codes": [
        0,
        0,
        0,
        0,
        0,
        0,
        0,
        0,
        0,
        0
      ]
    }
  ]
}
