{
  "results": [
    {
      "command": "normal_run",
      "mean": 27.109805610720002,
      "stddev": 11.335545710578147,
      "median": 24.41452111322,
      "user": 0.001965242,
      "system": 0.0009524999999999999,
      "min": 20.24091838772,
      "max": 59.06403301872,
      "times": [
        21.84260844372,
        24.127793279720002,
        59.06403301872,
        20.24091838772,
        23.148435548720002,
        24.949950916720002,
        24.70124894672,
        23.074987673720003,
        24.97026242172,
        24.97781746972
      ],
      "exit_codes": [
        0,
        0,
        0,
        0,
        0,
        0,
        0,
        0,
        0,
        0
      ]
    },
    {
      "command": "with_nested_loop_join",
      "mean": 88.49709626502,
      "stddev": 1.8222759748210156,
      "median": 88.28321065272,
      "user": 0.002077942,
      "system": 0.0010312,
      "min": 85.99496962072,
      "max": 90.93028157472,
      "times": [
        90.93028157472,
        90.84868076472,
        90.21320309972,
        89.39093526072,
        88.45233074572,
        85.99496962072,
        88.11409055972,
        88.05369620672,
        86.49174648272,
        86.48102833472001
      ],
      "exit_codes": [
        0,
        0,
        0,
        0,
        0,
        0,
        0,
        0,
        0,
        0
      ]
    },
    {
      "command": "with_hash_join",
      "mean": 14.39134030132,
      "stddev": 0.6042092330697049,
      "median": 14.060715910719999,
      "user": 0.001853142,
      "system": 0.00117066,
      "min": 13.82398815072,
      "max": 15.41092418872,
      "times": [
        14.30454607772,
        14.10305628872,
        14.018375532719999,
        13.82398815072,
        15.193832167719998,
        15.12432078472,
        13.99340517772,
        13.95346937872,
        15.41092418872,
        13.987485265719998
      ],
      "exit_codes": [
        0,
        0,
        0,
        0,
        0,
        0,
        0,
        0,
        0,
        0
      ]
    }
  ]
}
