{
  "results": [
    {
      "command": "normal_run",
      "mean": 8.58520819636,
      "stddev": 2.177162468233264,
      "median": 9.235984411459999,
      "user": 0.002575428,
      "system": 0.0005591239999999999,
      "min": 2.3921994354600002,
      "max": 9.43241645546,
      "times": [
        9.21638467046,
        9.24543675046,
        9.204615930460001,
        9.32393934646,
        9.28187738446,
        2.3921994354600002,
        9.20755501846,
        9.43241645546,
        9.22653207246,
        9.321124899460001
      ],
      "exit_codes": [
        0,
        0,
        0,
        0,
        0,
        0,
        0,
        0,
        0,
        0
      ]
    },
    {
      "command": "with_nested_loop_join",
      "mean": 59.930050260259996,
      "stddev": 16.060342228230255,
      "median": 64.92633512396,
      "user": 0.0016950519999999996,
      "system": 0.001326448,
      "min": 14.23775935746,
      "max": 65.95838711846,
      "times": [
        65.18014411146,
        14.23775935746,
        65.11585149646,
        65.02460773146,
        64.82806251646,
        64.68328016846,
        64.67860568846,
        65.95838711846,
        64.36707060346,
        65.22673381045999
      ],
      "exit_codes": [
        0,
        0,
        0,
        0,
        0,
        0,
        0,
        0,
        0,
        0
      ]
    },
    {
      "command": "with_hash_join",
      "mean": 9.79176286086,
      "stddev": 0.051739031760196785,
      "median": 9.78293850696,
      "user": 0.0015594599999999997,
      "system": 0.001577348,
      "min": 9.73314767946,
      "max": 9.86242341546,
      "times": [
        9.73759861746,
        9.733313968460001,
        9.84109292046,
        9.75890339346,
        9.76832948346,
        9.84720515946,
        9.797547530460001,
        9.73314767946,
        9.86242341546,
        9.83806644046
      ],
      "exit_codes": [
        0,
        0,
        0,
        0,
        0,
        0,
        0,
        0,
        0,
        0
      ]
    }
  ]
}
