{
  "results": [
    {
      "command": "normal_run",
      "mean": 6.539113114,
      "stddev": 3.629901418125017,
      "median": 9.2780760928,
      "user": 0.0024508919999999997,
      "system": 0.0006092879999999999,
      "min": 2.2954108783000002,
      "max": 9.5013389673,
      "times": [
        9.5013389673,
        9.4187958733,
        9.3154151243,
        2.3132272713,
        9.2922375933,
        2.3476223353,
        9.3101945413,
        2.2954108783000002,
        9.2639145923,
        2.3329739633
      ],
      "exit_codes": [
        0,
        0,
        0,
        0,
        0,
        0,
        0,
        0,
        0,
        0
      ]
    },
    {
      "command": "with_nested_loop_join",
      "mean": 65.0287327,
      "stddev": 0.3002404716518516,
      "median": 65.0844600783,
      "user": 0.0026581919999999998,
      "system": 0.000716276,
      "min": 64.4294893023,
      "max": 65.41237786730001,
      "times": [
        65.0633674843,
        65.2616598553,
        65.41237786730001,
        65.0073175823,
        64.4294893023,
        64.59990127030001,
        65.0271628433,
        65.1055526723,
        65.2499748113,
        65.1305233113
      ],
      "exit_codes": [
        0,
        0,
        0,
        0,
        0,
        0,
        0,
        0,
        0,
        0
      ]
    },
    {
      "command": "with_hash_join",
      "mean": 9.8184201175,
      "stddev": 0.09770196315331786,
      "median": 9.7743500268,
      "user": 0.002298792,
      "system": 0.0007917759999999999,
      "min": 9.7454625633,
      "max": 10.0166197713,
      "times": [
        9.7705663113,
        9.7523438043,
        9.7951314813,
        10.0166197713,
        9.9841642953,
        9.7693714133,
        9.7454625633,
        9.8024989683,
        9.7699088243,
        9.7781337423
      ],
      "exit_codes": [
        0,
        0,
        0,
        0,
        0,
        0,
        0,
        0,
        0,
        0
      ]
    }
  ]
}
