{
  "results": [
    {
      "command": "normal_run",
      "mean": 28.742166322600003,
      "stddev": 5.688541054791169,
      "median": 27.8233734982,
      "user": 0.0019337719999999998,
      "system": 0.001150084,
      "min": 23.9502506697,
      "max": 44.3323280947,
      "times": [
        27.9544607467,
        27.9692920867,
        23.9502506697,
        24.3999388997,
        27.8532013357,
        27.7935456607,
        44.3323280947,
        27.7041171977,
        27.3201657257,
        28.1443628087
      ],
      "exit_codes": [
        0,
        0,
        0,
        0,
        0,
        0,
        0,
        0,
        0,
        0
      ]
    },
    {
      "command": "with_nested_loop_join",
      "mean": 88.1516238005,
      "stddev": 1.4561924634588355,
      "median": 87.79365851620001,
      "user": 0.0019691839999999997,
      "system": 0.00099873,
      "min": 86.6181537007,
      "max": 91.6628422497,
      "times": [
        91.6628422497,
        89.4192779507,
        87.4677793997,
        88.2766417447,
        87.85859278570001,
        87.5258809667,
        88.0929380367,
        86.86540692370001,
        87.72872424670001,
        86.6181537007
      ],
      "exit_codes": [
        0,
        0,
        0,
        0,
        0,
        0,
        0,
        0,
        0,
        0
      ]
    },
    {
      "command": "with_hash_join",
      "mean": 15.471976684600003,
      "stddev": 0.5744583182182942,
      "median": 15.136064855199999,
      "user": 0.002506396,
      "system": 0.0005940839999999999,
      "min": 15.0618735727,
      "max": 16.3182623927,
      "times": [
        15.143231436699999,
        15.097725945699999,
        16.2917256007,
        15.0618735727,
        16.2978986317,
        15.113249335699999,
        15.195809278699999,
        16.3182623927,
        15.0710923777,
        15.128898273699999
      ],
      "exit_codes": [
        0,
        0,
        0,
        0,
        0,
        0,
        0,
        0,
        0,
        0
      ]
    }
  ]
}
