{
  "results": [
    {
      "command": "normal_run",
      "mean": 15.5835917505,
      "stddev": 4.001358047695743,
      "median": 13.7258212209,
      "user": 0.0017460879999999994,
      "system": 0.00127203,
      "min": 13.5850798599,
      "max": 24.2121905379,
      "times": [
        13.7217837739,
        13.7463070119,
        13.7298586679,
        13.8649508559,
        22.0078680379,
        13.656366317900002,
        24.2121905379,
        13.641458316900001,
        13.6700541249,
        13.5850798599
      ],
      "exit_codes": [
        0,
        0,
        0,
        0,
        0,
        0,
        0,
        0,
        0,
        0
      ]
    },
    {
      "command": "with_nested_loop_join",
      "mean": 65.8285706825,
      "stddev": 0.4104430575382219,
      "median": 65.79683087640001,
      "user": 0.0017450859999999999,
      "system": 0.001068442,
      "min": 65.22637056090001,
      "max": 66.5196984849,
      "times": [
        65.3984298319,
        66.06140378490001,
        65.66418026790001,
        65.22637056090001,
        65.74622729090001,
        66.5196984849,
        65.5075698159,
        66.3614570829,
        65.84743446190001,
        65.95293524290001
      ],
      "exit_codes": [
        0,
        0,
        0,
        0,
        0,
        0,
        0,
        0,
        0,
        0
      ]
    },
    {
      "command": "with_hash_join",
      "mean": 14.282553604,
      "stddev": 0.14889774423553168,
      "median": 14.2713254254,
      "user": 0.0021623859999999996,
      "system": 0.0009188179999999998,
      "min": 14.0597426069,
      "max": 14.536436184900001,
      "times": [
        14.0597426069,
        14.405469270900001,
        14.246069938900002,
        14.167436072900001,
        14.355031270900001,
        14.536436184900001,
        14.274497511900002,
        14.4126250439,
        14.100074799900002,
        14.268153338900001
      ],
      "exit_codes": [
        0,
        0,
        0,
        0,
        0,
        0,
        0,
        0,
        0,
        0
      ]
    }
  ]
}
