{
  "results": [
    {
      "command": "normal_run",
      "mean": 1.3838931885,
      "stddev": 0.1066792512672899,
      "median": 1.3792132765000003,
      "user": 0.0029772400000000004,
      "system": 0.00009829000000000005,
      "min": 1.2340606305000001,
      "max": 1.5898026465000001,
      "times": [
        1.4451992055,
        1.5898026465000001,
        1.4530996975000001,
        1.4102510135000002,
        1.3359761795,
        1.3481755395000001,
        1.2973579985,
        1.2340606305000001,
        1.2720670015,
        1.4529419725000001
      ],
      "exit_codes": [
        0,
        0,
        0,
        0,
        0,
        0,
        0,
        0,
        0,
        0
      ]
    },
    {
      "command": "with_nested_loop_join",
      "mean": 1.3822218304,
      "stddev": 0.03764031497866399,
      "median": 1.3862542230000001,
      "user": 0.001709024,
      "system": 0.00116488,
      "min": 1.3021936465000001,
      "max": 1.4556881315,
      "times": [
        1.3021936465000001,
        1.4556881315,
        1.3931409335000002,
        1.3774035745000002,
        1.3788290165000001,
        1.3873021345,
        1.3585504595,
        1.3852063115000002,
        1.3896096225,
        1.3942944735
      ],
      "exit_codes": [
        0,
        0,
        0,
        0,
        0,
        0,
        0,
        0,
        0,
        0
      ]
    },
    {
      "command": "with_hash_join",
      "mean": 8.362070176500001,
      "stddev": 0.44976589983542864,
      "median": 8.194569116,
      "user": 0.002139536,
      "system": 0.00089275,
      "min": 7.6049109645,
      "max": 8.9429833045,
      "times": [
        8.8373012175,
        8.790728227499999,
        8.1233279475,
        8.072667854499999,
        8.0975146665,
        8.0771857915,
        7.6049109645,
        8.9429833045,
        8.265810284499999,
        8.808271506499999
      ],
      "exit_codes": [
        0,
        0,
        0,
        0,
        0,
        0,
        0,
        0,
        0,
        0
      ]
    }
  ]
}
