{
  "results": [
    {
      "command": "normal_run",
      "mean": 44.7613543359,
      "stddev": 1.1567665557802644,
      "median": 44.9320201393,
      "user": 0.001233952,
      "system": 0.001564136,
      "min": 42.5177743868,
      "max": 46.6659279798,
      "times": [
        45.549472595800005,
        43.7118706698,
        45.364605477800005,
        44.2699168918,
        46.6659279798,
        44.1419654508,
        45.0423916478,
        45.527969627800005,
        42.5177743868,
        44.8216486308
      ],
      "exit_codes": [
        0,
        0,
        0,
        0,
        0,
        0,
        0,
        0,
        0,
        0
      ]
    },
    {
      "command": "with_nested_loop_join",
      "mean": 43.9078729437,
      "stddev": 0.8973157594949742,
      "median": 43.460783208799995,
      "user": 0.0011549680000000001,
      "system": 0.0018339279999999999,
      "min": 42.9696491578,
      "max": 45.606754751800004,
      "times": [
        43.3668567748,
        43.1623329608,
        45.606754751800004,
        44.8766161328,
        43.3401070318,
        44.3284127358,
        43.206051765800005,
        44.6672384828,
        43.5547096428,
        42.9696491578
      ],
      "exit_codes": [
        0,
        0,
        0,
        0,
        0,
        0,
        0,
        0,
        0,
        0
      ]
    },
    {
      "command": "with_hash_join",
      "mean": 30.091346366000003,
      "stddev": 0.2130575477451777,
      "median": 30.012642044800003,
      "user": 0.0015045600000000003,
      "system": 0.0015236240000000001,
      "min": 29.939723744800002,
      "max": 30.662947599800003,
      "times": [
        29.939723744800002,
        29.982471545800003,
        30.0386830318,
        29.983546417800003,
        30.662947599800003,
        30.171116357800003,
        29.9866010578,
        29.972325141800003,
        30.110973693800002,
        30.065075068800002
      ],
      "exit_codes": [
        0,
        0,
        0,
        0,
        0,
        0,
        0,
        0,
        0,
        0
      ]
    }
  ]
}
