{
  "results": [
    {
      "command": "normal_run",
      "mean": 0.85227289774,
      "stddev": 0.867838997742705,
      "median": 0.83658527084,
      "user": 0.0007783600000000001,
      "system": 0.0026577379999999998,
      "min": 0.028096257840000003,
      "max": 1.72361005984,
      "times": [
        1.64147099784,
        1.65406914884,
        0.028539633840000002,
        0.029557896840000004,
        0.028300757840000003,
        1.66305726284,
        0.028096257840000003,
        1.72361005984,
        1.69432741784,
        0.03169954384
      ],
      "exit_codes": [
        0,
        0,
        0,
        0,
        0,
        0,
        0,
        0,
        0,
        0
      ]
    },
    {
      "command": "with_nested_loop_join",
      "mean": 0.82333001464,
      "stddev": 0.8427791736215916,
      "median": 0.81690794234,
      "user": 0.00272506,
      "system": 0.000800328,
      "min": 0.007898707840000001,
      "max": 1.67887459384,
      "times": [
        0.028405573840000004,
        0.029038109840000003,
        0.026707769840000003,
        1.67887459384,
        0.028298641840000003,
        0.007898707840000001,
        1.61260771684,
        1.6047777748399998,
        1.6078104378399998,
        1.60888081984
      ],
      "exit_codes": [
        0,
        0,
        0,
        0,
        0,
        0,
        0,
        0,
        0,
        0
      ]
    },
    {
      "command": "with_hash_join",
      "mean": 2.4718558457400004,
      "stddev": 0.024531776755127452,
      "median": 2.47064898584,
      "user": 0.001965024,
      "system": 0.001615792,
      "min": 2.43608967284,
      "max": 2.52093221884,
      "times": [
        2.46810150084,
        2.52093221884,
        2.4559437548400003,
        2.44779661584,
        2.49946117784,
        2.47954337484,
        2.47322708084,
        2.47319647084,
        2.4642665898400002,
        2.43608967284
      ],
      "exit_codes": [
        0,
        0,
        0,
        0,
        0,
        0,
        0,
        0,
        0,
        0
      ]
    }
  ]
}
