{
  "results": [
    {
      "command": "normal_run",
      "mean": 8.33765474828,
      "stddev": 0.11596738279892231,
      "median": 8.28465821308,
      "user": 0.0020785339999999995,
      "system": 0.00094381,
      "min": 8.22760302808,
      "max": 8.561820840080001,
      "times": [
        8.25167688208,
        8.27032552608,
        8.29575642408,
        8.22760302808,
        8.23949655408,
        8.34077486608,
        8.423222905080001,
        8.27356000208,
        8.49231045508,
        8.561820840080001
      ],
      "exit_codes": [
        0,
        0,
        0,
        0,
        0,
        0,
        0,
        0,
        0,
        0
      ]
    },
    {
      "command": "with_nested_loop_join",
      "mean": 8.338050126279999,
      "stddev": 0.08729494024848092,
      "median": 8.32926480958,
      "user": 0.0025583959999999997,
      "system": 0.000646766,
      "min": 8.21197650208,
      "max": 8.47373349908,
      "times": [
        8.36777942608,
        8.38426749908,
        8.29028771508,
        8.41410232608,
        8.47373349908,
        8.290750193080001,
        8.429673128080001,
        8.26412507408,
        8.25380590008,
        8.21197650208
      ],
      "exit_codes": [
        0,
        0,
        0,
        0,
        0,
        0,
        0,
        0,
        0,
        0
      ]
    },
    {
      "command": "with_hash_join",
      "mean": 29.57436240968,
      "stddev": 0.04170381291924542,
      "median": 29.57083600958,
      "user": 0.0022735959999999997,
      "system": 0.0008158320000000001,
      "min": 29.51889189508,
      "max": 29.635987913079997,
      "times": [
        29.63456878208,
        29.54295011508,
        29.60307703508,
        29.635987913079997,
        29.58523502008,
        29.58599390208,
        29.55505312308,
        29.55643699908,
        29.52542931208,
        29.51889189508
      ],
      "exit_codes": [
        0,
        0,
        0,
        0,
        0,
        0,
        0,
        0,
        0,
        0
      ]
    }
  ]
}
