{
  "results": [
    {
      "command": "normal_run",
      "mean": 2.97555651796,
      "stddev": 0.030629415087075878,
      "median": 2.97307877016,
      "user": 0.00254306,
      "system": 0.00108894,
      "min": 2.94401279016,
      "max": 3.04893336116,
      "times": [
        3.04893336116,
        2.94863471016,
        2.99917769816,
        2.96186938416,
        2.97080359716,
        2.94401279016,
        2.97536060216,
        2.95196900716,
        2.97535394316,
        2.97945008616
      ],
      "exit_codes": [
        0,
        0,
        0,
        0,
        0,
        0,
        0,
        0,
        0,
        0
      ]
    },
    {
      "command": "with_nested_loop_join",
      "mean": 2.94478996216,
      "stddev": 0.018199583423676953,
      "median": 2.94390304116,
      "user": 0.0032959600000000006,
      "system": 0.000411876,
      "min": 2.91939331316,
      "max": 2.97163623116,
      "times": [
        2.93412221116,
        2.96086027016,
        2.93332657916,
        2.92618383416,
        2.95368387116,
        2.9615893191600002,
        2.92938736416,
        2.95771662816,
        2.91939331316,
        2.97163623116
      ],
      "exit_codes": [
        0,
        0,
        0,
        0,
        0,
        0,
        0,
        0,
        0,
        0
      ]
    },
    {
      "command": "with_hash_join",
      "mean": 16.426423943159996,
      "stddev": 0.09018809491744592,
      "median": 16.41389862516,
      "user": 0.00249876,
      "system": 0.0011184279999999999,
      "min": 16.30508002716,
      "max": 16.571096266159998,
      "times": [
        16.30508002716,
        16.35351580216,
        16.39293220416,
        16.30940773016,
        16.42261589916,
        16.40518135116,
        16.571096266159998,
        16.50121131316,
        16.49617201316,
        16.50702682516
      ],
      "exit_codes": [
        0,
        0,
        0,
        0,
        0,
        0,
        0,
        0,
        0,
        0
      ]
    }
  ]
}
