{
  "results": [
    {
      "command": "normal_run",
      "mean": 0.030306248060000002,
      "stddev": 0.0029500604846676467,
      "median": 0.029380305260000003,
      "user": 0.0033567799999999993,
      "system": 0.00004800400000000002,
      "min": 0.02527809126,
      "max": 0.03433517926,
      "times": [
        0.02761374226,
        0.02527809126,
        0.029253563260000004,
        0.029208980260000003,
        0.03194353426,
        0.029507047260000002,
        0.03433517926,
        0.02877336626,
        0.03324479726,
        0.03390417926
      ],
      "exit_codes": [
        0,
        0,
        0,
        0,
        0,
        0,
        0,
        0,
        0,
        0
      ]
    },
    {
      "command": "with_nested_loop_join",
      "mean": 0.027763519359999995,
      "stddev": 0.0020745146456241253,
      "median": 0.02722826976,
      "user": 0.0024781119999999998,
      "system": 0.00074892,
      "min": 0.02537971326,
      "max": 0.03149513626,
      "times": [
        0.02664233326,
        0.03149513626,
        0.02733307126,
        0.03010484026,
        0.027123468260000002,
        0.02997040326,
        0.02537971326,
        0.02645417626,
        0.02548470426,
        0.02764734726
      ],
      "exit_codes": [
        0,
        0,
        0,
        0,
        0,
        0,
        0,
        0,
        0,
        0
      ]
    },
    {
      "command": "with_hash_join",
      "mean": 2.1152843574599998,
      "stddev": 0.03939197420722147,
      "median": 2.10528579276,
      "user": 0.001692708,
      "system": 0.001311228,
      "min": 2.0815615592600003,
      "max": 2.20071091026,
      "times": [
        2.09419544726,
        2.20071091026,
        2.08889906426,
        2.1060447802600004,
        2.1704520742600004,
        2.11274116526,
        2.08169931726,
        2.11201245126,
        2.0815615592600003,
        2.1045268052600004
      ],
      "exit_codes": [
        0,
        0,
        0,
        0,
        0,
        0,
        0,
        0,
        0,
        0
      ]
    }
  ]
}
