{
  "results": [
    {
      "command": "normal_run",
      "mean": 4.432555184659999,
      "stddev": 0.7491440734234054,
      "median": 4.08444535366,
      "user": 0.0016347839999999996,
      "system": 0.001367568,
      "min": 3.89510844416,
      "max": 6.03276179716,
      "times": [
        5.60622829816,
        4.00902948416,
        4.00441388216,
        3.89510844416,
        4.10435429216,
        4.06453641516,
        6.03276179716,
        4.21886188816,
        4.02236778416,
        4.36788956116
      ],
      "exit_codes": [
        0,
        0,
        0,
        0,
        0,
        0,
        0,
        0,
        0,
        0
      ]
    },
    {
      "command": "with_nested_loop_join",
      "mean": 4.58730358006,
      "stddev": 0.8719258021151739,
      "median": 4.03734678866,
      "user": 0.0024035119999999996,
      "system": 0.0008362119999999999,
      "min": 3.69944821716,
      "max": 5.83819089716,
      "times": [
        3.69944821716,
        5.83819089716,
        4.0473851091599995,
        5.27068995316,
        4.01349800716,
        4.02730846816,
        5.51594261516,
        5.69657704216,
        3.87368354916,
        3.89031194216
      ],
      "exit_codes": [
        0,
        0,
        0,
        0,
        0,
        0,
        0,
        0,
        0,
        0
      ]
    },
    {
      "command": "with_hash_join",
      "mean": 15.589273813660004,
      "stddev": 1.670389690370249,
      "median": 14.55600495166,
      "user": 0.0017729839999999996,
      "system": 0.0012566399999999998,
      "min": 13.89241530316,
      "max": 17.564572047160002,
      "times": [
        17.56334540016,
        14.57723683416,
        17.564572047160002,
        13.93076406816,
        14.506989137160001,
        14.408007776160002,
        17.43520918216,
        13.89241530316,
        14.53477306916,
        17.47942531916
      ],
      "exit_codes": [
        0,
        0,
        0,
        0,
        0,
        0,
        0,
        0,
        0,
        0
      ]
    }
  ]
}
