{
  "results": [
    {
      "command": "normal_run",
      "mean": 3.438947830519999,
      "stddev": 1.2325585770240994,
      "median": 3.44913966972,
      "user": 0.0016158239999999996,
      "system": 0.0012873679999999999,
      "min": 2.18730962522,
      "max": 4.776589867219999,
      "times": [
        4.48936363422,
        4.7073895302199995,
        4.50798227222,
        2.40891570522,
        2.26927950722,
        2.28102825322,
        2.22211648522,
        4.5395034252199995,
        2.18730962522,
        4.776589867219999
      ],
      "exit_codes": [
        0,
        0,
        0,
        0,
        0,
        0,
        0,
        0,
        0,
        0
      ]
    },
    {
      "command": "with_nested_loop_join",
      "mean": 3.51905152482,
      "stddev": 1.1151873580733012,
      "median": 4.17935746272,
      "user": 0.002235632,
      "system": 0.000900896,
      "min": 2.12722671122,
      "max": 4.54116425522,
      "times": [
        2.12722671122,
        4.14264019222,
        4.49173603622,
        4.508078256219999,
        2.24332723922,
        2.35093010022,
        4.3593900012199995,
        2.20994772322,
        4.216074733219999,
        4.54116425522
      ],
      "exit_codes": [
        0,
        0,
        0,
        0,
        0,
        0,
        0,
        0,
        0,
        0
      ]
    },
    {
      "command": "with_hash_join",
      "mean": 14.34300873352,
      "stddev": 2.160918194384448,
      "median": 13.15119959222,
      "user": 0.001962078,
      "system": 0.0010364439999999999,
      "min": 12.73396654722,
      "max": 17.54404356722,
      "times": [
        13.144272214219999,
        12.73396654722,
        12.74401185222,
        17.44101449322,
        13.15812697022,
        17.41046646622,
        17.54404356722,
        13.127010218219999,
        12.93448527222,
        13.19268973422
      ],
      "exit_codes": [
        0,
        0,
        0,
        0,
        0,
        0,
        0,
        0,
        0,
        0
      ]
    }
  ]
}
