{
  "results": [
    {
      "command": "normal_run",
      "mean": 16.842004382379997,
      "stddev": 1.3037248425818981,
      "median": 16.99866999588,
      "user": 0.002823798,
      "system": 0.00038923199999999994,
      "min": 14.84561562088,
      "max": 19.15811899288,
      "times": [
        17.00758166588,
        15.46095986788,
        18.20269955988,
        14.84561562088,
        19.15811899288,
        17.29258942988,
        16.571441475879997,
        16.989758325879997,
        15.56562031588,
        17.325658568879998
      ],
      "exit_codes": [
        0,
        0,
        0,
        0,
        0,
        0,
        0,
        0,
        0,
        0
      ]
    },
    {
      "command": "with_nested_loop_join",
      "mean": 16.977659971179996,
      "stddev": 1.31653056530901,
      "median": 16.86834553138,
      "user": 0.002099754,
      "system": 0.001118348,
      "min": 15.00699927988,
      "max": 18.931539778879998,
      "times": [
        16.671218354879997,
        15.00699927988,
        16.43923515588,
        17.174294872879997,
        16.93095360088,
        18.923496045879997,
        18.931539778879998,
        15.202877344880001,
        16.80573746188,
        17.69024781588
      ],
      "exit_codes": [
        0,
        0,
        0,
        0,
        0,
        0,
        0,
        0,
        0,
        0
      ]
    },
    {
      "command": "with_hash_join",
      "mean": 23.282644431179996,
      "stddev": 1.4266600200439867,
      "median": 24.00262469238,
      "user": 0.0016894319999999998,
      "system": 0.001240106,
      "min": 21.15309292188,
      "max": 24.51797483288,
      "times": [
        23.99873280788,
        24.01162750188,
        21.300120488879998,
        24.00651657688,
        23.97826825388,
        24.44775738788,
        21.24799349888,
        21.15309292188,
        24.16436004088,
        24.51797483288
      ],
      "exit_codes": [
        0,
        0,
        0,
        0,
        0,
        0,
        0,
        0,
        0,
        0
      ]
    }
  ]
}
