{
  "results": [
    {
      "command": "normal_run",
      "mean": 10.127960238099998,
      "stddev": 0.36645868777592194,
      "median": 10.057384108499999,
      "user": 0.0033858,
      "system": 0.000555296,
      "min": 9.646444346,
      "max": 10.727111662999999,
      "times": [
        9.986167673999999,
        10.727111662999999,
        10.479301264,
        9.810482057,
        10.044635554,
        10.070132662999999,
        10.199941374,
        10.579719743,
        9.735666043,
        9.646444346
      ],
      "exit_codes": [
        0,
        0,
        0,
        0,
        0,
        0,
        0,
        0,
        0,
        0
      ]
    },
    {
      "command": "with_nested_loop_join",
      "mean": 7.9145861112999984,
      "stddev": 2.2079863060922134,
      "median": 7.8116539475,
      "user": 0.0026422999999999998,
      "system": 0.001265544,
      "min": 5.783314897,
      "max": 10.493617525,
      "times": [
        9.957981868,
        9.710831948,
        5.7978048730000005,
        5.837161701,
        10.058372198999999,
        9.778670336,
        5.783314897,
        5.912475947,
        10.493617525,
        5.815629819000001
      ],
      "exit_codes": [
        0,
        0,
        0,
        0,
        0,
        0,
        0,
        0,
        0,
        0
      ]
    },
    {
      "command": "with_hash_join",
      "mean": 13.961705337499998,
      "stddev": 0.18361929595911403,
      "median": 14.069718138999999,
      "user": 0.0029059999999999997,
      "system": 0.001064696,
      "min": 13.637546631,
      "max": 14.133200493999999,
      "times": [
        13.785542958999999,
        13.915725526,
        14.074240948,
        13.637546631,
        14.101102282,
        14.133200493999999,
        13.720149719,
        14.110108537999999,
        14.071406507999999,
        14.068029769999999
      ],
      "exit_codes": [
        0,
        0,
        0,
        0,
        0,
        0,
        0,
        0,
        0,
        0
      ]
    }
  ]
}
