{
  "results": [
    {
      "command": "normal_run",
      "mean": 2.8948781647600006,
      "stddev": 0.04694534727706317,
      "median": 2.8898941986600004,
      "user": 0.00347264,
      "system": 0.000021564000000000012,
      "min": 2.83388168116,
      "max": 2.96180028716,
      "times": [
        2.87882735316,
        2.96000112016,
        2.83388168116,
        2.84476671716,
        2.9009610441600002,
        2.93805474816,
        2.91087604216,
        2.96180028716,
        2.8618854741599997,
        2.85772718016
      ],
      "exit_codes": [
        0,
        0,
        0,
        0,
        0,
        0,
        0,
        0,
        0,
        0
      ]
    },
    {
      "command": "with_nested_loop_join",
      "mean": 2.8840369447600005,
      "stddev": 0.0458619617485031,
      "median": 2.88853320466,
      "user": 0.0022031399999999997,
      "system": 0.0008218839999999999,
      "min": 2.82519256016,
      "max": 2.93791722416,
      "times": [
        2.86105622316,
        2.92330814516,
        2.83448444916,
        2.91601018616,
        2.8417697251600003,
        2.93791722416,
        2.84601100816,
        2.93169476816,
        2.82519256016,
        2.92292515816
      ],
      "exit_codes": [
        0,
        0,
        0,
        0,
        0,
        0,
        0,
        0,
        0,
        0
      ]
    },
    {
      "command": "with_hash_join",
      "mean": 10.853352310359998,
      "stddev": 0.8764762786579958,
      "median": 10.87263661016,
      "user": 0.0018243659999999998,
      "system": 0.0012889120000000001,
      "min": 9.35189361416,
      "max": 11.656652598159999,
      "times": [
        10.83127740216,
        9.36182855816,
        11.62931943716,
        11.628935136159999,
        10.78352073916,
        10.768024132159999,
        10.91399581816,
        11.656652598159999,
        11.60807566816,
        9.35189361416
      ],
      "exit_codes": [
        0,
        0,
        0,
        0,
        0,
        0,
        0,
        0,
        0,
        0
      ]
    }
  ]
}
