{
  "results": [
    {
      "command": "normal_run",
      "mean": 2.92362829524,
      "stddev": 0.030255323288588536,
      "median": 2.92751652014,
      "user": 0.00172974,
      "system": 0.0012746839999999999,
      "min": 2.88197755764,
      "max": 2.97110339364,
      "times": [
        2.8899568756400003,
        2.93928378864,
        2.97110339364,
        2.8885455216400002,
        2.88197755764,
        2.9549673916400003,
        2.9120344096400004,
        2.9346988026400003,
        2.94338097364,
        2.92033423764
      ],
      "exit_codes": [
        0,
        0,
        0,
        0,
        0,
        0,
        0,
        0,
        0,
        0
      ]
    },
    {
      "command": "with_nested_loop_join",
      "mean": 2.9259926115400003,
      "stddev": 0.042501262548552764,
      "median": 2.9237641501400002,
      "user": 0.00151664,
      "system": 0.001526084,
      "min": 2.86114705064,
      "max": 2.9780832736400003,
      "times": [
        2.8784804816400005,
        2.9013432966400003,
        2.9780832736400003,
        2.9413974206400004,
        2.86114705064,
        2.9741556456400002,
        2.8997153006400005,
        2.9763884866400003,
        2.9430842796400003,
        2.90613087964
      ],
      "exit_codes": [
        0,
        0,
        0,
        0,
        0,
        0,
        0,
        0,
        0,
        0
      ]
    },
    {
      "command": "with_hash_join",
      "mean": 9.65076351724,
      "stddev": 0.4624051099348193,
      "median": 9.50827911714,
      "user": 0.00228353,
      "system": 0.000948856,
      "min": 9.38589629964,
      "max": 10.94590164664,
      "times": [
        10.94590164664,
        9.45650897764,
        9.48028808964,
        9.70249179164,
        9.54430551664,
        9.50310640564,
        9.513451828640001,
        9.38589629964,
        9.52160155164,
        9.45408306464
      ],
      "exit_codes": [
        0,
        0,
        0,
        0,
        0,
        0,
        0,
        0,
        0,
        0
      ]
    }
  ]
}
