{
  "results": [
    {
      "command": "normal_run",
      "mean": 0.12690554982,
      "stddev": 0.003759077012222977,
      "median": 0.12632923822,
      "user": 0.0017327000000000002,
      "system": 0.0015236560000000002,
      "min": 0.12250271972000001,
      "max": 0.13376693472,
      "times": [
        0.12250271972000001,
        0.13037912972000001,
        0.12497246472000001,
        0.12854860072000002,
        0.12256874172000001,
        0.12361669372,
        0.12530800972,
        0.13376693472,
        0.13004173672000002,
        0.12735046672
      ],
      "exit_codes": [
        0,
        0,
        0,
        0,
        0,
        0,
        0,
        0,
        0,
        0
      ]
    },
    {
      "command": "with_nested_loop_join",
      "mean": 0.09616160741999999,
      "stddev": 0.0023726893731494765,
      "median": 0.09673615322000001,
      "user": 0.0025123999999999997,
      "system": 0.000866332,
      "min": 0.09260358072000001,
      "max": 0.09917334672000001,
      "times": [
        0.09390269572000001,
        0.09875788572000001,
        0.09814045372,
        0.09651422872000001,
        0.09729973272,
        0.09917334672000001,
        0.09260358072000001,
        0.09533581472000001,
        0.09293025772,
        0.09695807772000001
      ],
      "exit_codes": [
        0,
        0,
        0,
        0,
        0,
        0,
        0,
        0,
        0,
        0
      ]
    },
    {
      "command": "with_hash_join",
      "mean": 26.60120904342,
      "stddev": 2.2520122498763295,
      "median": 26.78912175872,
      "user": 0.0029576,
      "system": 0.000316116,
      "min": 24.16996259372,
      "max": 28.898601073720002,
      "times": [
        25.03650383472,
        24.78765706372,
        28.693651633720002,
        28.898601073720002,
        24.195926579720002,
        28.75431176972,
        28.54173968272,
        28.71592176172,
        24.21781444072,
        24.16996259372
      ],
      "exit_codes": [
        0,
        0,
        0,
        0,
        0,
        0,
        0,
        0,
        0,
        0
      ]
    }
  ]
}
