{
  "results": [
    {
      "command": "normal_run",
      "mean": 29.953228943339997,
      "stddev": 1.8935714198488833,
      "median": 30.569934719339997,
      "user": 0.00117768,
      "system": 0.0016375440000000001,
      "min": 26.23420826084,
      "max": 31.79437616184,
      "times": [
        30.687111684839998,
        31.003006245839998,
        29.96533465484,
        30.452757753839997,
        31.381874923839998,
        29.59796470184,
        31.430528150839997,
        31.79437616184,
        26.985126894839997,
        26.23420826084
      ],
      "exit_codes": [
        0,
        0,
        0,
        0,
        0,
        0,
        0,
        0,
        0,
        0
      ]
    },
    {
      "command": "with_nested_loop_join",
      "mean": 29.186127222639993,
      "stddev": 2.040801835737274,
      "median": 29.21762631634,
      "user": 0.0018717400000000002,
      "system": 0.000911552,
      "min": 25.97674850084,
      "max": 31.83451236784,
      "times": [
        27.19189702584,
        31.521724062839997,
        28.92121023484,
        31.349753274839998,
        30.16125557484,
        27.20443838084,
        25.97674850084,
        28.18569040584,
        29.514042397839997,
        31.83451236784
      ],
      "exit_codes": [
        0,
        0,
        0,
        0,
        0,
        0,
        0,
        0,
        0,
        0
      ]
    },
    {
      "command": "with_hash_join",
      "mean": 31.839383745240003,
      "stddev": 0.6623608989407106,
      "median": 31.89809520384,
      "user": 0.0021626399999999995,
      "system": 0.0009229600000000001,
      "min": 30.948561420839997,
      "max": 32.59829201684,
      "times": [
        32.45289449284,
        32.59829201684,
        31.13306144784,
        31.055076752839998,
        32.20033783684,
        32.30964723184,
        32.59276211984,
        31.50735156184,
        30.948561420839997,
        31.595852570839998
      ],
      "exit_codes": [
        0,
        0,
        0,
        0,
        0,
        0,
        0,
        0,
        0,
        0
      ]
    }
  ]
}
