{
  "results": [
    {
      "command": "normal_run",
      "mean": 0.062434143399999996,
      "stddev": 0.002747151808024628,
      "median": 0.06167269980000001,
      "user": 0.0013441599999999996,
      "system": 0.0019474600000000002,
      "min": 0.0587375393,
      "max": 0.0667615223,
      "times": [
        0.060755772300000004,
        0.059572312300000006,
        0.0606457243,
        0.06212696130000001,
        0.0638198073,
        0.0659875493,
        0.0647158073,
        0.0587375393,
        0.061218438300000004,
        0.0667615223
      ],
      "exit_codes": [
        0,
        0,
        0,
        0,
        0,
        0,
        0,
        0,
        0,
        0
      ]
    },
    {
      "command": "with_nested_loop_join",
      "mean": 0.043645136900000006,
      "stddev": 0.005465215372222178,
      "median": 0.0412726798,
      "user": 0.0024297999999999998,
      "system": 0.0009570000000000001,
      "min": 0.0351178373,
      "max": 0.051165795300000004,
      "times": [
        0.04980611930000001,
        0.0413237263,
        0.051165795300000004,
        0.041221633300000005,
        0.0505614023,
        0.039881023300000006,
        0.0351178373,
        0.039973172300000005,
        0.040977339300000006,
        0.0464233203
      ],
      "exit_codes": [
        0,
        0,
        0,
        0,
        0,
        0,
        0,
        0,
        0,
        0
      ]
    },
    {
      "command": "with_hash_join",
      "mean": 2.0981438899000002,
      "stddev": 0.05170094284751442,
      "median": 2.1094816748000005,
      "user": 0.002585799999999999,
      "system": 0.0006724200000000001,
      "min": 1.9939185843,
      "max": 2.1511714713,
      "times": [
        1.9939185843,
        2.1423057983000002,
        2.1028616633,
        2.1142758133000004,
        2.1046875363,
        2.1375431273000003,
        2.0966958963,
        2.1182444833000003,
        2.1511714713,
        2.0197345253
      ],
      "exit_codes": [
        0,
        0,
        0,
        0,
        0,
        0,
        0,
        0,
        0,
        0
      ]
    }
  ]
}
