{
  "results": [
    {
      "command": "normal_run",
      "mean": 0.08474311088000001,
      "stddev": 0.047081132883492964,
      "median": 0.06454603388,
      "user": 0.0024507319999999993,
      "system": 0.00107148,
      "min": 0.057887582380000004,
      "max": 0.17612383638,
      "times": [
        0.057887582380000004,
        0.06504842438000001,
        0.06249828738,
        0.05998677938000001,
        0.17170799838,
        0.06551118038,
        0.06409127538,
        0.06500079238,
        0.059574952380000004,
        0.17612383638
      ],
      "exit_codes": [
        0,
        0,
        0,
        0,
        0,
        0,
        0,
        0,
        0,
        0
      ]
    },
    {
      "command": "with_nested_loop_join",
      "mean": 0.037643041380000006,
      "stddev": 0.0031960071942882446,
      "median": 0.03900570238000001,
      "user": 0.0017963319999999994,
      "system": 0.0016274319999999998,
      "min": 0.033146130380000006,
      "max": 0.040738468380000004,
      "times": [
        0.033611792380000005,
        0.034785214380000005,
        0.04038172838,
        0.040738468380000004,
        0.03466616438,
        0.033146130380000006,
        0.04042916538000001,
        0.040660345380000004,
        0.03962442438,
        0.038386980380000005
      ],
      "exit_codes": [
        0,
        0,
        0,
        0,
        0,
        0,
        0,
        0,
        0,
        0
      ]
    },
    {
      "command": "with_hash_join",
      "mean": 2.1847655658800003,
      "stddev": 0.022315585455498475,
      "median": 2.18141868888,
      "user": 0.0007485279999999998,
      "system": 0.002529484,
      "min": 2.14806895538,
      "max": 2.22149260238,
      "times": [
        2.2132060883799998,
        2.1877935003799998,
        2.22149260238,
        2.17143575738,
        2.17729746838,
        2.18553990938,
        2.20218418838,
        2.16772766938,
        2.17290951938,
        2.14806895538
      ],
      "exit_codes": [
        0,
        0,
        0,
        0,
        0,
        0,
        0,
        0,
        0,
        0
      ]
    }
  ]
}
