{
  "results": [
    {
      "command": "normal_run",
      "mean": 24.583240280619997,
      "stddev": 71.04013695536017,
      "median": 2.04751747232,
      "user": 0.002296884,
      "system": 0.000874884,
      "min": 1.73962099682,
      "max": 226.76546376782,
      "times": [
        2.04419803782,
        2.62498889082,
        1.80308023082,
        2.0508369068200003,
        1.97258376682,
        1.73962099682,
        2.03488982182,
        2.4311613698200003,
        2.3655790168200004,
        226.76546376782
      ],
      "exit_codes": [
        0,
        0,
        0,
        0,
        0,
        0,
        0,
        0,
        0,
        0
      ]
    },
    {
      "command": "with_nested_loop_join",
      "mean": 1.72476084042,
      "stddev": 0.21782520804886346,
      "median": 1.72347824132,
      "user": 0.001929786,
      "system": 0.001093276,
      "min": 1.22943770582,
      "max": 1.94770693982,
      "times": [
        1.73670690382,
        1.63156871282,
        1.71024957882,
        1.63754502982,
        1.94770693982,
        1.91920288282,
        1.62056055782,
        1.91033846382,
        1.90429162882,
        1.22943770582
      ],
      "exit_codes": [
        0,
        0,
        0,
        0,
        0,
        0,
        0,
        0,
        0,
        0
      ]
    },
    {
      "command": "with_hash_join",
      "mean": 15.37052184822,
      "stddev": 0.12627940111934494,
      "median": 15.348790998319998,
      "user": 0.001689188,
      "system": 0.001386876,
      "min": 15.23695952182,
      "max": 15.654066261819999,
      "times": [
        15.47779500882,
        15.23695952182,
        15.43576310882,
        15.654066261819999,
        15.34031441082,
        15.28560561882,
        15.38005598082,
        15.357267585819999,
        15.25471232782,
        15.28267865682
      ],
      "exit_codes": [
        0,
        0,
        0,
        0,
        0,
        0,
        0,
        0,
        0,
        0
      ]
    }
  ]
}
