{
  "results": [
    {
      "command": "normal_run",
      "mean": 39.113097405119994,
      "stddev": 90.91304345719378,
      "median": 10.34978278162,
      "user": 0.00149221,
      "system": 0.00154499,
      "min": 6.42308479412,
      "max": 297.67108823012,
      "times": [
        6.42308479412,
        16.99378321612,
        13.401727955119998,
        297.67108823012,
        7.23856270912,
        8.083978561119999,
        6.96855569912,
        9.92231702612,
        13.650627323119998,
        10.777248537119998
      ],
      "exit_codes": [
        0,
        0,
        0,
        0,
        0,
        0,
        0,
        0,
        0,
        0
      ]
    },
    {
      "command": "with_nested_loop_join",
      "mean": 62.375427244319994,
      "stddev": 115.4557409303461,
      "median": 6.856239839120001,
      "user": 0.001796072,
      "system": 0.00131489,
      "min": 6.38209346012,
      "max": 287.99298409012,
      "times": [
        7.38196090912,
        6.42676263112,
        6.57239137412,
        6.38209346012,
        7.05216811012,
        6.66031156812,
        274.63209854812,
        14.02427453212,
        287.99298409012,
        6.62922722012
      ],
      "exit_codes": [
        0,
        0,
        0,
        0,
        0,
        0,
        0,
        0,
        0,
        0
      ]
    },
    {
      "command": "with_hash_join",
      "mean": 117.36762923601998,
      "stddev": 14.822191482267698,
      "median": 122.56943120962,
      "user": 0.0016742719999999999,
      "system": 0.0013017199999999997,
      "min": 84.25391273212,
      "max": 130.22269491711998,
      "times": [
        109.18131725012,
        129.83389714511998,
        84.25391273212,
        108.64465792512,
        109.27211713112,
        129.09155944911998,
        130.22269491711998,
        128.03727339111998,
        127.36760225912,
        117.77126016012001
      ],
      "exit_codes": [
        0,
        0,
        0,
        0,
        0,
        0,
        0,
        0,
        0,
        0
      ]
    }
  ]
}
