{
  "results": [
    {
      "command": "normal_run",
      "mean": 1.2489250302800001,
      "stddev": 0.4835277972066305,
      "median": 1.0346110074800001,
      "user": 0.002146546,
      "system": 0.0010550499999999999,
      "min": 0.97264188998,
      "max": 2.37818240098,
      "times": [
        1.02269492498,
        1.07044441798,
        1.04040392298,
        1.02911610798,
        1.00897995598,
        1.04010590698,
        2.37818240098,
        1.9019052249800001,
        0.97264188998,
        1.02477554998
      ],
      "exit_codes": [
        0,
        0,
        0,
        0,
        0,
        0,
        0,
        0,
        0,
        0
      ]
    },
    {
      "command": "with_nested_loop_join",
      "mean": 0.7180070116799999,
      "stddev": 1.2099817243532305,
      "median": 0.32990996348,
      "user": 0.001823846,
      "system": 0.00122202,
      "min": 0.31999593698,
      "max": 4.16112878898,
      "times": [
        0.32940491798,
        0.31999593698,
        0.33041500898,
        4.16112878898,
        0.35508943598,
        0.32022994098,
        0.38907958198,
        0.32171832497999997,
        0.33095411198,
        0.32205406797999997
      ],
      "exit_codes": [
        0,
        0,
        0,
        0,
        0,
        0,
        0,
        0,
        0,
        0
      ]
    },
    {
      "command": "with_hash_join",
      "mean": 28.428005482779998,
      "stddev": 1.8407946202051781,
      "median": 28.34348577798,
      "user": 0.002376502,
      "system": 0.00083545,
      "min": 26.75282305698,
      "max": 33.223301069979996,
      "times": [
        27.041977434979998,
        26.82884969998,
        28.50625075998,
        26.75282305698,
        28.63553686298,
        28.44327668898,
        28.07612865198,
        33.223301069979996,
        28.24369486698,
        28.528215734979998
      ],
      "exit_codes": [
        0,
        0,
        0,
        0,
        0,
        0,
        0,
        0,
        0,
        0
      ]
    }
  ]
}
