{
  "results": [
    {
      "command": "normal_run",
      "mean": 1.0512056301800001,
      "stddev": 0.15265898031430236,
      "median": 0.9782171824800001,
      "user": 0.0031660599999999996,
      "system": 0.00008786,
      "min": 0.9236113929800001,
      "max": 1.3625020729800001,
      "times": [
        1.02755775998,
        0.9236113929800001,
        0.99501188898,
        1.3625020729800001,
        0.9614224759800001,
        0.9553573929800001,
        1.2926727979800001,
        0.9583531039800001,
        0.9610817609800001,
        1.0744856549800001
      ],
      "exit_codes": [
        0,
        0,
        0,
        0,
        0,
        0,
        0,
        0,
        0,
        0
      ]
    },
    {
      "command": "with_nested_loop_join",
      "mean": 0.34384098478,
      "stddev": 0.0436831651703961,
      "median": 0.32496219698000006,
      "user": 0.002200668,
      "system": 0.0009385399999999999,
      "min": 0.31813160898000004,
      "max": 0.45961813098000004,
      "times": [
        0.32790290998000005,
        0.31813160898000004,
        0.35893732698,
        0.32178695398,
        0.32024796198,
        0.32202148398,
        0.31858217998,
        0.33036734998,
        0.45961813098000004,
        0.36081394098
      ],
      "exit_codes": [
        0,
        0,
        0,
        0,
        0,
        0,
        0,
        0,
        0,
        0
      ]
    },
    {
      "command": "with_hash_join",
      "mean": 28.743749290879997,
      "stddev": 2.8403231678491605,
      "median": 27.24870142698,
      "user": 0.0014400799999999996,
      "system": 0.0016620799999999998,
      "min": 26.42413478898,
      "max": 33.07446101498,
      "times": [
        26.823664415979998,
        32.91612974198,
        26.42413478898,
        32.50300554998,
        26.975792789979998,
        27.46609688398,
        26.756804868979998,
        27.43228165498,
        27.06512119898,
        33.07446101498
      ],
      "exit_codes": [
        0,
        0,
        0,
        0,
        0,
        0,
        0,
        0,
        0,
        0
      ]
    }
  ]
}
