{
  "results": [
    {
      "command": "normal_run",
      "mean": 2.4621466552600006,
      "stddev": 0.7654823139522048,
      "median": 2.3241940901600002,
      "user": 0.0021159,
      "system": 0.0017073919999999999,
      "min": 1.35841736916,
      "max": 3.6409036441600002,
      "times": [
        3.1585086541600003,
        3.03535270716,
        2.42340906216,
        1.38777984816,
        3.11658197116,
        1.35841736916,
        2.2249791181600003,
        2.10815203416,
        2.16738214416,
        3.6409036441600002
      ],
      "exit_codes": [
        0,
        0,
        0,
        0,
        0,
        0,
        0,
        0,
        0,
        0
      ]
    },
    {
      "command": "with_nested_loop_join",
      "mean": 4.88382628586,
      "stddev": 8.88284203448133,
      "median": 1.88356806416,
      "user": 0.0031599999999999996,
      "system": 0.0009195439999999999,
      "min": 1.56076969116,
      "max": 30.12451797416,
      "times": [
        1.78252778216,
        30.12451797416,
        2.83455903716,
        1.7756269271600003,
        3.10577911116,
        2.11677599316,
        1.79194849216,
        1.9751876361600003,
        1.56076969116,
        1.7705702141600002
      ],
      "exit_codes": [
        0,
        0,
        0,
        0,
        0,
        0,
        0,
        0,
        0,
        0
      ]
    }
  ]
}
