{
  "results": [
    {
      "command": "normal_run",
      "mean": 1.0943130384400002,
      "stddev": 0.07082760906522427,
      "median": 1.07886424394,
      "user": 0.0015571999999999997,
      "system": 0.0017256460000000002,
      "min": 1.00755184744,
      "max": 1.2323568654400001,
      "times": [
        1.07898934944,
        1.02529028444,
        1.14490632344,
        1.02336154544,
        1.14975236344,
        1.07873913844,
        1.2323568654400001,
        1.06528181744,
        1.1369008494400001,
        1.00755184744
      ],
      "exit_codes": [
        0,
        0,
        0,
        0,
        0,
        0,
        0,
        0,
        0,
        0
      ]
    },
    {
      "command": "with_nested_loop_join",
      "mean": 9.90049674434,
      "stddev": 0.40117401731837454,
      "median": 9.86719847094,
      "user": 0.0020032,
      "system": 0.0014518679999999998,
      "min": 9.473690168440001,
      "max": 10.77941549744,
      "times": [
        9.93226467444,
        9.887369279440001,
        9.54644650844,
        9.61318126844,
        9.59096000044,
        10.31507884944,
        10.01953353444,
        9.84702766244,
        9.473690168440001,
        10.77941549744
      ],
      "exit_codes": [
        0,
        0,
        0,
        0,
        0,
        0,
        0,
        0,
        0,
        0
      ]
    },
    {
      "command": "with_hash_join",
      "mean": 2.75038108804,
      "stddev": 0.2657452798017737,
      "median": 2.93504361844,
      "user": 0.0024590000000000002,
      "system": 0.0011300680000000001,
      "min": 2.43511939744,
      "max": 2.98281068944,
      "times": [
        2.94335343944,
        2.92673379744,
        2.44710702844,
        2.95995727544,
        2.44012971044,
        2.9524414494399998,
        2.43511939744,
        2.44609397244,
        2.98281068944,
        2.97006412044
      ],
      "exit_codes": [
        0,
        0,
        0,
        0,
        0,
        0,
        0,
        0,
        0,
        0
      ]
    }
  ]
}
