{
  "results": [
    {
      "command": "normal_run",
      "mean": 0.55815793362,
      "stddev": 0.025932748793182286,
      "median": 0.5541474080200001,
      "user": 0.00148244,
      "system": 0.00200354,
      "min": 0.52000712402,
      "max": 0.62049289902,
      "times": [
        0.5512567860200001,
        0.52000712402,
        0.5382931860200001,
        0.5484351940200001,
        0.56667322602,
        0.56426151402,
        0.62049289902,
        0.55385518702,
        0.5638645910200001,
        0.5544396290200001
      ],
      "exit_codes": [
        0,
        0,
        0,
        0,
        0,
        0,
        0,
        0,
        0,
        0
      ]
    },
    {
      "command": "with_nested_loop_join",
      "mean": 0.20901873952,
      "stddev": 0.005861840949859436,
      "median": 0.20788141252000003,
      "user": 0.0010941999999999996,
      "system": 0.0021791600000000003,
      "min": 0.20087792902,
      "max": 0.22066243302000002,
      "times": [
        0.20485569702,
        0.20742476202000001,
        0.22066243302000002,
        0.20087792902,
        0.20728608502,
        0.20922175002,
        0.20833806302000002,
        0.20902287402,
        0.21733481302000002,
        0.20516298902000002
      ],
      "exit_codes": [
        0,
        0,
        0,
        0,
        0,
        0,
        0,
        0,
        0,
        0
      ]
    },
    {
      "command": "with_hash_join",
      "mean": 32.03519041792,
      "stddev": 0.29751742688516497,
      "median": 31.96283834652,
      "user": 0.0024494,
      "system": 0.00090586,
      "min": 31.66629463602,
      "max": 32.50990075302,
      "times": [
        31.67895001802,
        31.986272698020002,
        31.93899264202,
        32.248448722019994,
        32.445563770019994,
        31.788970701020002,
        31.66629463602,
        31.93940399502,
        32.50990075302,
        32.14910624402
      ],
      "exit_codes": [
        0,
        0,
        0,
        0,
        0,
        0,
        0,
        0,
        0,
        0
      ]
    }
  ]
}
