{
  "results": [
    {
      "command": "normal_run",
      "mean": 6.270659226360001,
      "stddev": 0.6768928145032249,
      "median": 6.47680752206,
      "user": 0.0027403799999999997,
      "system": 0.000758608,
      "min": 5.23009225106,
      "max": 7.16084602806,
      "times": [
        6.15410544506,
        6.45872097306,
        5.60534426206,
        6.49489407106,
        6.881680734060001,
        6.55763940706,
        5.31371530206,
        5.23009225106,
        6.84955379006,
        7.16084602806
      ],
      "exit_codes": [
        0,
        0,
        0,
        0,
        0,
        0,
        0,
        0,
        0,
        0
      ]
    },
    {
      "command": "with_nested_loop_join",
      "mean": 8.392499829159998,
      "stddev": 0.4000140378015228,
      "median": 8.57190118706,
      "user": 0.00168308,
      "system": 0.001441216,
      "min": 7.57513525606,
      "max": 8.89196950106,
      "times": [
        8.675798966059999,
        8.65094200806,
        8.276178611059999,
        8.585274092059999,
        8.187434398059999,
        8.59432659506,
        7.92941058206,
        7.57513525606,
        8.55852828206,
        8.89196950106
      ],
      "exit_codes": [
        0,
        0,
        0,
        0,
        0,
        0,
        0,
        0,
        0,
        0
      ]
    },
    {
      "command": "with_hash_join",
      "mean": 26.59185044106,
      "stddev": 1.2057483864895133,
      "median": 25.991105911059996,
      "user": 0.00170258,
      "system": 0.0015958139999999999,
      "min": 25.54965737806,
      "max": 28.68360741206,
      "times": [
        25.88009149406,
        27.89793655006,
        25.615190704059998,
        25.54965737806,
        25.999272964059998,
        25.84928543306,
        26.142130233059998,
        25.98293885806,
        28.31839338406,
        28.68360741206
      ],
      "exit_codes": [
        0,
        0,
        0,
        0,
        0,
        0,
        0,
        0,
        0,
        0
      ]
    }
  ]
}
