{
  "results": [
    {
      "command": "normal_run",
      "mean": 4.35175374362,
      "stddev": 2.2127075922433037,
      "median": 2.77106592032,
      "user": 0.0024951999999999995,
      "system": 0.0007398079999999999,
      "min": 2.48824088332,
      "max": 7.16187238932,
      "times": [
        2.54364640432,
        2.65038375532,
        2.78140982232,
        2.48824088332,
        2.63630230832,
        6.59015969132,
        6.78809019232,
        7.116709971320001,
        2.76072201832,
        7.16187238932
      ],
      "exit_codes": [
        0,
        0,
        0,
        0,
        0,
        0,
        0,
        0,
        0,
        0
      ]
    },
    {
      "command": "with_nested_loop_join",
      "mean": 3.90014480962,
      "stddev": 1.936963337756153,
      "median": 2.6216498048199997,
      "user": 0.0022047999999999994,
      "system": 0.000954908,
      "min": 2.23360623232,
      "max": 6.71744140732,
      "times": [
        2.56630025632,
        5.94579783232,
        2.23360623232,
        2.46952837432,
        2.3238837803199996,
        5.30914256232,
        2.67699935332,
        6.45496454732,
        6.71744140732,
        2.30378375032
      ],
      "exit_codes": [
        0,
        0,
        0,
        0,
        0,
        0,
        0,
        0,
        0,
        0
      ]
    },
    {
      "command": "with_hash_join",
      "mean": 33.351458034020006,
      "stddev": 0.17051147691960056,
      "median": 33.321372115820004,
      "user": 0.0017239499999999997,
      "system": 0.001566944,
      "min": 33.107407208320005,
      "max": 33.740548964320006,
      "times": [
        33.27868739432,
        33.334546575320005,
        33.39568569432,
        33.308197656320004,
        33.41724620632,
        33.740548964320006,
        33.446714848320006,
        33.196518469320004,
        33.289027323320006,
        33.107407208320005
      ],
      "exit_codes": [
        0,
        0,
        0,
        0,
        0,
        0,
        0,
        0,
        0,
        0
      ]
    }
  ]
}
