{
  "results": [
    {
      "command": "normal_run",
      "mean": 6.844482029939999,
      "stddev": 0.5385328059979353,
      "median": 6.85740136954,
      "user": 0.0018420600000000002,
      "system": 0.0013554679999999999,
      "min": 6.18186800154,
      "max": 7.85240142354,
      "times": [
        6.30545105754,
        6.35503755154,
        6.89891053254,
        6.87553233454,
        7.85240142354,
        7.35161214654,
        6.468476813540001,
        6.839270404540001,
        7.31626003354,
        6.18186800154
      ],
      "exit_codes": [
        0,
        0,
        0,
        0,
        0,
        0,
        0,
        0,
        0,
        0
      ]
    },
    {
      "command": "with_nested_loop_join",
      "mean": 9.244105502539998,
      "stddev": 0.3290165271582046,
      "median": 9.286699132039999,
      "user": 0.00125602,
      "system": 0.001791664,
      "min": 8.59960539154,
      "max": 9.66446038254,
      "times": [
        9.59542630654,
        9.07775260754,
        9.18136832754,
        9.47874951154,
        9.29059828554,
        9.66446038254,
        9.28279997854,
        9.40411942054,
        8.86617481354,
        8.59960539154
      ],
      "exit_codes": [
        0,
        0,
        0,
        0,
        0,
        0,
        0,
        0,
        0,
        0
      ]
    },
    {
      "command": "with_hash_join",
      "mean": 34.192862468840005,
      "stddev": 0.4760085676879055,
      "median": 34.251742112040006,
      "user": 0.00271554,
      "system": 0.000641256,
      "min": 33.35244621854,
      "max": 34.93278677954,
      "times": [
        34.22629260554,
        34.686493962540005,
        34.93278677954,
        34.38863834154,
        34.26091918854,
        34.39981602054,
        33.35244621854,
        34.242565035540004,
        33.674833332540004,
        33.76383320354
      ],
      "exit_codes": [
        0,
        0,
        0,
        0,
        0,
        0,
        0,
        0,
        0,
        0
      ]
    }
  ]
}
