{
  "results": [
    {
      "command": "normal_run",
      "mean": 0.41690648152000004,
      "stddev": 0.0020665080973322,
      "median": 0.41685507702,
      "user": 0.0029228960000000003,
      "system": 0.00093013,
      "min": 0.41345353552,
      "max": 0.41946973052000003,
      "times": [
        0.41560727152000004,
        0.41654844452000006,
        0.41619006052000007,
        0.41946973052000003,
        0.41907994352000005,
        0.41884442852000003,
        0.41841133552000004,
        0.41345353552,
        0.41429835552000005,
        0.41716170952000003
      ],
      "exit_codes": [
        0,
        0,
        0,
        0,
        0,
        0,
        0,
        0,
        0,
        0
      ]
    },
    {
      "command": "with_nested_loop_join",
      "mean": 0.6212325867199999,
      "stddev": 0.008185257448202506,
      "median": 0.61929356302,
      "user": 0.0035725400000000004,
      "system": 0.00041127199999999996,
      "min": 0.61168718752,
      "max": 0.63514475252,
      "times": [
        0.63514475252,
        0.61886772252,
        0.62589453952,
        0.61292768952,
        0.61744639352,
        0.63241532652,
        0.61313865652,
        0.61168718752,
        0.61971940352,
        0.62508419552
      ],
      "exit_codes": [
        0,
        0,
        0,
        0,
        0,
        0,
        0,
        0,
        0,
        0
      ]
    },
    {
      "command": "with_hash_join",
      "mean": 3.06128496692,
      "stddev": 0.022823237092279538,
      "median": 3.05779919052,
      "user": 0.0030605399999999996,
      "system": 0.00079933,
      "min": 3.0324765765199997,
      "max": 3.0992391805199997,
      "times": [
        3.0324765765199997,
        3.03946686752,
        3.05106518852,
        3.07711474652,
        3.06453319252,
        3.0992391805199997,
        3.04911844652,
        3.03673105852,
        3.08289549552,
        3.0802089165199997
      ],
      "exit_codes": [
        0,
        0,
        0,
        0,
        0,
        0,
        0,
        0,
        0,
        0
      ]
    }
  ]
}
