{
  "results": [
    {
      "command": "normal_run",
      "mean": 0.06782057162,
      "stddev": 0.007753116052049473,
      "median": 0.06860549302,
      "user": 0.00134555,
      "system": 0.0019394419999999996,
      "min": 0.05553107252,
      "max": 0.08226199752,
      "times": [
        0.06683108252,
        0.05553107252,
        0.07160388052,
        0.06701431152000001,
        0.07161084952,
        0.05583484352,
        0.06873049552,
        0.06848049052,
        0.08226199752,
        0.07030669252
      ],
      "exit_codes": [
        0,
        0,
        0,
        0,
        0,
        0,
        0,
        0,
        0,
        0
      ]
    },
    {
      "command": "with_nested_loop_join",
      "mean": 0.03946086002000001,
      "stddev": 0.0037349523673985236,
      "median": 0.03843707502,
      "user": 0.00252435,
      "system": 0.000924118,
      "min": 0.03629604852,
      "max": 0.04868380052,
      "times": [
        0.03764095352,
        0.04868380052,
        0.03654376852,
        0.04075756952,
        0.04110200952,
        0.03641991052,
        0.03923319652,
        0.03629604852,
        0.04046303952,
        0.03746830352
      ],
      "exit_codes": [
        0,
        0,
        0,
        0,
        0,
        0,
        0,
        0,
        0,
        0
      ]
    },
    {
      "command": "with_hash_join",
      "mean": 4.54764700512,
      "stddev": 0.04628613403521726,
      "median": 4.53392067052,
      "user": 0.0012186,
      "system": 0.001988348,
      "min": 4.49890218052,
      "max": 4.64681876752,
      "times": [
        4.549446146519999,
        4.51800297452,
        4.5350608355199995,
        4.50677811852,
        4.55805675352,
        4.52404201152,
        4.53278050552,
        4.49890218052,
        4.64681876752,
        4.60658175752
      ],
      "exit_codes": [
        0,
        0,
        0,
        0,
        0,
        0,
        0,
        0,
        0,
        0
      ]
    }
  ]
}
