{
  "results": [
    {
      "command": "normal_run",
      "mean": 0.05418365054,
      "stddev": 0.0024276329392084904,
      "median": 0.053503674540000004,
      "user": 0.0023186039999999997,
      "system": 0.001012064,
      "min": 0.05131657204000001,
      "max": 0.059051376040000006,
      "times": [
        0.05131657204000001,
        0.05215430704000001,
        0.055660695040000006,
        0.05687820004000001,
        0.059051376040000006,
        0.05305176004000001,
        0.05395558904000001,
        0.05236467504,
        0.052592893040000005,
        0.054810438040000006
      ],
      "exit_codes": [
        0,
        0,
        0,
        0,
        0,
        0,
        0,
        0,
        0,
        0
      ]
    },
    {
      "command": "with_nested_loop_join",
      "mean": 0.03497891864000001,
      "stddev": 0.001220192402378248,
      "median": 0.034817686040000004,
      "user": 0.0021945040000000003,
      "system": 0.0012202959999999998,
      "min": 0.033619623040000005,
      "max": 0.037063573040000006,
      "times": [
        0.037063573040000006,
        0.034220488040000004,
        0.033646053040000005,
        0.035538105040000004,
        0.03472093004000001,
        0.033619623040000005,
        0.035871525040000005,
        0.03374695204000001,
        0.03644749504000001,
        0.03491444204000001
      ],
      "exit_codes": [
        0,
        0,
        0,
        0,
        0,
        0,
        0,
        0,
        0,
        0
      ]
    },
    {
      "command": "with_hash_join",
      "mean": 3.7501698627400004,
      "stddev": 0.07736494889621556,
      "median": 3.71887661554,
      "user": 0.0019072040000000002,
      "system": 0.001204844,
      "min": 3.68167091604,
      "max": 3.88862178304,
      "times": [
        3.6994305540399997,
        3.84119276104,
        3.71010766304,
        3.68167091604,
        3.88862178304,
        3.68331865004,
        3.8405467760399996,
        3.72764556804,
        3.74511837104,
        3.68404558504
      ],
      "exit_codes": [
        0,
        0,
        0,
        0,
        0,
        0,
        0,
        0,
        0,
        0
      ]
    }
  ]
}
