{
  "results": [
    {
      "command": "normal_run",
      "mean": 0.1034104589,
      "stddev": 0.0020826232538047047,
      "median": 0.1032510283,
      "user": 0.0018730279999999999,
      "system": 0.0018260799999999997,
      "min": 0.09925726280000001,
      "max": 0.10686202880000001,
      "times": [
        0.09925726280000001,
        0.10265565380000001,
        0.10686202880000001,
        0.10327333080000001,
        0.1032287258,
        0.1048944968,
        0.1025896278,
        0.10183354580000001,
        0.1051249568,
        0.10438495980000001
      ],
      "exit_codes": [
        0,
        0,
        0,
        0,
        0,
        0,
        0,
        0,
        0,
        0
      ]
    },
    {
      "command": "with_nested_loop_join",
      "mean": 0.048920044899999994,
      "stddev": 0.0023021035780301006,
      "median": 0.0482395003,
      "user": 0.0019168279999999995,
      "system": 0.0019367799999999997,
      "min": 0.0469983188,
      "max": 0.0532933108,
      "times": [
        0.0532933108,
        0.0485081278,
        0.0480237678,
        0.0484820288,
        0.0469983188,
        0.047327382800000005,
        0.053047598800000005,
        0.048455232800000005,
        0.0473412598,
        0.0477234208
      ],
      "exit_codes": [
        0,
        0,
        0,
        0,
        0,
        0,
        0,
        0,
        0,
        0
      ]
    },
    {
      "command": "with_hash_join",
      "mean": 4.2689787928,
      "stddev": 0.14478734804158286,
      "median": 4.2058057257999995,
      "user": 0.0008931199999999996,
      "system": 0.0024931699999999994,
      "min": 4.1686146548,
      "max": 4.5945470438,
      "times": [
        4.2334018598,
        4.4671526978,
        4.1750713518,
        4.1773188268,
        4.5945470438,
        4.1686146548,
        4.186422694799999,
        4.204729673799999,
        4.2068817778,
        4.2756473468
      ],
      "exit_codes": [
        0,
        0,
        0,
        0,
        0,
        0,
        0,
        0,
        0,
        0
      ]
    }
  ]
}
