{
  "results": [
    {
      "command": "normal_run",
      "mean": 4.3626544513,
      "stddev": 0.2567659756300988,
      "median": 4.323124162199999,
      "user": 0.0025419599999999994,
      "system": 0.0006842879999999999,
      "min": 4.0177259152,
      "max": 4.7435458322,
      "times": [
        4.6400483312,
        4.2693349502,
        4.652365877199999,
        4.3203141712,
        4.1074104512,
        4.0799510541999995,
        4.3259341531999995,
        4.4699137771999995,
        4.7435458322,
        4.0177259152
      ],
      "exit_codes": [
        0,
        0,
        0,
        0,
        0,
        0,
        0,
        0,
        0,
        0
      ]
    },
    {
      "command": "with_nested_loop_join",
      "mean": 4.7733161190999995,
      "stddev": 0.13318348901275276,
      "median": 4.8011968257,
      "user": 0.0026153599999999997,
      "system": 0.0007357099999999999,
      "min": 4.548300676199999,
      "max": 4.931372040199999,
      "times": [
        4.5971000432,
        4.7181351432,
        4.8204105722,
        4.8770512022,
        4.890006694199999,
        4.931372040199999,
        4.8916703942,
        4.7819830792,
        4.6771313461999995,
        4.548300676199999
      ],
      "exit_codes": [
        0,
        0,
        0,
        0,
        0,
        0,
        0,
        0,
        0,
        0
      ]
    },
    {
      "command": "with_hash_join",
      "mean": 3.9507569418000004,
      "stddev": 0.026050813420208825,
      "median": 3.9536578307,
      "user": 0.0027796599999999993,
      "system": 0.0006378879999999999,
      "min": 3.9139364822,
      "max": 3.9852725232000004,
      "times": [
        3.9449305242,
        3.9783620332000003,
        3.9418805842,
        3.9222553462000005,
        3.9190007892,
        3.9716066282000004,
        3.9679393702000003,
        3.9623851372,
        3.9852725232000004,
        3.9139364822
      ],
      "exit_codes": [
        0,
        0,
        0,
        0,
        0,
        0,
        0,
        0,
        0,
        0
      ]
    }
  ]
}
