{
  "results": [
    {
      "command": "normal_run",
      "mean": 1.8790392553,
      "stddev": 0.01602442196995903,
      "median": 1.88166454,
      "user": 0.0033872600000000004,
      "system": 0.00006655800000000001,
      "min": 1.857558749,
      "max": 1.9015259960000002,
      "times": [
        1.9015259960000002,
        1.8583254970000003,
        1.8864805370000002,
        1.8802591270000002,
        1.8916666850000001,
        1.8981720780000002,
        1.8689188730000001,
        1.8644150580000003,
        1.8830699530000001,
        1.857558749
      ],
      "exit_codes": [
        0,
        0,
        0,
        0,
        0,
        0,
        0,
        0,
        0,
        0
      ]
    },
    {
      "command": "with_nested_loop_join",
      "mean": 1.8857148730000002,
      "stddev": 0.01503794407006379,
      "median": 1.8825865305000002,
      "user": 0.0028277439999999997,
      "system": 0.0005433320000000001,
      "min": 1.867138745,
      "max": 1.9217421860000001,
      "times": [
        1.9217421860000001,
        1.867138745,
        1.8774566000000001,
        1.880373512,
        1.8737448700000001,
        1.883807248,
        1.8813658130000002,
        1.8934267340000002,
        1.8939445760000002,
        1.884148446
      ],
      "exit_codes": [
        0,
        0,
        0,
        0,
        0,
        0,
        0,
        0,
        0,
        0
      ]
    },
    {
      "command": "with_hash_join",
      "mean": 11.8140032638,
      "stddev": 0.07154095499841055,
      "median": 11.789196077,
      "user": 0.002141412,
      "system": 0.0011380480000000002,
      "min": 11.734164087,
      "max": 11.931690733,
      "times": [
        11.764428174999999,
        11.874704582,
        11.754339217,
        11.734164087,
        11.777466902999999,
        11.931690733,
        11.925950567,
        11.800925250999999,
        11.768629806,
        11.807733317
      ],
      "exit_codes": [
        0,
        0,
        0,
        0,
        0,
        0,
        0,
        0,
        0,
        0
      ]
    }
  ]
}
