{
  "results": [
    {
      "command": "normal_run",
      "mean": 1.00515092616,
      "stddev": 0.006695162083478236,
      "median": 1.0033904536599998,
      "user": 0.0026049819999999996,
      "system": 0.000682064,
      "min": 0.99824343066,
      "max": 1.02003515266,
      "times": [
        0.99824343066,
        1.02003515266,
        1.00070224966,
        1.0117646086599998,
        1.00121934466,
        1.00746726466,
        0.99886117566,
        1.00448820766,
        1.00229269966,
        1.0064351276599999
      ],
      "exit_codes": [
        0,
        0,
        0,
        0,
        0,
        0,
        0,
        0,
        0,
        0
      ]
    },
    {
      "command": "with_nested_loop_join",
      "mean": 0.03569433426,
      "stddev": 0.0009583858809376903,
      "median": 0.03545144666,
      "user": 0.0016656899999999998,
      "system": 0.001673796,
      "min": 0.03481873166,
      "max": 0.03814288266,
      "times": [
        0.03561995966,
        0.03501712266,
        0.03481873166,
        0.03530481466,
        0.03559807866,
        0.03510474566,
        0.03524123666,
        0.03624335366,
        0.03814288266,
        0.03585241666
      ],
      "exit_codes": [
        0,
        0,
        0,
        0,
        0,
        0,
        0,
        0,
        0,
        0
      ]
    },
    {
      "command": "with_hash_join",
      "mean": 1.00929686356,
      "stddev": 0.015309968160486657,
      "median": 1.00054987216,
      "user": 0.0017547879999999997,
      "system": 0.001726712,
      "min": 0.9954181796600001,
      "max": 1.03750172466,
      "times": [
        0.9954181796600001,
        1.00090874366,
        0.9983091406600001,
        0.9973068186600001,
        0.9975718546600001,
        1.01638066466,
        1.03750172466,
        1.02927754766,
        1.0001910006599999,
        1.0201029606599998
      ],
      "exit_codes": [
        0,
        0,
        0,
        0,
        0,
        0,
        0,
        0,
        0,
        0
      ]
    }
  ]
}
