{
  "results": [
    {
      "command": "normal_run",
      "mean": 2.89208945268,
      "stddev": 1.1587143626072278,
      "median": 3.5883801687800005,
      "user": 0.00226482,
      "system": 0.001280636,
      "min": 1.2051921497800002,
      "max": 3.6477438057800002,
      "times": [
        3.5798139797800004,
        1.2165294047800002,
        3.60595806278,
        3.5969463577800003,
        3.5710638657800002,
        3.6477438057800002,
        3.64699030778,
        3.63227135578,
        1.2051921497800002,
        1.21838523678
      ],
      "exit_codes": [
        0,
        0,
        0,
        0,
        0,
        0,
        0,
        0,
        0,
        0
      ]
    },
    {
      "command": "with_nested_loop_join",
      "mean": 1.20773530678,
      "stddev": 0.007557507414029532,
      "median": 1.20480232828,
      "user": 0.0020423200000000002,
      "system": 0.001465092,
      "min": 1.1987833067800002,
      "max": 1.2175368857800002,
      "times": [
        1.2043908737800002,
        1.2016731577800002,
        1.19954882678,
        1.21722296878,
        1.2175368857800002,
        1.20521378278,
        1.20368738178,
        1.2119505247800002,
        1.21734535878,
        1.1987833067800002
      ],
      "exit_codes": [
        0,
        0,
        0,
        0,
        0,
        0,
        0,
        0,
        0,
        0
      ]
    },
    {
      "command": "with_hash_join",
      "mean": 3.5992600331799998,
      "stddev": 0.026273704172521884,
      "median": 3.58900581978,
      "user": 0.0017581200000000002,
      "system": 0.001580092,
      "min": 3.57765003678,
      "max": 3.6569084207800002,
      "times": [
        3.57765003678,
        3.60161397378,
        3.6569084207800002,
        3.59208332178,
        3.58101937478,
        3.58274325578,
        3.58592831778,
        3.6354546937800003,
        3.58306393678,
        3.5961349997800003
      ],
      "exit_codes": [
        0,
        0,
        0,
        0,
        0,
        0,
        0,
        0,
        0,
        0
      ]
    }
  ]
}
