{
  "results": [
    {
      "command": "normal_run",
      "mean": 1.0243475130400002,
      "stddev": 0.011948636139936557,
      "median": 1.0231073249400002,
      "user": 0.002337188,
      "system": 0.0010226,
      "min": 1.0117808829400001,
      "max": 1.04887428594,
      "times": [
        1.0196338789400001,
        1.01257730094,
        1.01698738094,
        1.0117808829400001,
        1.01251136094,
        1.02658077094,
        1.0303853469400002,
        1.0298757119400002,
        1.04887428594,
        1.03426820994
      ],
      "exit_codes": [
        0,
        0,
        0,
        0,
        0,
        0,
        0,
        0,
        0,
        0
      ]
    },
    {
      "command": "with_nested_loop_join",
      "mean": 0.05676147934,
      "stddev": 0.001964297611169176,
      "median": 0.05671545194,
      "user": 0.0021491039999999998,
      "system": 0.001428,
      "min": 0.05392773594,
      "max": 0.05963662294,
      "times": [
        0.05955763594,
        0.05392773594,
        0.05691687194,
        0.05407890894,
        0.05963662294,
        0.05786924794,
        0.057391109940000004,
        0.05565467494,
        0.05651403194,
        0.056067952940000006
      ],
      "exit_codes": [
        0,
        0,
        0,
        0,
        0,
        0,
        0,
        0,
        0,
        0
      ]
    },
    {
      "command": "with_hash_join",
      "mean": 1.01274963994,
      "stddev": 0.009018536354136034,
      "median": 1.01032200444,
      "user": 0.002222288,
      "system": 0.0012108000000000002,
      "min": 1.0032957259400002,
      "max": 1.0334029309400001,
      "times": [
        1.02050248794,
        1.0123794429400002,
        1.01758192194,
        1.00893704694,
        1.00667087894,
        1.0032957259400002,
        1.00550367594,
        1.0334029309400001,
        1.01170696194,
        1.00751532594
      ],
      "exit_codes": [
        0,
        0,
        0,
        0,
        0,
        0,
        0,
        0,
        0,
        0
      ]
    }
  ]
}
