{
  "results": [
    {
      "command": "normal_run",
      "mean": 15.620505949539998,
      "stddev": 0.13729540884528313,
      "median": 15.59145088324,
      "user": 0.0022944959999999996,
      "system": 0.00096402,
      "min": 15.442770014739999,
      "max": 15.82141175474,
      "times": [
        15.45998262074,
        15.442770014739999,
        15.588231710739999,
        15.77628583874,
        15.52641683874,
        15.82141175474,
        15.65534962774,
        15.79445444374,
        15.59467005574,
        15.54548658974
      ],
      "exit_codes": [
        0,
        0,
        0,
        0,
        0,
        0,
        0,
        0,
        0,
        0
      ]
    },
    {
      "command": "with_nested_loop_join",
      "mean": 18.850644963239997,
      "stddev": 0.28604037543399335,
      "median": 18.87266938324,
      "user": 0.0025619080000000003,
      "system": 0.00074562,
      "min": 18.52287846574,
      "max": 19.42148541274,
      "times": [
        18.57587223574,
        18.54194838174,
        18.87353884074,
        18.95298107974,
        19.02717629674,
        19.42148541274,
        18.87179992574,
        19.07095969274,
        18.64780930074,
        18.52287846574
      ],
      "exit_codes": [
        0,
        0,
        0,
        0,
        0,
        0,
        0,
        0,
        0,
        0
      ]
    },
    {
      "command": "with_hash_join",
      "mean": 15.67939029594,
      "stddev": 0.08757565398203367,
      "median": 15.669382188739998,
      "user": 0.0014660839999999999,
      "system": 0.001981784,
      "min": 15.556333747739998,
      "max": 15.85176494974,
      "times": [
        15.77303803774,
        15.556333747739998,
        15.62433047974,
        15.61984594174,
        15.604515912739998,
        15.66863980474,
        15.69263152474,
        15.732677987739999,
        15.85176494974,
        15.670124572739999
      ],
      "exit_codes": [
        0,
        0,
        0,
        0,
        0,
        0,
        0,
        0,
        0,
        0
      ]
    }
  ]
}
