{
  "results": [
    {
      "command": "normal_run",
      "mean": 3.5060490361,
      "stddev": 1.6922614937132623,
      "median": 2.2400357499999997,
      "user": 0.001930212,
      "system": 0.001359126,
      "min": 2.0992809209999996,
      "max": 5.498613285,
      "times": [
        2.2485147459999997,
        5.498613285,
        2.225446055,
        5.465579169000001,
        2.1714874749999997,
        5.455905488,
        2.1975113669999997,
        2.0992809209999996,
        2.231556754,
        5.466595101
      ],
      "exit_codes": [
        0,
        0,
        0,
        0,
        0,
        0,
        0,
        0,
        0,
        0
      ]
    },
    {
      "command": "with_nested_loop_join",
      "mean": 3.4537387363,
      "stddev": 1.7205742204677967,
      "median": 2.1746621855,
      "user": 0.002041896,
      "system": 0.0013610900000000001,
      "min": 2.0563921329999997,
      "max": 5.510014722,
      "times": [
        5.510014722,
        5.431275569,
        2.193409489,
        2.1497836479999997,
        5.420191547,
        2.155914882,
        2.0563921329999997,
        5.447164028,
        2.079536969,
        2.093704376
      ],
      "exit_codes": [
        0,
        0,
        0,
        0,
        0,
        0,
        0,
        0,
        0,
        0
      ]
    },
    {
      "command": "with_hash_join",
      "mean": 2.8190600742000003,
      "stddev": 0.017473207916878425,
      "median": 2.820032052,
      "user": 0.001987528,
      "system": 0.001306108,
      "min": 2.7874203659999996,
      "max": 2.846544539,
      "times": [
        2.816091132,
        2.8221594629999998,
        2.821681855,
        2.80943588,
        2.818382249,
        2.843490692,
        2.7874203659999996,
        2.822575177,
        2.802819389,
        2.846544539
      ],
      "exit_codes": [
        0,
        0,
        0,
        0,
        0,
        0,
        0,
        0,
        0,
        0
      ]
    }
  ]
}
