{
  "results": [
    {
      "command": "normal_run",
      "mean": 11.812828901340001,
      "stddev": 0.45417171662506306,
      "median": 11.75013254584,
      "user": 0.0020419599999999998,
      "system": 0.0013044360000000002,
      "min": 11.16655770834,
      "max": 12.647172876339999,
      "times": [
        12.647172876339999,
        11.39972634234,
        11.99563417734,
        11.98252264934,
        11.16655770834,
        11.55652404034,
        11.81869285934,
        12.38407865534,
        11.49580747234,
        11.68157223234
      ],
      "exit_codes": [
        0,
        0,
        0,
        0,
        0,
        0,
        0,
        0,
        0,
        0
      ]
    },
    {
      "command": "with_nested_loop_join",
      "mean": 11.71199193694,
      "stddev": 0.42345379718528914,
      "median": 11.71976263734,
      "user": 0.0019116599999999995,
      "system": 0.001357842,
      "min": 11.05505853534,
      "max": 12.46687760134,
      "times": [
        11.72558962534,
        11.93758002234,
        12.46687760134,
        11.90793186934,
        11.30773367934,
        11.71393564934,
        11.57233745934,
        12.128727077339999,
        11.05505853534,
        11.30414785034
      ],
      "exit_codes": [
        0,
        0,
        0,
        0,
        0,
        0,
        0,
        0,
        0,
        0
      ]
    },
    {
      "command": "with_hash_join",
      "mean": 25.400083633740003,
      "stddev": 0.2222028745187558,
      "median": 25.473014721840002,
      "user": 0.0021033239999999997,
      "system": 0.00137313,
      "min": 24.947357144340003,
      "max": 25.70846909534,
      "times": [
        25.16439140334,
        24.947357144340003,
        25.309346469340003,
        25.70846909534,
        25.46454325434,
        25.316086932340003,
        25.48148618934,
        25.604389593340002,
        25.504829215340003,
        25.49993704034
      ],
      "exit_codes": [
        0,
        0,
        0,
        0,
        0,
        0,
        0,
        0,
        0,
        0
      ]
    }
  ]
}
