{
  "results": [
    {
      "command": "normal_run",
      "mean": 0.72835120848,
      "stddev": 0.042942258789837706,
      "median": 0.7261397028800001,
      "user": 0.0025032199999999996,
      "system": 0.00063426,
      "min": 0.6701443418799999,
      "max": 0.80651392788,
      "times": [
        0.71180246488,
        0.74772647388,
        0.80651392788,
        0.6877814128799999,
        0.73982164188,
        0.6701443418799999,
        0.68325171288,
        0.71245776388,
        0.76976078488,
        0.75425155988
      ],
      "exit_codes": [
        0,
        0,
        0,
        0,
        0,
        0,
        0,
        0,
        0,
        0
      ]
    },
    {
      "command": "with_nested_loop_join",
      "mean": 0.75670757518,
      "stddev": 0.06741411951241254,
      "median": 0.76949566338,
      "user": 0.0025259399999999995,
      "system": 0.000744,
      "min": 0.66073187888,
      "max": 0.85391731088,
      "times": [
        0.79088567988,
        0.77715850688,
        0.79508869188,
        0.72762241388,
        0.85391731088,
        0.76183281988,
        0.83867511788,
        0.68090577488,
        0.66073187888,
        0.68025755688
      ],
      "exit_codes": [
        0,
        0,
        0,
        0,
        0,
        0,
        0,
        0,
        0,
        0
      ]
    },
    {
      "command": "with_hash_join",
      "mean": 24.522795166279998,
      "stddev": 0.3526051874372648,
      "median": 24.43137632488,
      "user": 0.0033828199999999995,
      "system": 0.00031326,
      "min": 23.990412537879998,
      "max": 25.179797294879997,
      "times": [
        24.97510299288,
        23.990412537879998,
        24.29829131288,
        24.42099532988,
        24.745305296879998,
        25.179797294879997,
        24.50338522988,
        24.256950321879998,
        24.415954025879998,
        24.441757319879997
      ],
      "exit_codes": [
        0,
        0,
        0,
        0,
        0,
        0,
        0,
        0,
        0,
        0
      ]
    }
  ]
}
