{
  "results": [
    {
      "command": "normal_run",
      "mean": 43.08746457594,
      "stddev": 75.49319587747897,
      "median": 19.32691054344,
      "user": 0.00206178,
      "system": 0.001026372,
      "min": 18.603085757440002,
      "max": 257.94195444544,
      "times": [
        19.45659762944,
        257.94195444544,
        18.80805351844,
        18.86460871444,
        19.836118340440002,
        19.30099642844,
        18.603085757440002,
        19.685206057440002,
        19.35282465844,
        19.02520020944
      ],
      "exit_codes": [
        0,
        0,
        0,
        0,
        0,
        0,
        0,
        0,
        0,
        0
      ]
    },
    {
      "command": "with_nested_loop_join",
      "mean": 259.40778402084,
      "stddev": 2.108821444811751,
      "median": 259.45393691443996,
      "user": 0.0021192800000000003,
      "system": 0.00093511,
      "min": 256.06870848744,
      "max": 261.80317949844,
      "times": [
        261.24542793044,
        260.53878921244,
        261.55209190144,
        261.80317949844,
        261.40688514244,
        257.84751168944,
        258.36908461644,
        257.58730594544,
        257.65885578444,
        256.06870848744
      ],
      "exit_codes": [
        0,
        0,
        0,
        0,
        0,
        0,
        0,
        0,
        0,
        0
      ]
    },
    {
      "command": "with_hash_join",
      "mean": 19.756010308540002,
      "stddev": 3.96508878580616,
      "median": 19.63973543794,
      "user": 0.00237288,
      "system": 0.000884286,
      "min": 15.47566675044,
      "max": 23.80834785444,
      "times": [
        16.31455434244,
        15.47566675044,
        16.32002474344,
        23.486734816440002,
        23.80834785444,
        23.767420055440002,
        15.58853727644,
        23.51934637044,
        22.92132668244,
        16.35814419344
      ],
      "exit_codes": [
        0,
        0,
        0,
        0,
        0,
        0,
        0,
        0,
        0,
        0
      ]
    }
  ]
}
