{
  "results": [
    {
      "command": "normal_run",
      "mean": 38.76123181352,
      "stddev": 1.9964212163784623,
      "median": 37.97948785192,
      "user": 0.0014581299999999998,
      "system": 0.001659742,
      "min": 36.26642043092,
      "max": 41.73991277592,
      "times": [
        38.31904890192,
        37.63992680192,
        41.73991277592,
        41.252915351919995,
        36.26642043092,
        36.970563803919994,
        39.77785998692,
        40.947551487919995,
        37.57800964192,
        37.120108951919995
      ],
      "exit_codes": [
        0,
        0,
        0,
        0,
        0,
        0,
        0,
        0,
        0,
        0
      ]
    },
    {
      "command": "with_nested_loop_join",
      "mean": 40.118882371119994,
      "stddev": 1.6700338242367931,
      "median": 39.20929406892,
      "user": 0.001665082,
      "system": 0.001414154,
      "min": 38.62074166492,
      "max": 42.72775690292,
      "times": [
        39.061029121919994,
        38.62074166492,
        39.999270069919994,
        42.09130784592,
        42.579648068919994,
        38.65620860892,
        39.18953244692,
        39.22905569092,
        42.72775690292,
        39.034273289919994
      ],
      "exit_codes": [
        0,
        0,
        0,
        0,
        0,
        0,
        0,
        0,
        0,
        0
      ]
    },
    {
      "command": "with_hash_join",
      "mean": 27.891791437719995,
      "stddev": 0.1682367085361396,
      "median": 27.844670512420002,
      "user": 0.0014964559999999997,
      "system": 0.0016268419999999999,
      "min": 27.696526855920002,
      "max": 28.23573971992,
      "times": [
        27.89056411592,
        27.72742280492,
        27.696526855920002,
        27.79303776692,
        27.99816571592,
        27.92565583592,
        28.06399179292,
        27.79877690892,
        28.23573971992,
        27.78803285992
      ],
      "exit_codes": [
        0,
        0,
        0,
        0,
        0,
        0,
        0,
        0,
        0,
        0
      ]
    }
  ]
}
