{
  "results": [
    {
      "command": "normal_run",
      "mean": 1.2147315238599998,
      "stddev": 0.012232786241114261,
      "median": 1.2118905838599998,
      "user": 0.002106002,
      "system": 0.001132888,
      "min": 1.19871439086,
      "max": 1.23153523786,
      "times": [
        1.2285022398599998,
        1.1993445938599998,
        1.23153523786,
        1.19871439086,
        1.2097926478599998,
        1.20467538886,
        1.2262692848599999,
        1.20997883686,
        1.2247002868599999,
        1.21380233086
      ],
      "exit_codes": [
        0,
        0,
        0,
        0,
        0,
        0,
        0,
        0,
        0,
        0
      ]
    },
    {
      "command": "with_nested_loop_join",
      "mean": 1.21261524236,
      "stddev": 0.013977323375718624,
      "median": 1.2062278003599998,
      "user": 0.0020239019999999997,
      "system": 0.0011895879999999999,
      "min": 1.19691594486,
      "max": 1.24143440886,
      "times": [
        1.22309953186,
        1.19691594486,
        1.2054954758599998,
        1.20050733986,
        1.22202614886,
        1.20696012486,
        1.22231940786,
        1.20332325286,
        1.24143440886,
        1.2040707878599999
      ],
      "exit_codes": [
        0,
        0,
        0,
        0,
        0,
        0,
        0,
        0,
        0,
        0
      ]
    },
    {
      "command": "with_hash_join",
      "mean": 25.689587671059996,
      "stddev": 0.9217925711694414,
      "median": 25.29442758486,
      "user": 0.002126302,
      "system": 0.00101649,
      "min": 24.98840347586,
      "max": 27.403244580859997,
      "times": [
        25.33336719786,
        25.69037278186,
        25.175537443859998,
        27.403244580859997,
        27.400461419859997,
        25.25548797186,
        25.128277032859998,
        24.98840347586,
        25.14031342786,
        25.38041137786
      ],
      "exit_codes": [
        0,
        0,
        0,
        0,
        0,
        0,
        0,
        0,
        0,
        0
      ]
    }
  ]
}
