{
  "results": [
    {
      "command": "normal_run",
      "mean": 1.7948869918199999,
      "stddev": 0.03862342573173978,
      "median": 1.7794659344200001,
      "user": 0.0018019,
      "system": 0.001256112,
      "min": 1.7488403129199999,
      "max": 1.84464113492,
      "times": [
        1.8270882869199998,
        1.7606206359199998,
        1.7560589519199998,
        1.77215919892,
        1.84060978092,
        1.77886035992,
        1.84464113492,
        1.7488403129199999,
        1.83991974692,
        1.78007150892
      ],
      "exit_codes": [
        0,
        0,
        0,
        0,
        0,
        0,
        0,
        0,
        0,
        0
      ]
    },
    {
      "command": "with_nested_loop_join",
      "mean": 1.65069492612,
      "stddev": 0.016436214671510893,
      "median": 1.65361327242,
      "user": 0.00120865,
      "system": 0.002034528,
      "min": 1.6270099859199998,
      "max": 1.67256215992,
      "times": [
        1.65921582492,
        1.6324203309199998,
        1.63664540492,
        1.66539754092,
        1.64801071992,
        1.6369356099199999,
        1.66515331692,
        1.67256215992,
        1.6635983669199998,
        1.6270099859199998
      ],
      "exit_codes": [
        0,
        0,
        0,
        0,
        0,
        0,
        0,
        0,
        0,
        0
      ]
    },
    {
      "command": "with_hash_join",
      "mean": 27.28511105672,
      "stddev": 0.29468310126829217,
      "median": 27.12985955192,
      "user": 0.0017172799999999998,
      "system": 0.0013922119999999997,
      "min": 26.97979005392,
      "max": 27.78392818292,
      "times": [
        26.97979005392,
        27.13250608692,
        27.06204444592,
        27.11763875692,
        27.67893778792,
        27.12721301692,
        27.04991201092,
        27.31433242792,
        27.60480779692,
        27.78392818292
      ],
      "exit_codes": [
        0,
        0,
        0,
        0,
        0,
        0,
        0,
        0,
        0,
        0
      ]
    }
  ]
}
