{
  "results": [
    {
      "command": "normal_run",
      "mean": 0.10450068476,
      "stddev": 0.01450142895165511,
      "median": 0.10065296416,
      "user": 0.03929156,
      "system": 0.018811420000000002,
      "min": 0.09333962866,
      "max": 0.14365909466000001,
      "times": [
        0.10940743466000001,
        0.10162639566000001,
        0.10241522266,
        0.09967953266,
        0.09951802466000001,
        0.14365909466000001,
        0.10361453266000001,
        0.09550388266000001,
        0.09333962866,
        0.09624309866000001
      ],
      "exit_codes": [
        0,
        0,
        0,
        0,
        0,
        0,
        0,
        0,
        0,
        0
      ]
    },
    {
      "command": "with_nested_loop_join",
      "mean": 0.10362113736,
      "stddev": 0.014259198430102893,
      "median": 0.09844107616,
      "user": 0.037782159999999995,
      "system": 0.017726719999999994,
      "min": 0.09575443066,
      "max": 0.14311737166000002,
      "times": [
        0.09632132466,
        0.09774129266,
        0.09757831266,
        0.09878653566000001,
        0.09809561666000001,
        0.09575443066,
        0.14311737166000002,
        0.10715784266,
        0.10175344466000001,
        0.09990520166000001
      ],
      "exit_codes": [
        0,
        0,
        0,
        0,
        0,
        0,
        0,
        0,
        0,
        0
      ]
    },
    {
      "command": "with_hash_join",
      "mean": 4.0440179043599995,
      "stddev": 2.955970499639126,
      "median": 2.67789986766,
      "user": 0.018081260000000002,
      "system": 0.007391119999999999,
      "min": 1.39247605366,
      "max": 8.65657665766,
      "times": [
        8.65657665766,
        1.54615497566,
        1.39292715766,
        1.50037302966,
        1.39247605366,
        1.50728317566,
        3.80964475966,
        6.81794689066,
        6.93812022066,
        6.87867612266
      ],
      "exit_codes": [
        0,
        0,
        0,
        0,
        0,
        0,
        0,
        0,
        0,
        0
      ]
    }
  ]
}
