{
  "results": [
    {
      "command": "normal_run",
      "mean": 8.92129996402,
      "stddev": 0.10916730036326111,
      "median": 8.89541268162,
      "user": 0.03794706000000001,
      "system": 0.01793296,
      "min": 8.81385947412,
      "max": 9.17170154312,
      "times": [
        8.87097990512,
        8.91984545812,
        8.94605388112,
        8.82768538212,
        9.17170154312,
        8.836544543119999,
        8.96145281412,
        8.81385947412,
        8.85478989212,
        9.010086747119999
      ],
      "exit_codes": [
        0,
        0,
        0,
        0,
        0,
        0,
        0,
        0,
        0,
        0
      ]
    },
    {
      "command": "with_nested_loop_join",
      "mean": 6.706855878920001,
      "stddev": 3.613578245535865,
      "median": 9.09130787512,
      "user": 0.02783746,
      "system": 0.01212866,
      "min": 1.78441243912,
      "max": 9.94093785012,
      "times": [
        9.94093785012,
        9.185664145119999,
        9.80707275612,
        9.14272402812,
        9.03989172212,
        9.17637084612,
        5.35164846112,
        1.8154837751200001,
        1.78441243912,
        1.82435276612
      ],
      "exit_codes": [
        0,
        0,
        0,
        0,
        0,
        0,
        0,
        0,
        0,
        0
      ]
    },
    {
      "command": "with_hash_join",
      "mean": 24.43807722062,
      "stddev": 7.075439867156207,
      "median": 27.67438343812,
      "user": 0.03162226,
      "system": 0.01440746,
      "min": 5.67075228312,
      "max": 27.93006707612,
      "times": [
        27.93006707612,
        27.80109472912,
        19.74391184912,
        5.67075228312,
        24.83721543412,
        27.745684183119998,
        27.79016703512,
        27.83272903212,
        27.60308269312,
        27.42606789112
      ],
      "exit_codes": [
        0,
        0,
        0,
        0,
        0,
        0,
        0,
        0,
        0,
        0
      ]
    }
  ]
}
