{
  "results": [
    {
      "command": "normal_run",
      "mean": 12.024501083779999,
      "stddev": 12.73142864134042,
      "median": 3.57020342808,
      "user": 0.031201379999999994,
      "system": 0.013750699999999996,
      "min": 0.7094697895800001,
      "max": 33.657960101579995,
      "times": [
        3.5748651655800003,
        3.49991298158,
        33.657960101579995,
        3.50733131958,
        33.007348694579996,
        3.55501243258,
        3.56554169058,
        18.209275495580002,
        0.7094697895800001,
        16.958293166580003
      ],
      "exit_codes": [
        0,
        0,
        0,
        0,
        0,
        0,
        0,
        0,
        0,
        0
      ]
    },
    {
      "command": "with_nested_loop_join",
      "mean": 6.50116100718,
      "stddev": 9.364375789347338,
      "median": 3.55352196508,
      "user": 0.037859180000000006,
      "system": 0.0178655,
      "min": 3.47421512158,
      "max": 33.15248659058,
      "times": [
        33.15248659058,
        3.52236476758,
        3.52579261258,
        3.5753035085800002,
        3.55712430058,
        3.47421512158,
        3.57060367958,
        3.51218411358,
        3.54991962958,
        3.57161574758
      ],
      "exit_codes": [
        0,
        0,
        0,
        0,
        0,
        0,
        0,
        0,
        0,
        0
      ]
    },
    {
      "command": "with_hash_join",
      "mean": 27.318303604879997,
      "stddev": 5.594549511307822,
      "median": 30.357845568080002,
      "user": 0.03515808,
      "system": 0.015529999999999999,
      "min": 14.003789912579999,
      "max": 30.62376167658,
      "times": [
        20.673248386580003,
        30.45573438558,
        30.56126078958,
        30.37190806858,
        30.62376167658,
        30.473093663580002,
        30.343783067580002,
        27.84713744158,
        27.82931865658,
        14.003789912579999
      ],
      "exit_codes": [
        0,
        0,
        0,
        0,
        0,
        0,
        0,
        0,
        0,
        0
      ]
    }
  ]
}
