{
  "results": [
    {
      "command": "normal_run",
      "mean": 20.014510474079994,
      "stddev": 6.194685197992084,
      "median": 22.89571206358,
      "user": 0.03145756,
      "system": 0.014093540000000002,
      "min": 5.34033977008,
      "max": 23.63624061808,
      "times": [
        23.345455684079997,
        21.63653840008,
        22.671175897079998,
        23.315516373079998,
        21.434328604079997,
        23.47807309708,
        5.34033977008,
        12.167188067080001,
        23.120248230079998,
        23.63624061808
      ],
      "exit_codes": [
        0,
        0,
        0,
        0,
        0,
        0,
        0,
        0,
        0,
        0
      ]
    },
    {
      "command": "with_nested_loop_join",
      "mean": 21.333977712279996,
      "stddev": 5.281781102805817,
      "median": 23.13955731408,
      "user": 0.031251459999999995,
      "system": 0.014167056000000003,
      "min": 6.86854560608,
      "max": 24.421365086079998,
      "times": [
        23.81985881208,
        6.86854560608,
        19.27929047908,
        23.298645401079998,
        22.367274896079998,
        22.64382395608,
        23.635507571079998,
        22.98046922708,
        24.421365086079998,
        24.024996088079998
      ],
      "exit_codes": [
        0,
        0,
        0,
        0,
        0,
        0,
        0,
        0,
        0,
        0
      ]
    },
    {
      "command": "with_hash_join",
      "mean": 30.203815978279998,
      "stddev": 9.493680489549732,
      "median": 35.34786910107999,
      "user": 0.031619959999999996,
      "system": 0.014303140000000002,
      "min": 9.26598995308,
      "max": 35.80991087708,
      "times": [
        16.94886835708,
        35.47744865908,
        35.35096087908,
        35.41164307108,
        9.26598995308,
        27.81438571308,
        35.26321407108,
        35.34546100308,
        35.35027719908,
        35.80991087708
      ],
      "exit_codes": [
        0,
        0,
        0,
        0,
        0,
        0,
        0,
        0,
        0,
        0
      ]
    }
  ]
}
