{
  "results": [
    {
      "command": "normal_run",
      "mean": 18.224362092099998,
      "stddev": 5.976496678434271,
      "median": 21.5155705938,
      "user": 0.027887699999999998,
      "system": 0.012508040000000002,
      "min": 5.8101029868,
      "max": 23.0234493498,
      "times": [
        10.0948252788,
        15.7335074388,
        21.7352264458,
        23.0234493498,
        21.5280492798,
        22.1279090088,
        21.5030919078,
        5.8101029868,
        17.7154110498,
        22.9720481748
      ],
      "exit_codes": [
        0,
        0,
        0,
        0,
        0,
        0,
        0,
        0,
        0,
        0
      ]
    },
    {
      "command": "with_nested_loop_join",
      "mean": 21.056392213299997,
      "stddev": 5.193165129880351,
      "median": 22.8173240703,
      "user": 0.0346389,
      "system": 0.016342139999999998,
      "min": 8.5838446398,
      "max": 24.9542738738,
      "times": [
        22.6302387128,
        23.8560611248,
        23.0044094278,
        22.5575909478,
        23.7165936958,
        22.0290954188,
        8.5838446398,
        14.9561632288,
        24.9542738738,
        24.2756510628
      ],
      "exit_codes": [
        0,
        0,
        0,
        0,
        0,
        0,
        0,
        0,
        0,
        0
      ]
    },
    {
      "command": "with_hash_join",
      "mean": 31.616474090700002,
      "stddev": 0.1542879875251635,
      "median": 31.578473108300003,
      "user": 0.0379645,
      "system": 0.017625239999999997,
      "min": 31.498464683799998,
      "max": 32.0258094468,
      "times": [
        31.5736881428,
        31.5789576828,
        31.5785436628,
        31.6511645168,
        31.6624880388,
        31.5784025538,
        31.5038386018,
        32.0258094468,
        31.5133835768,
        31.498464683799998
      ],
      "exit_codes": [
        0,
        0,
        0,
        0,
        0,
        0,
        0,
        0,
        0,
        0
      ]
    }
  ]
}
