{
  "results": [
    {
      "command": "normal_run",
      "mean": 82.6130133396,
      "stddev": 12.716356910144405,
      "median": 89.5160139139,
      "user": 0.03446008,
      "system": 0.015620819999999999,
      "min": 59.3188515699,
      "max": 92.71821984389999,
      "times": [
        62.1384798049,
        89.25169968489999,
        89.80894540889999,
        59.3188515699,
        89.78032814289999,
        91.5465826529,
        92.71821984389999,
        91.8196979939,
        74.18999737889999,
        85.55733091489999
      ],
      "exit_codes": [
        0,
        0,
        0,
        0,
        0,
        0,
        0,
        0,
        0,
        0
      ]
    },
    {
      "command": "with_nested_loop_join",
      "mean": 80.04196566009999,
      "stddev": 12.478097401581868,
      "median": 86.1259030019,
      "user": 0.03114308,
      "system": 0.014155520000000001,
      "min": 63.7880249919,
      "max": 91.3491813319,
      "times": [
        90.7017348239,
        63.8638488859,
        89.5917699069,
        63.7880249919,
        90.4799889519,
        90.90394845489999,
        63.8305864059,
        73.2505367509,
        82.6600360969,
        91.3491813319
      ],
      "exit_codes": [
        0,
        0,
        0,
        0,
        0,
        0,
        0,
        0,
        0,
        0
      ]
    },
    {
      "command": "with_hash_join",
      "mean": 292.69434394539996,
      "stddev": 59.935084115489104,
      "median": 297.9503217199,
      "user": 0.03782268,
      "system": 0.018388719999999997,
      "min": 179.6859413169,
      "max": 378.3380356549,
      "times": [
        179.6859413169,
        251.9469217469,
        289.85713645789997,
        266.29689410189997,
        378.3380356549,
        377.7789440779,
        252.6155927979,
        306.0435069819,
        306.0711957659,
        318.3092705519
      ],
      "exit_codes": [
        0,
        0,
        0,
        0,
        0,
        0,
        0,
        0,
        0,
        0
      ]
    }
  ]
}
