{
  "results": [
    {
      "command": "normal_run",
      "mean": 15.536723069879997,
      "stddev": 5.471181698876252,
      "median": 18.564768172679997,
      "user": 0.02802972,
      "system": 0.012311940000000002,
      "min": 5.90353090968,
      "max": 20.142152801679998,
      "times": [
        18.59937766968,
        6.23574871968,
        14.202699135680001,
        19.708208320679997,
        18.998272785679998,
        20.142152801679998,
        19.476217636679998,
        18.53015867568,
        13.57086404368,
        5.90353090968
      ],
      "exit_codes": [
        0,
        0,
        0,
        0,
        0,
        0,
        0,
        0,
        0,
        0
      ]
    },
    {
      "command": "with_nested_loop_join",
      "mean": 19.17095105168,
      "stddev": 2.370426182782659,
      "median": 19.812609825179997,
      "user": 0.03815742,
      "system": 0.01764814,
      "min": 12.56515895168,
      "max": 20.67240626768,
      "times": [
        19.39968977568,
        20.67240626768,
        20.409908420679997,
        20.15000258268,
        19.14014731568,
        20.27353766568,
        19.78139026668,
        19.473439886679998,
        19.84382938368,
        12.56515895168
      ],
      "exit_codes": [
        0,
        0,
        0,
        0,
        0,
        0,
        0,
        0,
        0,
        0
      ]
    },
    {
      "command": "with_hash_join",
      "mean": 57.95998141658,
      "stddev": 16.381200182271332,
      "median": 68.54509606568,
      "user": 0.03127632,
      "system": 0.01402434,
      "min": 32.50508068668,
      "max": 68.86363350468,
      "times": [
        32.87884612368,
        68.86363350468,
        68.56682610368,
        68.52336602768,
        32.50508068668,
        68.65321365268,
        37.782412127680004,
        64.30191302368,
        68.86264993568,
        68.66187297968
      ],
      "exit_codes": [
        0,
        0,
        0,
        0,
        0,
        0,
        0,
        0,
        0,
        0
      ]
    }
  ]
}
