{
  "results": [
    {
      "command": "normal_run",
      "mean": 53.52684063061999,
      "stddev": 13.05598055889128,
      "median": 61.08325845592,
      "user": 0.027999319999999994,
      "system": 0.012477419999999994,
      "min": 29.34841397892,
      "max": 63.47631822792,
      "times": [
        54.11126898392,
        43.14877394492,
        62.23378253092,
        60.43819571892,
        63.47631822792,
        29.34841397892,
        61.72832119292,
        63.360607148919996,
        63.00420724192,
        34.41851733692
      ],
      "exit_codes": [
        0,
        0,
        0,
        0,
        0,
        0,
        0,
        0,
        0,
        0
      ]
    },
    {
      "command": "with_nested_loop_join",
      "mean": 44.56720127482,
      "stddev": 14.505341887224647,
      "median": 33.91877762542,
      "user": 0.03828252,
      "system": 0.017698819999999997,
      "min": 32.462413882919996,
      "max": 64.60227193992,
      "times": [
        33.30416917492,
        59.21912835092,
        32.462413882919996,
        33.39737951492,
        62.09495811792,
        64.60227193992,
        33.52163568492,
        34.31591956592,
        33.36653435392,
        59.38760216192
      ],
      "exit_codes": [
        0,
        0,
        0,
        0,
        0,
        0,
        0,
        0,
        0,
        0
      ]
    },
    {
      "command": "with_hash_join",
      "mean": 71.60099232222,
      "stddev": 18.46492030773844,
      "median": 85.74346871592,
      "user": 0.03779301999999999,
      "system": 0.01726912,
      "min": 49.19115437792,
      "max": 86.09159658792001,
      "times": [
        85.71627187992,
        49.23205469892,
        85.94378939192,
        86.09159658792001,
        49.48907836192,
        85.77761570892001,
        49.19115437792,
        85.77066555192,
        85.99226371992,
        52.80543294292
      ],
      "exit_codes": [
        0,
        0,
        0,
        0,
        0,
        0,
        0,
        0,
        0,
        0
      ]
    }
  ]
}
