{
  "results": [
    {
      "command": "normal_run",
      "mean": 100.25574897128,
      "stddev": 1.901895778761943,
      "median": 100.19056303798001,
      "user": 0.01084964,
      "system": 0.00702302,
      "min": 96.90671438548,
      "max": 102.72952888648,
      "times": [
        102.68565448948,
        100.51901642048,
        99.97250990048,
        102.72952888648,
        102.13611876648,
        96.90671438548,
        98.14844890648,
        100.40861617548,
        99.74759062548,
        99.30329115648
      ],
      "exit_codes": [
        0,
        0,
        0,
        0,
        0,
        0,
        0,
        0,
        0,
        0
      ]
    },
    {
      "command": "with_nested_loop_join",
      "mean": 373.27850417998,
      "stddev": 133.07899134566736,
      "median": 441.02324393298,
      "user": 0.02268494,
      "system": 0.01382782,
      "min": 213.77753871948,
      "max": 530.71395264748,
      "times": [
        226.17632437148,
        219.74628305248,
        213.77753871948,
        228.71735254948,
        530.71395264748,
        467.33901021748,
        484.71206459048,
        471.75604824047997,
        414.70747764848,
        475.13898976248
      ],
      "exit_codes": [
        0,
        0,
        0,
        0,
        0,
        0,
        0,
        0,
        0,
        0
      ]
    },
    {
      "command": "with_hash_join",
      "mean": 143.29039652338,
      "stddev": 17.208283758950053,
      "median": 155.02386553048,
      "user": 0.03768974,
      "system": 0.019387019999999998,
      "min": 120.81004516548,
      "max": 157.63594866248,
      "times": [
        157.38562053848,
        123.58791621648,
        120.81004516548,
        154.46559656448,
        123.12616385148,
        157.39031817648,
        157.63594866248,
        156.93630630348,
        125.98391525848,
        155.58213449648
      ],
      "exit_codes": [
        0,
        0,
        0,
        0,
        0,
        0,
        0,
        0,
        0,
        0
      ]
    }
  ]
}
