{
  "results": [
    {
      "command": "normal_run",
      "mean": 33.92659577639999,
      "stddev": 4.940944098303041,
      "median": 34.2117997214,
      "user": 0.00818324,
      "system": 0.004541,
      "min": 23.7395901489,
      "max": 40.2747897439,
      "times": [
        37.081750837899996,
        32.1571117519,
        38.6495628109,
        31.8101720439,
        36.2664876909,
        31.7449020929,
        30.2010240629,
        37.3405665799,
        40.2747897439,
        23.7395901489
      ],
      "exit_codes": [
        0,
        0,
        0,
        0,
        0,
        0,
        0,
        0,
        0,
        0
      ]
    },
    {
      "command": "with_nested_loop_join",
      "mean": 178.02352585839998,
      "stddev": 6.357876167787384,
      "median": 178.28089301239999,
      "user": 0.01010334,
      "system": 0.0067509,
      "min": 169.3045306379,
      "max": 189.9079801579,
      "times": [
        189.9079801579,
        186.98376014090002,
        178.6116649079,
        173.1389021989,
        169.3045306379,
        172.7267359999,
        178.1956822839,
        178.3661037409,
        178.6453358009,
        174.3545627149
      ],
      "exit_codes": [
        0,
        0,
        0,
        0,
        0,
        0,
        0,
        0,
        0,
        0
      ]
    },
    {
      "command": "with_hash_join",
      "mean": 26.9671080788,
      "stddev": 1.61355507494028,
      "median": 26.417584598399998,
      "user": 0.010107940000000001,
      "system": 0.0069274,
      "min": 24.856691710899998,
      "max": 28.929795917899998,
      "times": [
        25.2090943939,
        25.7190156459,
        24.856691710899998,
        28.929795917899998,
        26.076096379899997,
        26.160374153899998,
        26.674795042899998,
        28.3962511119,
        28.8763927159,
        28.7725737149
      ],
      "exit_codes": [
        0,
        0,
        0,
        0,
        0,
        0,
        0,
        0,
        0,
        0
      ]
    }
  ]
}
