{
  "results": [
    {
      "command": "normal_run",
      "mean": 15.55802657114,
      "stddev": 3.9287338715433355,
      "median": 16.694976715640003,
      "user": 0.01049934,
      "system": 0.005955479999999999,
      "min": 4.47807184264,
      "max": 17.696145693640002,
      "times": [
        17.56560261664,
        17.696145693640002,
        15.923701188639999,
        16.63648788764,
        16.68677623564,
        16.703177195640002,
        16.79160422364,
        16.847542705640002,
        16.25115612164,
        4.47807184264
      ],
      "exit_codes": [
        0,
        0,
        0,
        0,
        0,
        0,
        0,
        0,
        0,
        0
      ]
    },
    {
      "command": "with_nested_loop_join",
      "mean": 86.83400417324,
      "stddev": 3.550861016164764,
      "median": 87.56073314014,
      "user": 0.007844340000000002,
      "system": 0.003956079999999999,
      "min": 81.43141585763999,
      "max": 94.14077881464,
      "times": [
        94.14077881464,
        82.06016779064,
        81.43141585763999,
        85.54703661164,
        87.61675441563999,
        88.49895928363999,
        87.50471186464,
        87.65128192364,
        85.96267315563999,
        87.92626201463999
      ],
      "exit_codes": [
        0,
        0,
        0,
        0,
        0,
        0,
        0,
        0,
        0,
        0
      ]
    },
    {
      "command": "with_hash_join",
      "mean": 13.682759923239999,
      "stddev": 0.11536898794674857,
      "median": 13.64987713264,
      "user": 0.008177140000000001,
      "system": 0.0042556799999999995,
      "min": 13.55841547064,
      "max": 13.90980104764,
      "times": [
        13.81777739364,
        13.90980104764,
        13.65048683864,
        13.74390781364,
        13.56269472464,
        13.55841547064,
        13.72490418864,
        13.59072878364,
        13.61961554464,
        13.64926742664
      ],
      "exit_codes": [
        0,
        0,
        0,
        0,
        0,
        0,
        0,
        0,
        0,
        0
      ]
    }
  ]
}
