{
  "results": [
    {
      "command": "normal_run",
      "mean": 41.441738441140004,
      "stddev": 14.905955985982471,
      "median": 36.99671504433999,
      "user": 0.008585760000000001,
      "system": 0.004271699999999999,
      "min": 32.13189266434,
      "max": 83.55158635934,
      "times": [
        37.99184221734,
        38.87556861134,
        38.034520504339994,
        36.260326630339996,
        37.09613343434,
        32.13189266434,
        36.897296654339996,
        36.81959642634,
        36.758620909339996,
        83.55158635934
      ],
      "exit_codes": [
        0,
        0,
        0,
        0,
        0,
        0,
        0,
        0,
        0,
        0
      ]
    },
    {
      "command": "with_nested_loop_join",
      "mean": 130.69090600334,
      "stddev": 27.822259684941567,
      "median": 118.49617944284,
      "user": 0.00880806,
      "system": 0.0048091,
      "min": 110.34724173534,
      "max": 183.94045444833998,
      "times": [
        120.24265085734001,
        122.26408578834,
        116.74970802834001,
        112.74428920834,
        110.34724173534,
        113.16713253834,
        111.11283811534001,
        137.92078764834,
        178.41987166534,
        183.94045444833998
      ],
      "exit_codes": [
        0,
        0,
        0,
        0,
        0,
        0,
        0,
        0,
        0,
        0
      ]
    },
    {
      "command": "with_hash_join",
      "mean": 32.45566243614,
      "stddev": 1.557521454892807,
      "median": 32.069347420839996,
      "user": 0.00961856,
      "system": 0.006595000000000001,
      "min": 30.18998776334,
      "max": 34.77436433034,
      "times": [
        33.315195013339995,
        34.39476855734,
        30.93187993934,
        33.885902928339995,
        34.77436433034,
        32.264080295339994,
        31.69887569334,
        31.874614546340002,
        31.22695529434,
        30.18998776334
      ],
      "exit_codes": [
        0,
        0,
        0,
        0,
        0,
        0,
        0,
        0,
        0,
        0
      ]
    }
  ]
}
