{
  "results": [
    {
      "command": "normal_run",
      "mean": 28.827935030779997,
      "stddev": 2.9820815063475923,
      "median": 27.243736624980002,
      "user": 0.00960446,
      "system": 0.007220079999999999,
      "min": 25.30895021648,
      "max": 33.26645603348,
      "times": [
        27.32614453648,
        32.543244194479996,
        27.16132871348,
        26.53401251248,
        26.91089032648,
        33.26645603348,
        26.31273218448,
        31.35937542648,
        25.30895021648,
        31.556216163480002
      ],
      "exit_codes": [
        0,
        0,
        0,
        0,
        0,
        0,
        0,
        0,
        0,
        0
      ]
    },
    {
      "command": "with_nested_loop_join",
      "mean": 181.49881867097997,
      "stddev": 108.16721901147378,
      "median": 157.08782056848,
      "user": 0.012588359999999998,
      "system": 0.00895048,
      "min": 44.833255069479996,
      "max": 393.38613061648,
      "times": [
        153.55227060048,
        157.52717892248,
        158.14572076048,
        44.833255069479996,
        154.14320993048,
        46.534694385479995,
        156.64846221448,
        238.23166636247998,
        311.98559784748,
        393.38613061648
      ],
      "exit_codes": [
        0,
        0,
        0,
        0,
        0,
        0,
        0,
        0,
        0,
        0
      ]
    },
    {
      "command": "with_hash_join",
      "mean": 90.03149323587999,
      "stddev": 11.12504306374492,
      "median": 95.98265679448,
      "user": 0.03719266,
      "system": 0.019235779999999997,
      "min": 65.27305437948,
      "max": 97.97682299748,
      "times": [
        76.66624379448,
        83.84279725648,
        96.13050466848,
        95.97033281348,
        95.64410385448,
        65.27305437948,
        95.99498077548,
        97.97682299748,
        96.46990371348,
        96.34618810548
      ],
      "exit_codes": [
        0,
        0,
        0,
        0,
        0,
        0,
        0,
        0,
        0,
        0
      ]
    }
  ]
}
