{
  "results": [
    {
      "command": "normal_run",
      "mean": 11.70289417582,
      "stddev": 0.6004940030781503,
      "median": 11.525764221920001,
      "user": 0.008444159999999997,
      "system": 0.0043354399999999986,
      "min": 10.95207746742,
      "max": 12.824177504420001,
      "times": [
        12.37199836842,
        10.95207746742,
        11.24339805942,
        11.357111016420001,
        12.06634312942,
        12.824177504420001,
        12.03767939742,
        11.57379876142,
        11.12462837142,
        11.477729682420001
      ],
      "exit_codes": [
        0,
        0,
        0,
        0,
        0,
        0,
        0,
        0,
        0,
        0
      ]
    },
    {
      "command": "with_nested_loop_join",
      "mean": 11.348322814020001,
      "stddev": 0.9605776981537828,
      "median": 11.26100517642,
      "user": 0.00823886,
      "system": 0.00424774,
      "min": 10.248031220420001,
      "max": 13.749268070420001,
      "times": [
        10.476128756420001,
        11.47157401942,
        11.33381240642,
        11.14596053142,
        13.749268070420001,
        11.33585788142,
        10.78079659442,
        11.18819794642,
        10.248031220420001,
        11.753600713420001
      ],
      "exit_codes": [
        0,
        0,
        0,
        0,
        0,
        0,
        0,
        0,
        0,
        0
      ]
    },
    {
      "command": "with_hash_join",
      "mean": 46.53001962322001,
      "stddev": 0.9288517642375667,
      "median": 46.52814018692,
      "user": 0.010892459999999998,
      "system": 0.00851464,
      "min": 44.86240073242,
      "max": 47.99400728042,
      "times": [
        47.74283770342,
        46.62439394242,
        46.95315744742,
        46.52699517642,
        47.99400728042,
        44.86240073242,
        46.359209358419996,
        45.50863995242,
        46.52928519742,
        46.19926944142
      ],
      "exit_codes": [
        0,
        0,
        0,
        0,
        0,
        0,
        0,
        0,
        0,
        0
      ]
    }
  ]
}
