{
  "results": [
    {
      "command": "normal_run",
      "mean": 0.019471403080000005,
      "stddev": 0.0027222598498365066,
      "median": 0.018159810180000003,
      "user": 0.008390319999999998,
      "system": 0.00484418,
      "min": 0.017165044180000002,
      "max": 0.025483981180000004,
      "times": [
        0.017427364180000002,
        0.021691401180000004,
        0.025483981180000004,
        0.017951209180000004,
        0.017165044180000002,
        0.01785072718,
        0.018991827180000004,
        0.018368411180000002,
        0.022057834180000003,
        0.017726231180000003
      ],
      "exit_codes": [
        0,
        0,
        0,
        0,
        0,
        0,
        0,
        0,
        0,
        0
      ]
    },
    {
      "command": "with_nested_loop_join",
      "mean": 0.06456504728000001,
      "stddev": 0.04145018449008437,
      "median": 0.08365098818000001,
      "user": 0.029773320000000002,
      "system": 0.01783358,
      "min": 0.017682591180000002,
      "max": 0.13205207218,
      "times": [
        0.019000425180000002,
        0.017682591180000002,
        0.018247620180000004,
        0.022898093180000002,
        0.13205207218,
        0.09983524418,
        0.08455864018,
        0.08392880818000001,
        0.08337316818000001,
        0.08407381018000001
      ],
      "exit_codes": [
        0,
        0,
        0,
        0,
        0,
        0,
        0,
        0,
        0,
        0
      ]
    },
    {
      "command": "with_hash_join",
      "mean": 15.42426163318,
      "stddev": 0.09061686865983594,
      "median": 15.39818896468,
      "user": 0.041016620000000004,
      "system": 0.022609979999999995,
      "min": 15.32148976618,
      "max": 15.63233897518,
      "times": [
        15.43652132518,
        15.63233897518,
        15.48381115718,
        15.364041799179999,
        15.35892445518,
        15.391710590179999,
        15.365356583179999,
        15.40466733918,
        15.48375434118,
        15.32148976618
      ],
      "exit_codes": [
        0,
        0,
        0,
        0,
        0,
        0,
        0,
        0,
        0,
        0
      ]
    }
  ]
}
