{
  "results": [
    {
      "command": "normal_run",
      "mean": 60.088893285439994,
      "stddev": 10.645628566206366,
      "median": 61.94193254044001,
      "user": 0.03479992,
      "system": 0.01730852,
      "min": 44.14523268244,
      "max": 81.76011809644,
      "times": [
        81.76011809644,
        61.99663274544,
        61.651082559440006,
        55.19125539544,
        44.14523268244,
        44.81255806544,
        63.469259790440006,
        63.76918758744,
        61.887232335440004,
        62.20637359644
      ],
      "exit_codes": [
        0,
        0,
        0,
        0,
        0,
        0,
        0,
        0,
        0,
        0
      ]
    },
    {
      "command": "with_nested_loop_join",
      "mean": 62.17238221184,
      "stddev": 0.6176455751945958,
      "median": 62.00293763844,
      "user": 0.038174820000000005,
      "system": 0.017649119999999997,
      "min": 61.50802998844,
      "max": 63.57704222644,
      "times": [
        62.43301424944,
        61.67390932944,
        61.690149224440006,
        62.503486856440006,
        61.95078038844,
        62.05509488844,
        61.780530407440004,
        61.50802998844,
        62.55178455944,
        63.57704222644
      ],
      "exit_codes": [
        0,
        0,
        0,
        0,
        0,
        0,
        0,
        0,
        0,
        0
      ]
    },
    {
      "command": "with_hash_join",
      "mean": 195.20292803034,
      "stddev": 32.438598377975744,
      "median": 210.79740628894,
      "user": 0.035594520000000004,
      "system": 0.01862192,
      "min": 137.03100197744,
      "max": 221.00382976744,
      "times": [
        219.74840981644002,
        216.57765314344002,
        217.50704415444002,
        205.01715943444,
        182.26412045044,
        221.00382976744,
        218.23114831044,
        139.79790416344002,
        137.03100197744,
        194.85100908544
      ],
      "exit_codes": [
        0,
        0,
        0,
        0,
        0,
        0,
        0,
        0,
        0,
        0
      ]
    }
  ]
}
