{
  "results": [
    {
      "command": "normal_run",
      "mean": 0.23013808162000005,
      "stddev": 0.0173993529294986,
      "median": 0.22964812442000002,
      "user": 0.03802712,
      "system": 0.017248640000000003,
      "min": 0.20917595942,
      "max": 0.26821570142000006,
      "times": [
        0.23152890042000002,
        0.26821570142000006,
        0.21473391342,
        0.24313277842,
        0.21175124542,
        0.23242308542,
        0.23746993642000003,
        0.22518194742000003,
        0.20917595942,
        0.22776734842000002
      ],
      "exit_codes": [
        0,
        0,
        0,
        0,
        0,
        0,
        0,
        0,
        0,
        0
      ]
    },
    {
      "command": "with_nested_loop_join",
      "mean": 0.21517111162000005,
      "stddev": 0.017103876578879455,
      "median": 0.21504856842,
      "user": 0.03839122,
      "system": 0.017385839999999996,
      "min": 0.19382735442000001,
      "max": 0.25282840542000007,
      "times": [
        0.21145781642,
        0.19382735442000001,
        0.19749939342,
        0.25282840542000007,
        0.22014630242000002,
        0.22526421842000002,
        0.21863932042,
        0.21110658542000002,
        0.19965835542000002,
        0.22128336442000002
      ],
      "exit_codes": [
        0,
        0,
        0,
        0,
        0,
        0,
        0,
        0,
        0,
        0
      ]
    },
    {
      "command": "with_hash_join",
      "mean": 9.47508134432,
      "stddev": 4.885315389923403,
      "median": 12.26906126442,
      "user": 0.025046219999999998,
      "system": 0.010529239999999999,
      "min": 2.5767767574200002,
      "max": 13.94824088342,
      "times": [
        12.81202204542,
        12.36943213242,
        2.65507788042,
        2.58513435042,
        2.5767767574200002,
        9.44117397342,
        13.94824088342,
        13.42082247542,
        12.168690396419999,
        12.77344254842
      ],
      "exit_codes": [
        0,
        0,
        0,
        0,
        0,
        0,
        0,
        0,
        0,
        0
      ]
    }
  ]
}
