{
  "results": [
    {
      "command": "normal_run",
      "mean": 27.084686105240003,
      "stddev": 10.582975169626973,
      "median": 25.982662350040002,
      "user": 0.031671700000000004,
      "system": 0.013983211999999998,
      "min": 5.25787536754,
      "max": 38.034230396539996,
      "times": [
        25.53049435454,
        25.88890092354,
        36.85691755554,
        34.77386802054,
        5.25787536754,
        15.11776334254,
        37.45276779054,
        38.034230396539996,
        26.07642377654,
        25.85761952454
      ],
      "exit_codes": [
        0,
        0,
        0,
        0,
        0,
        0,
        0,
        0,
        0,
        0
      ]
    },
    {
      "command": "with_nested_loop_join",
      "mean": 28.96710204044,
      "stddev": 5.763753691385819,
      "median": 25.900818369539998,
      "user": 0.0381815,
      "system": 0.017317580000000003,
      "min": 23.82438638554,
      "max": 38.68431083954,
      "times": [
        38.68431083954,
        25.19280623354,
        35.95741323354,
        25.67733188454,
        25.44282269954,
        25.83348568554,
        25.968151053539998,
        26.08360140254,
        23.82438638554,
        37.00671098654
      ],
      "exit_codes": [
        0,
        0,
        0,
        0,
        0,
        0,
        0,
        0,
        0,
        0
      ]
    },
    {
      "command": "with_hash_join",
      "mean": 83.52733679644,
      "stddev": 14.963272515867695,
      "median": 88.31633645054,
      "user": 0.0352943,
      "system": 0.01707248,
      "min": 56.43842312354,
      "max": 100.03402901753999,
      "times": [
        86.69709094454,
        94.29629520154,
        59.83088483054,
        94.40835465354,
        56.43842312354,
        89.93558195654,
        93.75280449354,
        75.97038396854,
        100.03402901753999,
        83.90951977454
      ],
      "exit_codes": [
        0,
        0,
        0,
        0,
        0,
        0,
        0,
        0,
        0,
        0
      ]
    }
  ]
}
