{
  "results": [
    {
      "command": "normal_run",
      "mean": 23.802918931879997,
      "stddev": 8.36394654151621,
      "median": 28.445403851880002,
      "user": 0.03503078,
      "system": 0.015713899999999996,
      "min": 7.499266770879999,
      "max": 29.83661484088,
      "times": [
        7.499266770879999,
        29.60971734488,
        29.83661484088,
        28.69049972688,
        28.29201238088,
        28.59879532288,
        14.43915243888,
        28.98965541788,
        14.08187470188,
        27.99160037288
      ],
      "exit_codes": [
        0,
        0,
        0,
        0,
        0,
        0,
        0,
        0,
        0,
        0
      ]
    },
    {
      "command": "with_nested_loop_join",
      "mean": 20.57472884708,
      "stddev": 9.307689567613547,
      "median": 25.11527588488,
      "user": 0.031541879999999994,
      "system": 0.0138134,
      "min": 3.3666327318800002,
      "max": 29.21504887888,
      "times": [
        28.11079862988,
        28.49270614488,
        9.84688573388,
        24.88703670388,
        29.21504887888,
        14.27361230888,
        14.29575920588,
        27.91529306688,
        25.343515065880002,
        3.3666327318800002
      ],
      "exit_codes": [
        0,
        0,
        0,
        0,
        0,
        0,
        0,
        0,
        0,
        0
      ]
    },
    {
      "command": "with_hash_join",
      "mean": 90.41448445038,
      "stddev": 30.39126177239846,
      "median": 100.91200041938,
      "user": 0.03554138,
      "system": 0.017329900000000002,
      "min": 49.26299068988,
      "max": 117.87914554588001,
      "times": [
        116.80975875588,
        52.554566925879996,
        85.41643572888,
        49.26299068988,
        116.49263998188,
        116.40756510988001,
        116.41249754788001,
        82.73474188188,
        117.87914554588001,
        50.17450233588
      ],
      "exit_codes": [
        0,
        0,
        0,
        0,
        0,
        0,
        0,
        0,
        0,
        0
      ]
    }
  ]
}
