{
  "results": [
    {
      "command": "normal_run",
      "mean": 90.75212922028001,
      "stddev": 12.63276300608744,
      "median": 92.84228068838,
      "user": 0.03183172,
      "system": 0.014208039999999996,
      "min": 62.057150191880005,
      "max": 103.04608098487999,
      "times": [
        62.057150191880005,
        85.61138526888,
        95.90483694488,
        100.89056685487999,
        84.35180325588,
        83.85551553088,
        89.77972443188,
        103.04608098487999,
        99.28525859688,
        102.73897014188
      ],
      "exit_codes": [
        0,
        0,
        0,
        0,
        0,
        0,
        0,
        0,
        0,
        0
      ]
    },
    {
      "command": "with_nested_loop_join",
      "mean": 84.86337790107999,
      "stddev": 18.517690636756466,
      "median": 80.90928473588,
      "user": 0.031948920000000006,
      "system": 0.014475440000000001,
      "min": 62.02723534588,
      "max": 120.85039034687999,
      "times": [
        72.82426886388,
        99.64977894588,
        62.02723534588,
        92.31749491187999,
        71.01995119488,
        120.85039034687999,
        100.20153174688,
        88.16720864988,
        67.92455818287999,
        73.65136082187999
      ],
      "exit_codes": [
        0,
        0,
        0,
        0,
        0,
        0,
        0,
        0,
        0,
        0
      ]
    },
    {
      "command": "with_hash_join",
      "mean": 99.98910225488001,
      "stddev": 51.06868652043463,
      "median": 112.79430985587999,
      "user": 0.025624219999999996,
      "system": 0.01190624,
      "min": 30.70861653088,
      "max": 163.45928947888,
      "times": [
        130.54002335288,
        128.14297188088,
        162.17108040988,
        90.68005191687999,
        110.98139886887999,
        163.45928947888,
        114.60722084288,
        34.33599740388,
        30.70861653088,
        34.264371862880004
      ],
      "exit_codes": [
        0,
        0,
        0,
        0,
        0,
        0,
        0,
        0,
        0,
        0
      ]
    }
  ]
}
