{
  "results": [
    {
      "command": "normal_run",
      "mean": 3.85934972084,
      "stddev": 0.21195535341472138,
      "median": 3.79880803374,
      "user": 0.008295380000000002,
      "system": 0.00434852,
      "min": 3.58388357674,
      "max": 4.25724442774,
      "times": [
        3.58388357674,
        4.18643160674,
        3.77252948874,
        3.9110170267399997,
        3.68201903074,
        4.25724442774,
        3.7409240097399996,
        3.79085652674,
        3.80675954074,
        3.8618319737399998
      ],
      "exit_codes": [
        0,
        0,
        0,
        0,
        0,
        0,
        0,
        0,
        0,
        0
      ]
    },
    {
      "command": "with_nested_loop_join",
      "mean": 3.6676598630399995,
      "stddev": 0.09274725140770419,
      "median": 3.67454676774,
      "user": 0.00827538,
      "system": 0.0042009199999999995,
      "min": 3.4517650457399998,
      "max": 3.76830364374,
      "times": [
        3.6607204157399997,
        3.6701529537399997,
        3.6785041877399998,
        3.58610488174,
        3.4517650457399998,
        3.72337504774,
        3.7014324627399997,
        3.76565064374,
        3.76830364374,
        3.67058934774
      ],
      "exit_codes": [
        0,
        0,
        0,
        0,
        0,
        0,
        0,
        0,
        0,
        0
      ]
    },
    {
      "command": "with_hash_join",
      "mean": 13.089684053740001,
      "stddev": 0.5471460376970774,
      "median": 12.94179328124,
      "user": 0.00855118,
      "system": 0.00450272,
      "min": 12.69675575774,
      "max": 14.52088375874,
      "times": [
        12.70417421674,
        12.81746118074,
        14.52088375874,
        12.969518155740001,
        12.85044472074,
        13.46692989774,
        12.69675575774,
        12.959276407740001,
        12.92431015474,
        12.98708628674
      ],
      "exit_codes": [
        0,
        0,
        0,
        0,
        0,
        0,
        0,
        0,
        0,
        0
      ]
    }
  ]
}
