{
  "results": [
    {
      "command": "normal_run",
      "mean": 1.7605388853400001,
      "stddev": 0.06813784866563688,
      "median": 1.73752512014,
      "user": 0.00861928,
      "system": 0.00451242,
      "min": 1.66181128464,
      "max": 1.85114767264,
      "times": [
        1.66181128464,
        1.7502841976399999,
        1.7231060146400001,
        1.70156793864,
        1.70786938764,
        1.8039438056400001,
        1.85114767264,
        1.83220851764,
        1.72476604264,
        1.84868399164
      ],
      "exit_codes": [
        0,
        0,
        0,
        0,
        0,
        0,
        0,
        0,
        0,
        0
      ]
    },
    {
      "command": "with_nested_loop_join",
      "mean": 1.6861291266399998,
      "stddev": 0.08081808246376357,
      "median": 1.66074948164,
      "user": 0.008397380000000001,
      "system": 0.004229619999999999,
      "min": 1.61332232964,
      "max": 1.85937358064,
      "times": [
        1.62781022264,
        1.61332232964,
        1.64992024364,
        1.67157871964,
        1.85937358064,
        1.7631343556399999,
        1.74406658964,
        1.61629440064,
        1.62055930164,
        1.69523152264
      ],
      "exit_codes": [
        0,
        0,
        0,
        0,
        0,
        0,
        0,
        0,
        0,
        0
      ]
    },
    {
      "command": "with_hash_join",
      "mean": 38.31114900644,
      "stddev": 4.336862697089673,
      "median": 39.276018569639994,
      "user": 0.00835318,
      "system": 0.004353919999999999,
      "min": 32.55139113864,
      "max": 44.86866118363999,
      "times": [
        39.244286932639994,
        43.547953708639994,
        32.55139113864,
        32.81335218364,
        44.86866118363999,
        39.986221536639995,
        32.863896316639995,
        38.60695647964,
        39.307750206639994,
        39.32102037764
      ],
      "exit_codes": [
        0,
        0,
        0,
        0,
        0,
        0,
        0,
        0,
        0,
        0
      ]
    }
  ]
}
