{
  "results": [
    {
      "command": "normal_run",
      "mean": 0.2054725367,
      "stddev": 0.013755832476755348,
      "median": 0.2021656149,
      "user": 0.009046819999999999,
      "system": 0.0047046,
      "min": 0.1909758614,
      "max": 0.2410148494,
      "times": [
        0.1909758614,
        0.2022797324,
        0.2026807644,
        0.2075014194,
        0.2020514974,
        0.2008054134,
        0.1973580514,
        0.19768830540000001,
        0.2123694724,
        0.2410148494
      ],
      "exit_codes": [
        0,
        0,
        0,
        0,
        0,
        0,
        0,
        0,
        0,
        0
      ]
    },
    {
      "command": "with_nested_loop_join",
      "mean": 0.15489948730000003,
      "stddev": 0.014652890654217939,
      "median": 0.1539412909,
      "user": 0.009346819999999999,
      "system": 0.004938,
      "min": 0.1375322164,
      "max": 0.1902331544,
      "times": [
        0.1403354944,
        0.1375322164,
        0.15811483440000001,
        0.1571114884,
        0.1439392384,
        0.1534028894,
        0.1539386244,
        0.1604429754,
        0.1902331544,
        0.1539439574
      ],
      "exit_codes": [
        0,
        0,
        0,
        0,
        0,
        0,
        0,
        0,
        0,
        0
      ]
    },
    {
      "command": "with_hash_join",
      "mean": 35.86134828829999,
      "stddev": 4.689951939054863,
      "median": 34.0799625464,
      "user": 0.00851362,
      "system": 0.0043576,
      "min": 32.1958999434,
      "max": 45.3698348984,
      "times": [
        36.3924887394,
        34.2679180144,
        33.5905964754,
        45.3698348984,
        34.8440384874,
        43.3749770824,
        33.8920070784,
        32.1958999434,
        32.4107705404,
        32.2749516234
      ],
      "exit_codes": [
        0,
        0,
        0,
        0,
        0,
        0,
        0,
        0,
        0,
        0
      ]
    }
  ]
}
