{
  "results": [
    {
      "command": "normal_run",
      "mean": 68.81762909864,
      "stddev": 4.529483146834472,
      "median": 68.75363664054001,
      "user": 0.00844112,
      "system": 0.0042422,
      "min": 60.923192285039995,
      "max": 74.95497060204,
      "times": [
        65.75013269104001,
        60.923192285039995,
        66.72565194104,
        67.30236205404,
        70.20491122704,
        72.53705979204,
        64.20329974704,
        74.95497060204,
        72.84533659504001,
        72.72937405204
      ],
      "exit_codes": [
        0,
        0,
        0,
        0,
        0,
        0,
        0,
        0,
        0,
        0
      ]
    },
    {
      "command": "with_nested_loop_join",
      "mean": 79.66673494533998,
      "stddev": 5.241753353377605,
      "median": 80.20840760004,
      "user": 0.008406319999999998,
      "system": 0.0044165,
      "min": 72.73862638104,
      "max": 88.85864259904001,
      "times": [
        72.73862638104,
        73.36921474104001,
        80.00116943304,
        75.48487441504001,
        88.85864259904001,
        80.99062426604,
        80.41564576704,
        86.04157447304,
        82.06889354504,
        76.69808383304
      ],
      "exit_codes": [
        0,
        0,
        0,
        0,
        0,
        0,
        0,
        0,
        0,
        0
      ]
    },
    {
      "command": "with_hash_join",
      "mean": 49.726162214039995,
      "stddev": 0.8437628934057978,
      "median": 49.733660232039995,
      "user": 0.008125120000000003,
      "system": 0.003987800000000001,
      "min": 48.183308565039994,
      "max": 50.966999799039996,
      "times": [
        49.60465000804,
        48.183308565039994,
        49.674403573039996,
        50.748970301039996,
        49.81234766204,
        50.379695956039996,
        49.792916891039994,
        50.966999799039996,
        48.864604711039995,
        49.23372467404
      ],
      "exit_codes": [
        0,
        0,
        0,
        0,
        0,
        0,
        0,
        0,
        0,
        0
      ]
    }
  ]
}
