{
  "results": [
    {
      "command": "normal_run",
      "mean": 132.8497135466,
      "stddev": 19.215831328422492,
      "median": 144.6104595881,
      "user": 0.00893664,
      "system": 0.004756939999999999,
      "min": 103.7764765091,
      "max": 150.4742131981,
      "times": [
        118.4143275221,
        103.7764765091,
        150.1887619371,
        150.4742131981,
        147.8853943421,
        111.4463970861,
        142.7470276461,
        110.4686772651,
        146.4738915301,
        146.6219684301
      ],
      "exit_codes": [
        0,
        0,
        0,
        0,
        0,
        0,
        0,
        0,
        0,
        0
      ]
    },
    {
      "command": "with_nested_loop_join",
      "mean": 104.96061283379997,
      "stddev": 7.124631017853579,
      "median": 106.49179080510001,
      "user": 0.007986539999999999,
      "system": 0.00450554,
      "min": 92.2698086391,
      "max": 112.6586822251,
      "times": [
        108.2296858771,
        107.0924364141,
        112.6586822251,
        110.1217404901,
        112.2200228431,
        103.1713102491,
        104.7311516811,
        105.8911451961,
        92.2698086391,
        93.2201447231
      ],
      "exit_codes": [
        0,
        0,
        0,
        0,
        0,
        0,
        0,
        0,
        0,
        0
      ]
    },
    {
      "command": "with_hash_join",
      "mean": 55.362641221000004,
      "stddev": 3.58678703361501,
      "median": 55.7316641706,
      "user": 0.00797324,
      "system": 0.00403854,
      "min": 50.6780339251,
      "max": 60.1093671071,
      "times": [
        58.9893473641,
        52.8805191781,
        54.2601761781,
        57.8336009731,
        51.0233782431,
        60.1093671071,
        58.6750762841,
        50.6780339251,
        51.9737607941,
        57.2031521631
      ],
      "exit_codes": [
        0,
        0,
        0,
        0,
        0,
        0,
        0,
        0,
        0,
        0
      ]
    }
  ]
}
