{
  "results": [
    {
      "command": "normal_run",
      "mean": 9.13341513,
      "stddev": 21.699869434212886,
      "median": 1.715016806,
      "user": 0.00849658,
      "system": 0.004530479999999999,
      "min": 1.6263208070000001,
      "max": 70.717018735,
      "times": [
        6.908592222,
        1.650345268,
        1.681513251,
        1.721649164,
        1.6263208070000001,
        70.717018735,
        1.708384448,
        1.780973538,
        1.6913932230000002,
        1.847960644
      ],
      "exit_codes": [
        0,
        0,
        0,
        0,
        0,
        0,
        0,
        0,
        0,
        0
      ]
    },
    {
      "command": "with_nested_loop_join",
      "mean": 9.1145861779,
      "stddev": 20.81956958734645,
      "median": 2.490956691,
      "user": 0.008622480000000002,
      "system": 0.00466968,
      "min": 1.7536376290000002,
      "max": 68.332674493,
      "times": [
        3.4161249510000005,
        1.830899507,
        1.930589321,
        2.9588024450000003,
        3.4630701110000004,
        1.9947303570000001,
        68.332674493,
        2.023110937,
        3.442222028,
        1.7536376290000002
      ],
      "exit_codes": [
        0,
        0,
        0,
        0,
        0,
        0,
        0,
        0,
        0,
        0
      ]
    },
    {
      "command": "with_hash_join",
      "mean": 28.004137085000004,
      "stddev": 15.700591978294442,
      "median": 19.4033786045,
      "user": 0.008275079999999999,
      "system": 0.00441798,
      "min": 17.422919599,
      "max": 66.369608934,
      "times": [
        26.429303182,
        66.369608934,
        31.151042787,
        17.422919599,
        19.431027557,
        43.06886032,
        19.005351812,
        19.369750522,
        19.375729652,
        18.417776485
      ],
      "exit_codes": [
        0,
        0,
        0,
        0,
        0,
        0,
        0,
        0,
        0,
        0
      ]
    }
  ]
}
