{
  "results": [
    {
      "command": "normal_run",
      "mean": 1.1212882857,
      "stddev": 0.6839551271739445,
      "median": 0.8013222373000001,
      "user": 0.008292579999999997,
      "system": 0.00406786,
      "min": 0.6867408813,
      "max": 2.7989815463000003,
      "times": [
        0.7463559773,
        0.8081772343000001,
        0.7070027933,
        0.7591196863,
        0.6867408813,
        0.7944672403,
        1.7751006573,
        1.3188597153000001,
        0.8180771253000001,
        2.7989815463000003
      ],
      "exit_codes": [
        0,
        0,
        0,
        0,
        0,
        0,
        0,
        0,
        0,
        0
      ]
    },
    {
      "command": "with_nested_loop_join",
      "mean": 1.0007443553000002,
      "stddev": 0.6987215252086666,
      "median": 0.7032952663,
      "user": 0.00889938,
      "system": 0.004494159999999999,
      "min": 0.6144910113000001,
      "max": 2.6973989913,
      "times": [
        2.6973989913,
        0.6144910113000001,
        1.8265939173,
        0.8263911253,
        0.7348657293,
        0.6299247893000001,
        0.6395317543000001,
        0.7332893353000001,
        0.6316557023,
        0.6733011973
      ],
      "exit_codes": [
        0,
        0,
        0,
        0,
        0,
        0,
        0,
        0,
        0,
        0
      ]
    },
    {
      "command": "with_hash_join",
      "mean": 17.1328982697,
      "stddev": 1.4551272234251864,
      "median": 16.7419453058,
      "user": 0.00820068,
      "system": 0.00402366,
      "min": 16.1470960593,
      "max": 21.2343778833,
      "times": [
        16.8122681963,
        16.864352641300002,
        16.8047368143,
        16.7650803553,
        16.6068357403,
        21.2343778833,
        16.7188102563,
        16.6955902583,
        16.6798344923,
        16.1470960593
      ],
      "exit_codes": [
        0,
        0,
        0,
        0,
        0,
        0,
        0,
        0,
        0,
        0
      ]
    }
  ]
}
