{
  "results": [
    {
      "command": "normal_run",
      "mean": 0.14173549072,
      "stddev": 0.012807872915698437,
      "median": 0.13926772272000001,
      "user": 0.011465019999999998,
      "system": 0.008295239999999999,
      "min": 0.12612881722000002,
      "max": 0.16717869322,
      "times": [
        0.16717869322,
        0.13131253522,
        0.12612881722000002,
        0.14527559522000003,
        0.13688357622000003,
        0.15332367622,
        0.12747222222000001,
        0.13881314122000002,
        0.15124434622000002,
        0.13972230422
      ],
      "exit_codes": [
        0,
        0,
        0,
        0,
        0,
        0,
        0,
        0,
        0,
        0
      ]
    },
    {
      "command": "with_nested_loop_join",
      "mean": 0.09348703962000002,
      "stddev": 0.013763787827039665,
      "median": 0.09275493422000002,
      "user": 0.010585119999999998,
      "system": 0.006994639999999999,
      "min": 0.07771486022000001,
      "max": 0.12316460822,
      "times": [
        0.09035867822000002,
        0.09919985022000001,
        0.08404638922,
        0.09639717722,
        0.07988405322000001,
        0.09515119022000001,
        0.12316460822,
        0.07771486022000001,
        0.10555987822000001,
        0.08339371122000001
      ],
      "exit_codes": [
        0,
        0,
        0,
        0,
        0,
        0,
        0,
        0,
        0,
        0
      ]
    },
    {
      "command": "with_hash_join",
      "mean": 3.5039572792199998,
      "stddev": 0.12130356594719349,
      "median": 3.50019839322,
      "user": 0.011733419999999998,
      "system": 0.007784340000000001,
      "min": 3.36427677522,
      "max": 3.7200195992199996,
      "times": [
        3.3980401962199998,
        3.49777295522,
        3.7200195992199996,
        3.39387667022,
        3.5026238312199998,
        3.61788025122,
        3.5239125212199998,
        3.38934819222,
        3.36427677522,
        3.63182180022
      ],
      "exit_codes": [
        0,
        0,
        0,
        0,
        0,
        0,
        0,
        0,
        0,
        0
      ]
    }
  ]
}
