{
  "results": [
    {
      "command": "normal_run",
      "mean": 26.50929156374,
      "stddev": 7.11784726802528,
      "median": 27.68430218724,
      "user": 0.011483379999999998,
      "system": 0.008103139999999998,
      "min": 11.80814841824,
      "max": 35.35707313624,
      "times": [
        29.55567258924,
        29.31887868924,
        26.049725685240002,
        11.80814841824,
        25.90455734724,
        35.35707313624,
        17.82320154424,
        25.25665764524,
        30.23553102024,
        33.78346956224
      ],
      "exit_codes": [
        0,
        0,
        0,
        0,
        0,
        0,
        0,
        0,
        0,
        0
      ]
    },
    {
      "command": "with_nested_loop_join",
      "mean": 9.926363420940001,
      "stddev": 1.3048065616110538,
      "median": 9.66153280124,
      "user": 0.01043598,
      "system": 0.00707954,
      "min": 7.78085336124,
      "max": 12.113433607240001,
      "times": [
        10.618917530240001,
        7.78085336124,
        12.113433607240001,
        9.225824985240001,
        9.53620937624,
        9.786856226240001,
        9.45776451224,
        11.71483478424,
        8.794540387240001,
        10.23439943924
      ],
      "exit_codes": [
        0,
        0,
        0,
        0,
        0,
        0,
        0,
        0,
        0,
        0
      ]
    },
    {
      "command": "with_hash_join",
      "mean": 104.63965267374002,
      "stddev": 64.06801433609418,
      "median": 147.04459368574,
      "user": 0.01187148,
      "system": 0.008318739999999998,
      "min": 28.86481270124,
      "max": 164.55834390324,
      "times": [
        164.55834390324,
        31.86560365524,
        148.90699264724,
        151.08099846824,
        31.10453851624,
        28.86481270124,
        158.05196915124,
        29.983957538240002,
        156.79711543224002,
        145.18219472424002
      ],
      "exit_codes": [
        0,
        0,
        0,
        0,
        0,
        0,
        0,
        0,
        0,
        0
      ]
    }
  ]
}
