{
  "results": [
    {
      "command": "normal_run",
      "mean": 47.553198649820004,
      "stddev": 106.79776790284522,
      "median": 11.44175735622,
      "user": 0.00826728,
      "system": 0.00429672,
      "min": 3.09733169522,
      "max": 350.55515363622004,
      "times": [
        32.37599576422,
        9.99816852322,
        350.55515363622004,
        22.423489486220003,
        8.36969482822,
        12.88534618922,
        9.00157970322,
        3.09733169522,
        9.02303758022,
        17.80218909222
      ],
      "exit_codes": [
        0,
        0,
        0,
        0,
        0,
        0,
        0,
        0,
        0,
        0
      ]
    },
    {
      "command": "with_nested_loop_join",
      "mean": 75.46270599952001,
      "stddev": 140.93852047094703,
      "median": 8.63767997922,
      "user": 0.00839278,
      "system": 0.00428792,
      "min": 8.13817670622,
      "max": 351.07592354822003,
      "times": [
        8.55947193522,
        351.07592354822003,
        8.17128050122,
        9.01413139322,
        8.13817670622,
        8.52903467022,
        8.29102279122,
        334.46443679422003,
        9.66769363222,
        8.71588802322
      ],
      "exit_codes": [
        0,
        0,
        0,
        0,
        0,
        0,
        0,
        0,
        0,
        0
      ]
    },
    {
      "command": "with_hash_join",
      "mean": 175.49328455132002,
      "stddev": 59.7498151787842,
      "median": 198.01068598772,
      "user": 0.010522479999999999,
      "system": 0.00770352,
      "min": 30.950075855220003,
      "max": 236.76762654422,
      "times": [
        149.89021312922,
        149.53306208022,
        157.12245320722,
        198.12014350622,
        30.950075855220003,
        236.06167411822,
        236.76762654422,
        197.90122846922,
        198.72277689622,
        199.86359170722
      ],
      "exit_codes": [
        0,
        0,
        0,
        0,
        0,
        0,
        0,
        0,
        0,
        0
      ]
    }
  ]
}
