{
  "results": [
    {
      "command": "normal_run",
      "mean": 4.71166366414,
      "stddev": 8.981236621812457,
      "median": 1.87773587144,
      "user": 0.01067416,
      "system": 0.0076002199999999995,
      "min": 1.69150043594,
      "max": 30.26903032994,
      "times": [
        1.94606343194,
        30.26903032994,
        1.80757544394,
        1.69637860194,
        1.80940831094,
        1.95511436794,
        2.04799698894,
        2.1505269279399997,
        1.7430418019400002,
        1.69150043594
      ],
      "exit_codes": [
        0,
        0,
        0,
        0,
        0,
        0,
        0,
        0,
        0,
        0
      ]
    },
    {
      "command": "with_nested_loop_join",
      "mean": 0.7163876289400001,
      "stddev": 0.05887028627864313,
      "median": 0.7245069309400001,
      "user": 0.01106096,
      "system": 0.00836792,
      "min": 0.64983173394,
      "max": 0.7947508009400001,
      "times": [
        0.7445566679400001,
        0.64983173394,
        0.64995321494,
        0.6627104049400001,
        0.71234893194,
        0.7643029619400001,
        0.7366649299400001,
        0.65480250094,
        0.7947508009400001,
        0.7939541419400001
      ],
      "exit_codes": [
        0,
        0,
        0,
        0,
        0,
        0,
        0,
        0,
        0,
        0
      ]
    },
    {
      "command": "with_hash_join",
      "mean": 63.48341435473999,
      "stddev": 6.533200697568292,
      "median": 62.49354377894,
      "user": 0.01177756,
      "system": 0.009482220000000003,
      "min": 56.22708235494,
      "max": 79.82459257593999,
      "times": [
        63.68623343194,
        79.82459257593999,
        65.53393985593999,
        64.47858196493999,
        62.36935879094,
        62.529914395940004,
        56.22708235494,
        61.44545363594,
        62.45717316194,
        56.28181337894
      ],
      "exit_codes": [
        0,
        0,
        0,
        0,
        0,
        0,
        0,
        0,
        0,
        0
      ]
    }
  ]
}
