{
  "results": [
    {
      "command": "normal_run",
      "mean": 1.587385743,
      "stddev": 0.26042568095706203,
      "median": 1.5029133768,
      "user": 0.008069199999999999,
      "system": 0.004209599999999999,
      "min": 1.3830054858,
      "max": 2.2674753468,
      "times": [
        2.2674753468,
        1.5000020758,
        1.7586371098,
        1.4148329738,
        1.4633030328,
        1.5058246778000002,
        1.4621419488,
        1.5644586748,
        1.3830054858,
        1.5541761038000002
      ],
      "exit_codes": [
        0,
        0,
        0,
        0,
        0,
        0,
        0,
        0,
        0,
        0
      ]
    },
    {
      "command": "with_nested_loop_join",
      "mean": 13.0746550978,
      "stddev": 1.1525867342936236,
      "median": 12.9158013228,
      "user": 0.0083688,
      "system": 0.0045625,
      "min": 11.1780875858,
      "max": 14.9598476178,
      "times": [
        12.9510850018,
        11.1780875858,
        12.5581483528,
        12.3988592638,
        13.2356709818,
        14.9213934898,
        14.9598476178,
        12.3445916708,
        13.3183493698,
        12.8805176438
      ],
      "exit_codes": [
        0,
        0,
        0,
        0,
        0,
        0,
        0,
        0,
        0,
        0
      ]
    },
    {
      "command": "with_hash_join",
      "mean": 5.965175951099999,
      "stddev": 1.8220585276757422,
      "median": 5.5002680508,
      "user": 0.007975099999999999,
      "system": 0.0041237,
      "min": 4.2585029208,
      "max": 9.268499715799999,
      "times": [
        6.3914145428,
        9.268499715799999,
        6.5348745758,
        6.6107186288,
        8.5430742018,
        4.6091215588,
        4.2585029208,
        4.560620245799999,
        4.380801013799999,
        4.4941321067999995
      ],
      "exit_codes": [
        0,
        0,
        0,
        0,
        0,
        0,
        0,
        0,
        0,
        0
      ]
    }
  ]
}
