{
  "results": [
    {
      "command": "normal_run",
      "mean": 0.8282853883600001,
      "stddev": 0.03880796360543626,
      "median": 0.81636727756,
      "user": 0.008187759999999999,
      "system": 0.004443580000000001,
      "min": 0.78753604006,
      "max": 0.9190231400600001,
      "times": [
        0.84564572806,
        0.78753604006,
        0.8170881750600001,
        0.79203061306,
        0.81564638006,
        0.79919975406,
        0.8139906610600001,
        0.9190231400600001,
        0.84100693406,
        0.8516864580600001
      ],
      "exit_codes": [
        0,
        0,
        0,
        0,
        0,
        0,
        0,
        0,
        0,
        0
      ]
    },
    {
      "command": "with_nested_loop_join",
      "mean": 12.17835413916,
      "stddev": 0.7422401757584115,
      "median": 12.20396360356,
      "user": 0.00814496,
      "system": 0.00444368,
      "min": 11.05416864206,
      "max": 13.32974444106,
      "times": [
        13.27684822006,
        12.32861071506,
        11.05416864206,
        11.35302731206,
        11.86945677506,
        12.31327381406,
        13.32974444106,
        12.48132827706,
        12.09465339306,
        11.68242980206
      ],
      "exit_codes": [
        0,
        0,
        0,
        0,
        0,
        0,
        0,
        0,
        0,
        0
      ]
    },
    {
      "command": "with_hash_join",
      "mean": 3.5662744704599993,
      "stddev": 0.45831140329662556,
      "median": 3.2667605330600002,
      "user": 0.00847906,
      "system": 0.00466948,
      "min": 3.15086328906,
      "max": 4.18085533306,
      "times": [
        4.0749872830600005,
        4.11236831406,
        4.18085533306,
        4.01225433706,
        3.15086328906,
        3.17980872706,
        3.2194317210600003,
        3.19865463406,
        3.27153216506,
        3.26198890106
      ],
      "exit_codes": [
        0,
        0,
        0,
        0,
        0,
        0,
        0,
        0,
        0,
        0
      ]
    }
  ]
}
