{
  "results": [
    {
      "command": "normal_run",
      "mean": 3.2783739395999993,
      "stddev": 1.156702076438271,
      "median": 2.6440781687,
      "user": 0.008286000000000002,
      "system": 0.00419838,
      "min": 2.4170585032000003,
      "max": 5.7640100592,
      "times": [
        5.7640100592,
        4.4387347902,
        2.6393142052000003,
        4.3393892712,
        2.6488421322,
        2.4416436612,
        2.4170585032000003,
        2.4886398632,
        2.9885675632,
        2.6175393472
      ],
      "exit_codes": [
        0,
        0,
        0,
        0,
        0,
        0,
        0,
        0,
        0,
        0
      ]
    },
    {
      "command": "with_nested_loop_join",
      "mean": 2.3603524785000003,
      "stddev": 0.4343352113437266,
      "median": 2.3635808862000003,
      "user": 0.0083858,
      "system": 0.004218679999999999,
      "min": 1.5955167532,
      "max": 3.1362306562,
      "times": [
        2.3611914652,
        1.5955167532,
        3.1362306562,
        2.4561955872000003,
        2.0636007612,
        2.3836407812,
        2.3659703072,
        2.0024432662000002,
        2.3448095202,
        2.8939256872000003
      ],
      "exit_codes": [
        0,
        0,
        0,
        0,
        0,
        0,
        0,
        0,
        0,
        0
      ]
    },
    {
      "command": "with_hash_join",
      "mean": 40.1059281133,
      "stddev": 5.774712559448162,
      "median": 36.6234754377,
      "user": 0.008707600000000001,
      "system": 0.004754380000000001,
      "min": 34.6534710732,
      "max": 46.9401814242,
      "times": [
        46.7300971042,
        34.7770224172,
        34.6534710732,
        46.9401814242,
        35.7891350032,
        46.8506547532,
        35.5200632932,
        37.0996044802,
        36.1473463952,
        46.5517051892
      ],
      "exit_codes": [
        0,
        0,
        0,
        0,
        0,
        0,
        0,
        0,
        0,
        0
      ]
    }
  ]
}
