{
  "results": [
    {
      "command": "normal_run",
      "mean": 15.657470492459998,
      "stddev": 1.3357286724316106,
      "median": 16.18393484336,
      "user": 0.00837464,
      "system": 0.004581139999999999,
      "min": 13.82930848136,
      "max": 17.76193017236,
      "times": [
        17.76193017236,
        16.32274018036,
        16.24367001936,
        16.89706098336,
        16.34044720536,
        14.62444595536,
        13.82930848136,
        14.051832710360001,
        14.37906954936,
        16.12419966736
      ],
      "exit_codes": [
        0,
        0,
        0,
        0,
        0,
        0,
        0,
        0,
        0,
        0
      ]
    },
    {
      "command": "with_nested_loop_join",
      "mean": 11.62374316576,
      "stddev": 0.9213224408785661,
      "median": 11.34758537286,
      "user": 0.008024139999999999,
      "system": 0.00420374,
      "min": 11.04289789136,
      "max": 14.15008680336,
      "times": [
        11.71946951636,
        11.04289789136,
        11.077272329360001,
        11.35428580436,
        11.19577261236,
        11.69274318036,
        11.34088494136,
        14.15008680336,
        11.10709275736,
        11.55692582136
      ],
      "exit_codes": [
        0,
        0,
        0,
        0,
        0,
        0,
        0,
        0,
        0,
        0
      ]
    },
    {
      "command": "with_hash_join",
      "mean": 37.30829199725999,
      "stddev": 2.292015514449175,
      "median": 37.36598645236,
      "user": 0.00829124,
      "system": 0.00461124,
      "min": 34.099777042359996,
      "max": 40.982755671359996,
      "times": [
        38.86697646136,
        38.78951634936,
        39.78856864636,
        35.59292533236,
        37.57160636736,
        34.099777042359996,
        37.16036653736,
        34.94850122336,
        35.28192634136,
        40.982755671359996
      ],
      "exit_codes": [
        0,
        0,
        0,
        0,
        0,
        0,
        0,
        0,
        0,
        0
      ]
    }
  ]
}
