{
  "results": [
    {
      "command": "normal_run",
      "mean": 9.25390508048,
      "stddev": 1.257213515224542,
      "median": 8.92871617648,
      "user": 0.00831244,
      "system": 0.004154,
      "min": 7.92703031598,
      "max": 12.184249207979999,
      "times": [
        7.92703031598,
        12.184249207979999,
        9.05387981598,
        9.58416577098,
        9.070760350979999,
        10.498801948979999,
        8.74090204598,
        8.80355253698,
        8.36108605498,
        8.31462275598
      ],
      "exit_codes": [
        0,
        0,
        0,
        0,
        0,
        0,
        0,
        0,
        0,
        0
      ]
    },
    {
      "command": "with_nested_loop_join",
      "mean": 12.19138725638,
      "stddev": 1.2785948523975088,
      "median": 11.82394384798,
      "user": 0.008523639999999999,
      "system": 0.004395499999999999,
      "min": 11.14908988398,
      "max": 14.82080396298,
      "times": [
        11.14908988398,
        14.236948761979999,
        11.446409492979999,
        12.03779370598,
        11.92506298698,
        11.96382823698,
        11.44423439398,
        11.16687642898,
        11.72282470898,
        14.82080396298
      ],
      "exit_codes": [
        0,
        0,
        0,
        0,
        0,
        0,
        0,
        0,
        0,
        0
      ]
    },
    {
      "command": "with_hash_join",
      "mean": 46.77500204247999,
      "stddev": 1.4353669201013957,
      "median": 46.32978402348,
      "user": 0.008209339999999999,
      "system": 0.0043614,
      "min": 44.693348432979995,
      "max": 48.791381219979996,
      "times": [
        47.795931218979995,
        46.10385199698,
        47.96274301698,
        46.33822297498,
        44.693348432979995,
        48.791381219979996,
        45.587241016979995,
        45.457943133979995,
        48.69801234098,
        46.32134507198
      ],
      "exit_codes": [
        0,
        0,
        0,
        0,
        0,
        0,
        0,
        0,
        0,
        0
      ]
    }
  ]
}
