{
  "results": [
    {
      "command": "normal_run",
      "mean": 0.04905933368,
      "stddev": 0.0038320616218334327,
      "median": 0.048261561679999995,
      "user": 0.008112040000000001,
      "system": 0.00418556,
      "min": 0.04575138968,
      "max": 0.05929971668,
      "times": [
        0.04980250468,
        0.04654921568,
        0.04926283568,
        0.04575138968,
        0.04684000368,
        0.04742610568,
        0.04913844168,
        0.05929971668,
        0.04880374368,
        0.04771937968
      ],
      "exit_codes": [
        0,
        0,
        0,
        0,
        0,
        0,
        0,
        0,
        0,
        0
      ]
    },
    {
      "command": "with_nested_loop_join",
      "mean": 0.65448507728,
      "stddev": 0.03463302674160069,
      "median": 0.6482109976800001,
      "user": 0.00878224,
      "system": 0.00485196,
      "min": 0.59741407968,
      "max": 0.72120909468,
      "times": [
        0.72120909468,
        0.69912630968,
        0.64810336568,
        0.6651766786800001,
        0.6397711126800001,
        0.6483186296800001,
        0.63586823668,
        0.6361481196800001,
        0.65371514568,
        0.59741407968
      ],
      "exit_codes": [
        0,
        0,
        0,
        0,
        0,
        0,
        0,
        0,
        0,
        0
      ]
    },
    {
      "command": "with_hash_join",
      "mean": 0.04860133088,
      "stddev": 0.002197080249271838,
      "median": 0.047987734180000005,
      "user": 0.008158740000000001,
      "system": 0.004167159999999999,
      "min": 0.04644325468,
      "max": 0.05451187868,
      "times": [
        0.04902235368,
        0.04644325468,
        0.04771250268,
        0.05451187868,
        0.04770781868,
        0.04882721668,
        0.04752354568,
        0.04787837868,
        0.04828926968,
        0.04809708968
      ],
      "exit_codes": [
        0,
        0,
        0,
        0,
        0,
        0,
        0,
        0,
        0,
        0
      ]
    }
  ]
}
