{
  "results": [
    {
      "command": "normal_run",
      "mean": 0.45420014393999997,
      "stddev": 0.005629178375750083,
      "median": 0.45289450904,
      "user": 0.00814522,
      "system": 0.004237179999999999,
      "min": 0.44573761504,
      "max": 0.46180053704,
      "times": [
        0.45318016304000003,
        0.44775469604,
        0.45260885504,
        0.44573761504,
        0.45454391104,
        0.45209452404,
        0.45173776804,
        0.46109333304,
        0.46145003704,
        0.46180053704
      ],
      "exit_codes": [
        0,
        0,
        0,
        0,
        0,
        0,
        0,
        0,
        0,
        0
      ]
    },
    {
      "command": "with_nested_loop_join",
      "mean": 0.9046365845399998,
      "stddev": 0.5399052857940251,
      "median": 0.7151631485400001,
      "user": 0.00826712,
      "system": 0.0045845799999999996,
      "min": 0.68921322704,
      "max": 2.4306033670400002,
      "times": [
        0.69126988904,
        0.69510974604,
        2.4306033670400002,
        0.90131533704,
        0.77174233504,
        0.72860156204,
        0.71228393304,
        0.68921322704,
        0.71804236404,
        0.70818408504
      ],
      "exit_codes": [
        0,
        0,
        0,
        0,
        0,
        0,
        0,
        0,
        0,
        0
      ]
    },
    {
      "command": "with_hash_join",
      "mean": 4.33584115474,
      "stddev": 0.13721468864841543,
      "median": 4.274215765039999,
      "user": 0.008422019999999999,
      "system": 0.00460188,
      "min": 4.21127017004,
      "max": 4.59526595004,
      "times": [
        4.59526595004,
        4.25833151304,
        4.21216257604,
        4.554614702039999,
        4.2593897180399996,
        4.25107959004,
        4.28904181204,
        4.21127017004,
        4.34489319304,
        4.38236232304
      ],
      "exit_codes": [
        0,
        0,
        0,
        0,
        0,
        0,
        0,
        0,
        0,
        0
      ]
    }
  ]
}
