{
  "results": [
    {
      "command": "normal_run",
      "mean": 0.1045326827,
      "stddev": 0.008622550777768238,
      "median": 0.10034006880000002,
      "user": 0.008462539999999998,
      "system": 0.004385439999999999,
      "min": 0.0972999018,
      "max": 0.1195386818,
      "times": [
        0.10082985380000001,
        0.0972999018,
        0.09958584880000002,
        0.0976277308,
        0.10134326380000001,
        0.1183007508,
        0.0990585588,
        0.11189195280000001,
        0.09985028380000001,
        0.1195386818
      ],
      "exit_codes": [
        0,
        0,
        0,
        0,
        0,
        0,
        0,
        0,
        0,
        0
      ]
    },
    {
      "command": "with_nested_loop_join",
      "mean": 0.05777166250000001,
      "stddev": 0.0006587095110186714,
      "median": 0.05783475180000001,
      "user": 0.008404939999999998,
      "system": 0.004167240000000001,
      "min": 0.056662654800000004,
      "max": 0.05883582080000001,
      "times": [
        0.057871666800000006,
        0.05832525880000001,
        0.057566670800000004,
        0.05835470980000001,
        0.057139359800000004,
        0.05779783680000001,
        0.05801223380000001,
        0.056662654800000004,
        0.05883582080000001,
        0.05715041280000001
      ],
      "exit_codes": [
        0,
        0,
        0,
        0,
        0,
        0,
        0,
        0,
        0,
        0
      ]
    },
    {
      "command": "with_hash_join",
      "mean": 6.0832729186,
      "stddev": 0.6308624832802802,
      "median": 5.806243218300001,
      "user": 0.008178439999999999,
      "system": 0.00405274,
      "min": 5.6500767298,
      "max": 7.5865724958000005,
      "times": [
        5.6635856428,
        5.6500767298,
        5.7555117348,
        5.6939624348,
        5.7024055958,
        7.5865724958000005,
        6.7281886528,
        5.8569747018000005,
        5.8896554448,
        6.3057957528
      ],
      "exit_codes": [
        0,
        0,
        0,
        0,
        0,
        0,
        0,
        0,
        0,
        0
      ]
    }
  ]
}
