{
  "results": [
    {
      "command": "normal_run",
      "mean": 0.08536391934,
      "stddev": 0.004016450466931663,
      "median": 0.08426965784,
      "user": 0.00832744,
      "system": 0.004245979999999999,
      "min": 0.08066183734,
      "max": 0.09576032634000001,
      "times": [
        0.09576032634000001,
        0.08440795334,
        0.08571768934,
        0.08413136234,
        0.08447818434,
        0.08066183734,
        0.08384809334,
        0.08350152633999999,
        0.08386298534,
        0.08726923534
      ],
      "exit_codes": [
        0,
        0,
        0,
        0,
        0,
        0,
        0,
        0,
        0,
        0
      ]
    },
    {
      "command": "with_nested_loop_join",
      "mean": 0.06078303174000001,
      "stddev": 0.005861248924698446,
      "median": 0.05785318384,
      "user": 0.008690439999999999,
      "system": 0.004869279999999999,
      "min": 0.05643546934,
      "max": 0.07499531934,
      "times": [
        0.05643546934,
        0.07499531934,
        0.06051815034,
        0.057935045340000005,
        0.057707219340000004,
        0.05777132234000001,
        0.057293340340000005,
        0.06709037234,
        0.06037675434000001,
        0.057707324340000005
      ],
      "exit_codes": [
        0,
        0,
        0,
        0,
        0,
        0,
        0,
        0,
        0,
        0
      ]
    },
    {
      "command": "with_hash_join",
      "mean": 4.74717540484,
      "stddev": 0.13191186540702654,
      "median": 4.74984359134,
      "user": 0.00863424,
      "system": 0.004698180000000001,
      "min": 4.51567473834,
      "max": 4.923190235340001,
      "times": [
        4.923190235340001,
        4.51567473834,
        4.61237063134,
        4.890511093340001,
        4.89505336934,
        4.73964585634,
        4.771894004340001,
        4.7600413263400005,
        4.71359790334,
        4.649774890340001
      ],
      "exit_codes": [
        0,
        0,
        0,
        0,
        0,
        0,
        0,
        0,
        0,
        0
      ]
    }
  ]
}
