{
  "results": [
    {
      "command": "normal_run",
      "mean": 0.16225315902000004,
      "stddev": 0.007309628437867856,
      "median": 0.16092043122000002,
      "user": 0.008219460000000001,
      "system": 0.004209899999999999,
      "min": 0.15265735222000001,
      "max": 0.17513067922000003,
      "times": [
        0.16419519722000003,
        0.16193302122000003,
        0.15665919122000002,
        0.15455750322000003,
        0.15265735222000001,
        0.17513067922000003,
        0.16756216722000003,
        0.17129636122000003,
        0.15863227622,
        0.15990784122
      ],
      "exit_codes": [
        0,
        0,
        0,
        0,
        0,
        0,
        0,
        0,
        0,
        0
      ]
    },
    {
      "command": "with_nested_loop_join",
      "mean": 0.07168737812,
      "stddev": 0.0017901517714975054,
      "median": 0.07179277672,
      "user": 0.00829566,
      "system": 0.004262599999999999,
      "min": 0.06862403022,
      "max": 0.07540939622000001,
      "times": [
        0.07187927122,
        0.07151580722,
        0.07540939622000001,
        0.07291471322,
        0.07177135522,
        0.07066862122,
        0.07181419822,
        0.07222618622,
        0.07005020222,
        0.06862403022
      ],
      "exit_codes": [
        0,
        0,
        0,
        0,
        0,
        0,
        0,
        0,
        0,
        0
      ]
    },
    {
      "command": "with_hash_join",
      "mean": 5.90127953172,
      "stddev": 0.8211437639917384,
      "median": 5.679055696220001,
      "user": 0.008306659999999999,
      "system": 0.004377799999999999,
      "min": 5.43347492722,
      "max": 8.15669980722,
      "times": [
        8.15669980722,
        6.15457587622,
        5.69938975122,
        5.78395122422,
        5.456949256220001,
        5.69122154322,
        5.46637271222,
        5.43347492722,
        5.50327037022,
        5.66688984922
      ],
      "exit_codes": [
        0,
        0,
        0,
        0,
        0,
        0,
        0,
        0,
        0,
        0
      ]
    }
  ]
}
