{
  "results": [
    {
      "command": "normal_run",
      "mean": 1.84088006216,
      "stddev": 0.40783702716532677,
      "median": 2.1390121560599997,
      "user": 0.008054919999999998,
      "system": 0.00421582,
      "min": 1.34388536456,
      "max": 2.1947346845599998,
      "times": [
        1.34388536456,
        2.1947346845599998,
        1.4039029915599999,
        2.14582841456,
        2.16466256256,
        2.13219589756,
        1.37142847056,
        2.14925862556,
        2.15122868056,
        1.35167492956
      ],
      "exit_codes": [
        0,
        0,
        0,
        0,
        0,
        0,
        0,
        0,
        0,
        0
      ]
    },
    {
      "command": "with_nested_loop_join",
      "mean": 0.34914449956000004,
      "stddev": 0.03798300245874045,
      "median": 0.33402263706,
      "user": 0.008122619999999999,
      "system": 0.00430022,
      "min": 0.31512557456,
      "max": 0.44242621556,
      "times": [
        0.31512557456,
        0.44242621556,
        0.33328641656,
        0.37082423456,
        0.32274981356000004,
        0.35441917256,
        0.33475885756,
        0.36610174556,
        0.33302921056,
        0.31872375456
      ],
      "exit_codes": [
        0,
        0,
        0,
        0,
        0,
        0,
        0,
        0,
        0,
        0
      ]
    },
    {
      "command": "with_hash_join",
      "mean": 10.611748190459998,
      "stddev": 0.8992459174801262,
      "median": 10.35526177206,
      "user": 0.00815612,
      "system": 0.004199320000000001,
      "min": 10.04252760856,
      "max": 13.09550815656,
      "times": [
        10.364369202559999,
        13.09550815656,
        10.66109272956,
        10.70462690056,
        10.34615434156,
        10.25688200056,
        10.37238619956,
        10.04252760856,
        10.074286684559999,
        10.19964808056
      ],
      "exit_codes": [
        0,
        0,
        0,
        0,
        0,
        0,
        0,
        0,
        0,
        0
      ]
    }
  ]
}
