{
  "results": [
    {
      "command": "normal_run",
      "mean": 3.14537160832,
      "stddev": 1.0303383440833545,
      "median": 2.51941680482,
      "user": 0.0085031,
      "system": 0.0044449,
      "min": 2.24334011382,
      "max": 4.81223876482,
      "times": [
        2.39219617882,
        2.50088010282,
        3.86712364982,
        2.53795350682,
        4.81223876482,
        4.73156922382,
        2.3827754668199996,
        2.30520711482,
        2.24334011382,
        3.68043196082
      ],
      "exit_codes": [
        0,
        0,
        0,
        0,
        0,
        0,
        0,
        0,
        0,
        0
      ]
    },
    {
      "command": "with_nested_loop_join",
      "mean": 3.571516129919999,
      "stddev": 0.9893024209637623,
      "median": 3.7165871998199997,
      "user": 0.0081025,
      "system": 0.0042041000000000005,
      "min": 2.4095330418199996,
      "max": 4.8269318088199995,
      "times": [
        4.60216492982,
        2.4703961888199997,
        2.72279056582,
        2.4983953728199997,
        3.98552872382,
        2.4095330418199996,
        4.8269318088199995,
        4.73281751382,
        3.4476456758199996,
        4.01895747782
      ],
      "exit_codes": [
        0,
        0,
        0,
        0,
        0,
        0,
        0,
        0,
        0,
        0
      ]
    },
    {
      "command": "with_hash_join",
      "mean": 2.9656398889199997,
      "stddev": 0.494306639915442,
      "median": 2.78376007282,
      "user": 0.008113899999999999,
      "system": 0.0041852999999999994,
      "min": 2.70828924782,
      "max": 4.32354643282,
      "times": [
        2.7856659278199998,
        2.7822506048199998,
        2.82358420982,
        2.7848788648199996,
        2.73403536282,
        2.7621531828199997,
        2.70828924782,
        2.78264128082,
        4.32354643282,
        3.16935377482
      ],
      "exit_codes": [
        0,
        0,
        0,
        0,
        0,
        0,
        0,
        0,
        0,
        0
      ]
    }
  ]
}
