{
  "results": [
    {
      "command": "normal_run",
      "mean": 2.21634814304,
      "stddev": 0.6466375648438205,
      "median": 2.00962208974,
      "user": 0.008192879999999998,
      "system": 0.00441094,
      "min": 1.97207858224,
      "max": 4.05424760824,
      "times": [
        2.0313193692400002,
        2.05944355924,
        4.05424760824,
        2.06747296024,
        1.9896650762399999,
        1.98776423224,
        1.98274414724,
        2.02957910324,
        1.97207858224,
        1.98916679224
      ],
      "exit_codes": [
        0,
        0,
        0,
        0,
        0,
        0,
        0,
        0,
        0,
        0
      ]
    },
    {
      "command": "with_nested_loop_join",
      "mean": 2.01933378904,
      "stddev": 0.06847325581333163,
      "median": 1.99596885924,
      "user": 0.008332179999999998,
      "system": 0.00434004,
      "min": 1.96247025224,
      "max": 2.16652449524,
      "times": [
        2.16652449524,
        1.98275801524,
        2.00058660024,
        1.96247025224,
        2.11973763524,
        2.02047077824,
        1.99135111824,
        1.97342952924,
        1.96964723824,
        2.00636222824
      ],
      "exit_codes": [
        0,
        0,
        0,
        0,
        0,
        0,
        0,
        0,
        0,
        0
      ]
    },
    {
      "command": "with_hash_join",
      "mean": 13.732869798139998,
      "stddev": 0.8092265495832969,
      "median": 13.46029569724,
      "user": 0.00810148,
      "system": 0.00424744,
      "min": 13.30990083024,
      "max": 16.00671035924,
      "times": [
        13.55701771924,
        13.483774664239998,
        13.382628041239998,
        16.00671035924,
        13.77182489024,
        13.559749972239999,
        13.30990083024,
        13.435488854239999,
        13.384785920239999,
        13.436816730239999
      ],
      "exit_codes": [
        0,
        0,
        0,
        0,
        0,
        0,
        0,
        0,
        0,
        0
      ]
    }
  ]
}
