{
  "results": [
    {
      "command": "normal_run",
      "mean": 2.1448568435200004,
      "stddev": 0.5520430766189355,
      "median": 1.9395949260200003,
      "user": 0.00867912,
      "system": 0.005030359999999999,
      "min": 1.8810984315200001,
      "max": 3.6851250305199996,
      "times": [
        1.92575101352,
        2.0020483895199996,
        1.9401960955200002,
        1.9145638385200001,
        1.89347388652,
        1.8810984315200001,
        1.9389937565200002,
        2.00791492352,
        3.6851250305199996,
        2.25940306952
      ],
      "exit_codes": [
        0,
        0,
        0,
        0,
        0,
        0,
        0,
        0,
        0,
        0
      ]
    },
    {
      "command": "with_nested_loop_join",
      "mean": 1.96394808162,
      "stddev": 0.05118550913263718,
      "median": 1.94439803202,
      "user": 0.00836562,
      "system": 0.00428266,
      "min": 1.92037140552,
      "max": 2.0651051155199998,
      "times": [
        1.93701111852,
        1.93182954952,
        1.9583620345200001,
        1.9228943815200001,
        2.03747440652,
        1.9914728935200001,
        2.0651051155199998,
        1.9517849455200003,
        1.92037140552,
        1.9231749655200001
      ],
      "exit_codes": [
        0,
        0,
        0,
        0,
        0,
        0,
        0,
        0,
        0,
        0
      ]
    },
    {
      "command": "with_hash_join",
      "mean": 3.89302892372,
      "stddev": 0.07093182192127212,
      "median": 3.8693441015200003,
      "user": 0.00806012,
      "system": 0.0041062600000000005,
      "min": 3.83352643852,
      "max": 4.06759219052,
      "times": [
        3.92938546852,
        4.06759219052,
        3.83352643852,
        3.83835750052,
        3.84646595252,
        3.88334436352,
        3.93144330152,
        3.8942173425199997,
        3.85534383952,
        3.8506128395199997
      ],
      "exit_codes": [
        0,
        0,
        0,
        0,
        0,
        0,
        0,
        0,
        0,
        0
      ]
    }
  ]
}
