{
  "results": [
    {
      "command": "normal_run",
      "mean": 2.30284942504,
      "stddev": 0.6637279850296062,
      "median": 2.09983463234,
      "user": 0.008483019999999999,
      "system": 0.00432334,
      "min": 2.05588430784,
      "max": 4.19020982784,
      "times": [
        2.11183582284,
        4.19020982784,
        2.11995393484,
        2.07558871184,
        2.0634471678399997,
        2.08937832084,
        2.06983294884,
        2.05588430784,
        2.14207226384,
        2.11029094384
      ],
      "exit_codes": [
        0,
        0,
        0,
        0,
        0,
        0,
        0,
        0,
        0,
        0
      ]
    },
    {
      "command": "with_nested_loop_join",
      "mean": 2.07314728234,
      "stddev": 0.04645850764657352,
      "median": 2.0613396563399995,
      "user": 0.008156720000000001,
      "system": 0.00421874,
      "min": 2.00624239984,
      "max": 2.17599026884,
      "times": [
        2.08532790184,
        2.0608802858399997,
        2.17599026884,
        2.11394986584,
        2.05767797184,
        2.08174860784,
        2.05531522284,
        2.0617990268399997,
        2.00624239984,
        2.03254127184
      ],
      "exit_codes": [
        0,
        0,
        0,
        0,
        0,
        0,
        0,
        0,
        0,
        0
      ]
    },
    {
      "command": "with_hash_join",
      "mean": 14.029139589439998,
      "stddev": 0.9298419878492366,
      "median": 13.63305690484,
      "user": 0.00829282,
      "system": 0.00441104,
      "min": 13.40182081684,
      "max": 15.89115982184,
      "times": [
        13.40182081684,
        15.89115982184,
        13.852482675840001,
        13.665143436840001,
        13.55772880084,
        13.53084414684,
        13.60097037284,
        13.45505781884,
        13.67886315684,
        15.65732484684
      ],
      "exit_codes": [
        0,
        0,
        0,
        0,
        0,
        0,
        0,
        0,
        0,
        0
      ]
    }
  ]
}
