{
  "results": [
    {
      "command": "normal_run",
      "mean": 2.81958725582,
      "stddev": 0.8173396034353487,
      "median": 3.31468748252,
      "user": 0.008433079999999999,
      "system": 0.00444996,
      "min": 1.62386457202,
      "max": 3.42701773502,
      "times": [
        3.24356711202,
        3.32369101302,
        3.42701773502,
        1.6480021700200003,
        3.32944278502,
        3.33207749602,
        3.30583755602,
        1.62386457202,
        3.32353740902,
        1.6388347100200003
      ],
      "exit_codes": [
        0,
        0,
        0,
        0,
        0,
        0,
        0,
        0,
        0,
        0
      ]
    },
    {
      "command": "with_nested_loop_join",
      "mean": 1.6494147529199998,
      "stddev": 0.035785173113074664,
      "median": 1.6383418015200002,
      "user": 0.00832758,
      "system": 0.004366960000000001,
      "min": 1.60952891202,
      "max": 1.7072695500200001,
      "times": [
        1.60952891202,
        1.61523859902,
        1.64590198402,
        1.6264822860200001,
        1.6269500140200002,
        1.6819044180200002,
        1.7072695500200001,
        1.6322053200200002,
        1.70418816302,
        1.6444782830200002
      ],
      "exit_codes": [
        0,
        0,
        0,
        0,
        0,
        0,
        0,
        0,
        0,
        0
      ]
    },
    {
      "command": "with_hash_join",
      "mean": 3.61968010382,
      "stddev": 0.6671413331807887,
      "median": 3.4115551585199997,
      "user": 0.008429479999999998,
      "system": 0.004840559999999999,
      "min": 3.33611967802,
      "max": 5.512232055019999,
      "times": [
        3.4569887830200003,
        5.512232055019999,
        3.43900433202,
        3.36790815702,
        3.43463939902,
        3.35665439402,
        3.51636895802,
        3.38841436402,
        3.33611967802,
        3.38847091802
      ],
      "exit_codes": [
        0,
        0,
        0,
        0,
        0,
        0,
        0,
        0,
        0,
        0
      ]
    }
  ]
}
