{
  "results": [
    {
      "command": "normal_run",
      "mean": 1.43394091316,
      "stddev": 0.04239437477780125,
      "median": 1.41606907776,
      "user": 0.008025899999999999,
      "system": 0.00407724,
      "min": 1.40467160326,
      "max": 1.5419812072599999,
      "times": [
        1.5419812072599999,
        1.46061617726,
        1.42386245426,
        1.41453570826,
        1.45019729226,
        1.41003309226,
        1.41760244726,
        1.40467160326,
        1.4091922422599998,
        1.4067169072599999
      ],
      "exit_codes": [
        0,
        0,
        0,
        0,
        0,
        0,
        0,
        0,
        0,
        0
      ]
    },
    {
      "command": "with_nested_loop_join",
      "mean": 0.057340886560000005,
      "stddev": 0.0026323885094711153,
      "median": 0.05725608076,
      "user": 0.0081005,
      "system": 0.004099940000000001,
      "min": 0.053473860260000006,
      "max": 0.06090200826,
      "times": [
        0.05810255326000001,
        0.06051338826000001,
        0.06090200826,
        0.05404596326000001,
        0.05749615126,
        0.05701601026,
        0.05682149026000001,
        0.053473860260000006,
        0.06004514526,
        0.054992295260000004
      ],
      "exit_codes": [
        0,
        0,
        0,
        0,
        0,
        0,
        0,
        0,
        0,
        0
      ]
    },
    {
      "command": "with_hash_join",
      "mean": 1.46272099216,
      "stddev": 0.08381741763150964,
      "median": 1.42502587426,
      "user": 0.0085265,
      "system": 0.00450974,
      "min": 1.39434556826,
      "max": 1.66134180226,
      "times": [
        1.42049380326,
        1.42194669926,
        1.40920320826,
        1.55409768826,
        1.66134180226,
        1.48356913826,
        1.39434556826,
        1.4281050492599998,
        1.4155203292599998,
        1.4385866352599999
      ],
      "exit_codes": [
        0,
        0,
        0,
        0,
        0,
        0,
        0,
        0,
        0,
        0
      ]
    }
  ]
}
