{
  "results": [
    {
      "command": "normal_run",
      "mean": 33.996006955599995,
      "stddev": 28.022945809045638,
      "median": 21.1635432833,
      "user": 0.015261420000000001,
      "system": 0.008436639999999999,
      "min": 20.516316148799998,
      "max": 102.7527422988,
      "times": [
        20.8759281788,
        20.516316148799998,
        20.5518101258,
        22.5179602668,
        21.0054924948,
        21.2544926798,
        21.0725938868,
        22.9553623348,
        66.45737114079999,
        102.7527422988
      ],
      "exit_codes": [
        0,
        0,
        0,
        0,
        0,
        0,
        0,
        0,
        0,
        0
      ]
    },
    {
      "command": "with_nested_loop_join",
      "mean": 101.2005040824,
      "stddev": 11.625268676736622,
      "median": 106.3971904073,
      "user": 0.040825020000000004,
      "system": 0.021710439999999998,
      "min": 78.66092742779999,
      "max": 109.44429137979999,
      "times": [
        78.66092742779999,
        109.44429137979999,
        107.3716048978,
        106.2446979658,
        106.76259144379999,
        106.54968284879999,
        79.9003137598,
        105.6746322998,
        106.9388824678,
        104.4574163328
      ],
      "exit_codes": [
        0,
        0,
        0,
        0,
        0,
        0,
        0,
        0,
        0,
        0
      ]
    },
    {
      "command": "with_hash_join",
      "mean": 87.5152152312,
      "stddev": 16.775538419101235,
      "median": 92.41623846179999,
      "user": 0.032035219999999996,
      "system": 0.018725239999999997,
      "min": 56.0875128878,
      "max": 101.8056899688,
      "times": [
        101.0409170488,
        92.8088109638,
        56.0875128878,
        61.8099405238,
        101.8056899688,
        101.3395912028,
        90.0441410208,
        77.9988743598,
        100.19300837579999,
        92.0236659598
      ],
      "exit_codes": [
        0,
        0,
        0,
        0,
        0,
        0,
        0,
        0,
        0,
        0
      ]
    }
  ]
}
