{
  "results": [
    {
      "command": "normal_run",
      "mean": 1.0453673778,
      "stddev": 0.09872968546525697,
      "median": 1.0583215757,
      "user": 0.008711159999999999,
      "system": 0.004521539999999999,
      "min": 0.9011430602,
      "max": 1.1789439532000001,
      "times": [
        0.9408372652,
        1.0054282342,
        0.9011430602,
        1.0554325772000002,
        1.1406912902000002,
        1.0855923382000001,
        1.1789439532000001,
        1.0612105742,
        1.1550817232000001,
        0.9293127622
      ],
      "exit_codes": [
        0,
        0,
        0,
        0,
        0,
        0,
        0,
        0,
        0,
        0
      ]
    },
    {
      "command": "with_nested_loop_join",
      "mean": 1.0097399641,
      "stddev": 0.058011090625891264,
      "median": 1.0191250607,
      "user": 0.00861746,
      "system": 0.004595439999999999,
      "min": 0.9134126172,
      "max": 1.0870642952,
      "times": [
        1.0592480032,
        1.0870642952,
        1.0056493312,
        1.0568841612000002,
        1.0309237222,
        0.9588197352000001,
        0.9134126172,
        1.0457562072000002,
        0.9323151692,
        1.0073263992000001
      ],
      "exit_codes": [
        0,
        0,
        0,
        0,
        0,
        0,
        0,
        0,
        0,
        0
      ]
    },
    {
      "command": "with_hash_join",
      "mean": 37.5464104201,
      "stddev": 5.077105787829378,
      "median": 39.9232960787,
      "user": 0.01085046,
      "system": 0.008923839999999999,
      "min": 28.207452958199998,
      "max": 41.2278106502,
      "times": [
        28.369695053199997,
        28.207452958199998,
        36.1991920332,
        40.1685046682,
        41.1673636072,
        41.2278106502,
        40.6233213902,
        39.6541716832,
        39.8987763572,
        39.9478158002
      ],
      "exit_codes": [
        0,
        0,
        0,
        0,
        0,
        0,
        0,
        0,
        0,
        0
      ]
    }
  ]
}
