{
  "results": [
    {
      "command": "normal_run",
      "mean": 275.97264187672,
      "stddev": 278.15039718346344,
      "median": 218.76709725822,
      "user": 0.00860236,
      "system": 0.005214700000000001,
      "min": 25.297877347220002,
      "max": 721.46683576922,
      "times": [
        721.46683576922,
        50.59774961022,
        47.55735000222,
        686.33916988722,
        386.93644490622,
        25.297877347220002,
        27.39657086322,
        394.29415061021996,
        392.68901397421996,
        27.15125579722
      ],
      "exit_codes": [
        0,
        0,
        0,
        0,
        0,
        0,
        0,
        0,
        0,
        0
      ]
    },
    {
      "command": "with_nested_loop_join",
      "mean": 396.95039407891994,
      "stddev": 15.72072148286404,
      "median": 398.37941523871996,
      "user": 0.00777036,
      "system": 0.003989400000000001,
      "min": 368.25463516322,
      "max": 418.35724079422,
      "times": [
        418.35724079422,
        399.86351148821996,
        412.76107550321996,
        396.81037280722,
        391.29148674422,
        401.89430012322,
        374.77302812322,
        368.25463516322,
        408.60297105321996,
        396.89531898921996
      ],
      "exit_codes": [
        0,
        0,
        0,
        0,
        0,
        0,
        0,
        0,
        0,
        0
      ]
    },
    {
      "command": "with_hash_join",
      "mean": 28.01355179482,
      "stddev": 5.828775052953021,
      "median": 26.69546836072,
      "user": 0.007668459999999999,
      "system": 0.003674,
      "min": 21.55177828622,
      "max": 39.51676110822,
      "times": [
        29.91476419422,
        39.51676110822,
        29.07034757122,
        24.320589150220002,
        33.22830214722,
        24.03982815722,
        23.06844073722,
        32.49273832222,
        22.93196827422,
        21.55177828622
      ],
      "exit_codes": [
        0,
        0,
        0,
        0,
        0,
        0,
        0,
        0,
        0,
        0
      ]
    }
  ]
}
