{
  "results": [
    {
      "command": "normal_run",
      "mean": 2.4900766819999998,
      "stddev": 0.04644110608468587,
      "median": 2.4777733145000003,
      "user": 0.00851334,
      "system": 0.00443092,
      "min": 2.4309274039999997,
      "max": 2.584699499,
      "times": [
        2.5093091899999997,
        2.584699499,
        2.455566851,
        2.475525153,
        2.548988146,
        2.480021476,
        2.453320465,
        2.4309274039999997,
        2.473917937,
        2.4884906989999998
      ],
      "exit_codes": [
        0,
        0,
        0,
        0,
        0,
        0,
        0,
        0,
        0,
        0
      ]
    },
    {
      "command": "with_nested_loop_join",
      "mean": 2.2235662188,
      "stddev": 0.03371301728991892,
      "median": 2.2154123885,
      "user": 0.00833314,
      "system": 0.00427902,
      "min": 2.196055223,
      "max": 2.307294956,
      "times": [
        2.2090863119999997,
        2.216535187,
        2.252360528,
        2.21428959,
        2.2184848159999997,
        2.19677657,
        2.2002623349999997,
        2.307294956,
        2.224516671,
        2.196055223
      ],
      "exit_codes": [
        0,
        0,
        0,
        0,
        0,
        0,
        0,
        0,
        0,
        0
      ]
    },
    {
      "command": "with_hash_join",
      "mean": 40.8307783744,
      "stddev": 0.7038207793965758,
      "median": 40.569223323500005,
      "user": 0.00849444,
      "system": 0.00461262,
      "min": 39.768533747000006,
      "max": 41.942638435000006,
      "times": [
        41.548758994,
        40.278892000000006,
        40.542618332,
        40.885573007000005,
        39.768533747000006,
        40.462393489,
        40.507302224,
        41.942638435000006,
        41.775245201000004,
        40.595828315000006
      ],
      "exit_codes": [
        0,
        0,
        0,
        0,
        0,
        0,
        0,
        0,
        0,
        0
      ]
    }
  ]
}
