{
  "results": [
    {
      "command": "normal_run",
      "mean": 11.3317796992,
      "stddev": 0.6139746194488783,
      "median": 11.1978345271,
      "user": 0.007946719999999999,
      "system": 0.004310339999999999,
      "min": 10.3061947841,
      "max": 12.4630758441,
      "times": [
        12.4630758441,
        12.1375401561,
        11.1904210261,
        10.3061947841,
        11.0174723081,
        11.5972222241,
        11.2052480281,
        10.9196595931,
        11.3405392301,
        11.1404237981
      ],
      "exit_codes": [
        0,
        0,
        0,
        0,
        0,
        0,
        0,
        0,
        0,
        0
      ]
    },
    {
      "command": "with_nested_loop_join",
      "mean": 11.1467357797,
      "stddev": 0.35597676677093243,
      "median": 11.045158607600001,
      "user": 0.00779512,
      "system": 0.00430694,
      "min": 10.6524456331,
      "max": 11.7529969901,
      "times": [
        10.6524456331,
        10.9213446351,
        11.0815123931,
        11.0088048221,
        10.8212736331,
        11.4077070291,
        11.6140053541,
        11.7529969901,
        11.2745597651,
        10.9327075421
      ],
      "exit_codes": [
        0,
        0,
        0,
        0,
        0,
        0,
        0,
        0,
        0,
        0
      ]
    },
    {
      "command": "with_hash_join",
      "mean": 38.98004909290001,
      "stddev": 1.561479756826873,
      "median": 39.2531244046,
      "user": 0.007954319999999999,
      "system": 0.0040852399999999995,
      "min": 35.5484689791,
      "max": 41.2782579761,
      "times": [
        35.5484689791,
        39.261874822100005,
        41.2782579761,
        39.9347913571,
        37.2831484971,
        39.244373987100005,
        39.4145460861,
        39.206965434100006,
        39.80535644610001,
        38.8227073441
      ],
      "exit_codes": [
        0,
        0,
        0,
        0,
        0,
        0,
        0,
        0,
        0,
        0
      ]
    }
  ]
}
