{
  "results": [
    {
      "command": "normal_run",
      "mean": 0.7488933992999999,
      "stddev": 0.021099932934092663,
      "median": 0.7487819392,
      "user": 0.008075339999999999,
      "system": 0.00427038,
      "min": 0.7153225882,
      "max": 0.7971174902,
      "times": [
        0.7316091592,
        0.7566822772,
        0.7499620182,
        0.7426541022,
        0.7476018602000001,
        0.7153225882,
        0.7397550852,
        0.7513652582,
        0.7568641542,
        0.7971174902
      ],
      "exit_codes": [
        0,
        0,
        0,
        0,
        0,
        0,
        0,
        0,
        0,
        0
      ]
    },
    {
      "command": "with_nested_loop_join",
      "mean": 0.7768333765000001,
      "stddev": 0.07979045706400388,
      "median": 0.7510382396999999,
      "user": 0.00801004,
      "system": 0.00416218,
      "min": 0.7164168472,
      "max": 0.9814582202000001,
      "times": [
        0.8232488142000001,
        0.9814582202000001,
        0.8013605562,
        0.7433220372,
        0.7261530642,
        0.7385858462,
        0.7164168472,
        0.7587544422,
        0.7200883772000001,
        0.7589455602
      ],
      "exit_codes": [
        0,
        0,
        0,
        0,
        0,
        0,
        0,
        0,
        0,
        0
      ]
    },
    {
      "command": "with_hash_join",
      "mean": 27.9962502254,
      "stddev": 3.070125632736797,
      "median": 25.8850206597,
      "user": 0.00795904,
      "system": 0.00437168,
      "min": 25.3814805472,
      "max": 32.2325891252,
      "times": [
        31.8300041492,
        25.3814805472,
        26.0059492492,
        30.9166791172,
        25.5817472902,
        25.6354944492,
        32.2325891252,
        25.4541085422,
        25.7640920702,
        31.1603577142
      ],
      "exit_codes": [
        0,
        0,
        0,
        0,
        0,
        0,
        0,
        0,
        0,
        0
      ]
    }
  ]
}
