{
  "results": [
    {
      "command": "normal_run",
      "mean": 569.21335256786,
      "stddev": 179.63402372162605,
      "median": 515.9166278745599,
      "user": 0.0193583,
      "system": 0.011474859999999998,
      "min": 390.35403950306,
      "max": 783.13695209706,
      "times": [
        404.14782548606,
        390.35403950306,
        395.89792025806,
        402.20963498006,
        588.45877213206,
        747.55105647006,
        443.37448361706004,
        773.23223256706,
        783.13695209706,
        763.77060856806
      ],
      "exit_codes": [
        0,
        0,
        0,
        0,
        0,
        0,
        0,
        0,
        0,
        0
      ]
    },
    {
      "command": "with_nested_loop_join",
      "mean": 804.8010046520599,
      "stddev": 31.436431254017517,
      "median": 809.18049474856,
      "user": 0.0410861,
      "system": 0.023160659999999993,
      "min": 763.82127572706,
      "max": 852.72930318206,
      "times": [
        763.82127572706,
        769.72955525106,
        852.72930318206,
        823.88769431706,
        828.3534101560599,
        836.45352593306,
        799.85682880306,
        818.5041606940599,
        772.53463054006,
        782.1396619170599
      ],
      "exit_codes": [
        0,
        0,
        0,
        0,
        0,
        0,
        0,
        0,
        0,
        0
      ]
    },
    {
      "command": "with_hash_join",
      "mean": 129.53981349796,
      "stddev": 20.957585519850625,
      "median": 127.44934954406,
      "user": 0.027596100000000002,
      "system": 0.014458459999999998,
      "min": 88.94415004706,
      "max": 162.58074109806,
      "times": [
        162.58074109806,
        88.94415004706,
        141.65909692006,
        122.63740641506001,
        129.27362375005998,
        125.62507533806,
        112.09784623606001,
        144.92567022405999,
        119.23882189706,
        148.41570305406
      ],
      "exit_codes": [
        0,
        0,
        0,
        0,
        0,
        0,
        0,
        0,
        0,
        0
      ]
    }
  ]
}
