{
  "results": [
    {
      "command": "normal_run",
      "mean": 0.049841389279999995,
      "stddev": 0.04276030476938875,
      "median": 0.03252539098,
      "user": 0.00853244,
      "system": 0.0024307799999999996,
      "min": 0.02810525948,
      "max": 0.16553426448000003,
      "times": [
        0.16553426448000003,
        0.07301407048,
        0.03303513348,
        0.028116770479999997,
        0.03923451348,
        0.02810525948,
        0.02994031748,
        0.03201564848,
        0.03810110448,
        0.03131681048
      ],
      "exit_codes": [
        0,
        0,
        0,
        0,
        0,
        0,
        0,
        0,
        0,
        0
      ]
    },
    {
      "command": "with_nested_loop_join",
      "mean": 0.03248270628,
      "stddev": 0.004209894912846316,
      "median": 0.031591546479999996,
      "user": 0.00502424,
      "system": 0.000238836,
      "min": 0.02756123848,
      "max": 0.04091184048,
      "times": [
        0.02756123848,
        0.029070647479999996,
        0.03276679448,
        0.03256047448,
        0.03726279948,
        0.029094731479999997,
        0.02977491248,
        0.04091184048,
        0.030622618480000002,
        0.03520100548
      ],
      "exit_codes": [
        0,
        0,
        0,
        0,
        0,
        0,
        0,
        0,
        0,
        0
      ]
    },
    {
      "command": "with_hash_join",
      "mean": 7.14006857448,
      "stddev": 0.389758282095419,
      "median": 7.31018067448,
      "user": 0.03460954,
      "system": 0.015553580000000001,
      "min": 6.13801704448,
      "max": 7.35119642948,
      "times": [
        6.78787458148,
        6.13801704448,
        7.229006690479999,
        7.31489085248,
        7.31758885648,
        7.35119642948,
        7.34572375848,
        7.31103691748,
        7.309324431479999,
        7.2960261824799995
      ],
      "exit_codes": [
        0,
        0,
        0,
        0,
        0,
        0,
        0,
        0,
        0,
        0
      ]
    }
  ]
}
