{
  "results": [
    {
      "command": "normal_run",
      "mean": 9.94582417462,
      "stddev": 0.45665644548082396,
      "median": 9.94331193812,
      "user": 0.0411714,
      "system": 0.02140076,
      "min": 9.360905282620001,
      "max": 11.057919101620001,
      "times": [
        10.05862775962,
        9.96079574862,
        9.82257055862,
        11.057919101620001,
        9.95196077962,
        9.569030087620002,
        9.629614460620001,
        10.112154870620001,
        9.934663096620001,
        9.360905282620001
      ],
      "exit_codes": [
        0,
        0,
        0,
        0,
        0,
        0,
        0,
        0,
        0,
        0
      ]
    },
    {
      "command": "with_nested_loop_join",
      "mean": 6.87674820372,
      "stddev": 3.661057620084446,
      "median": 9.05870764962,
      "user": 0.027872799999999996,
      "system": 0.014469459999999998,
      "min": 2.0194358316199996,
      "max": 10.17316929062,
      "times": [
        9.582427631620002,
        9.999302016620002,
        9.462386375620001,
        8.655028923620002,
        2.19340976562,
        2.0194358316199996,
        2.10609760062,
        4.62163961962,
        10.17316929062,
        9.95458498162
      ],
      "exit_codes": [
        0,
        0,
        0,
        0,
        0,
        0,
        0,
        0,
        0,
        0
      ]
    },
    {
      "command": "with_hash_join",
      "mean": 65.77554006422001,
      "stddev": 12.59539128769708,
      "median": 71.89520094262,
      "user": 0.037673099999999994,
      "system": 0.01967656,
      "min": 38.989138902620006,
      "max": 72.30932199162,
      "times": [
        72.30932199162,
        72.10186552762,
        69.76841532862001,
        45.16357100862,
        71.97851497162,
        72.05786338962,
        38.989138902620006,
        71.55560568662,
        71.81188691362,
        72.01921692162
      ],
      "exit_codes": [
        0,
        0,
        0,
        0,
        0,
        0,
        0,
        0,
        0,
        0
      ]
    }
  ]
}
