{
  "results": [
    {
      "command": "normal_run",
      "mean": 0.09208493316000002,
      "stddev": 0.0028000652829592285,
      "median": 0.09169518716000001,
      "user": 0.037826059999999995,
      "system": 0.01756106,
      "min": 0.08901940116000001,
      "max": 0.09896422016,
      "times": [
        0.09257029116000001,
        0.09140028616000001,
        0.09103503216000002,
        0.08991697616000001,
        0.09005850716000001,
        0.08901940116000001,
        0.09896422016,
        0.09201668916000001,
        0.09387784016,
        0.09199008816000001
      ],
      "exit_codes": [
        0,
        0,
        0,
        0,
        0,
        0,
        0,
        0,
        0,
        0
      ]
    },
    {
      "command": "with_nested_loop_join",
      "mean": 0.08872004036,
      "stddev": 0.0017332274611154249,
      "median": 0.08857952566000002,
      "user": 0.03800066,
      "system": 0.01787876,
      "min": 0.08633587316,
      "max": 0.09165695316000001,
      "times": [
        0.09165695316000001,
        0.08864816316000002,
        0.08835701316000001,
        0.08967591716000001,
        0.09100022816,
        0.08733084816,
        0.08851088816000001,
        0.08633587316,
        0.08662519816000001,
        0.08905932116000001
      ],
      "exit_codes": [
        0,
        0,
        0,
        0,
        0,
        0,
        0,
        0,
        0,
        0
      ]
    },
    {
      "command": "with_hash_join",
      "mean": 54.39897492966001,
      "stddev": 10.11580389808762,
      "median": 60.18480389316001,
      "user": 0.03141206,
      "system": 0.014757559999999998,
      "min": 34.55226174516,
      "max": 60.606173367160004,
      "times": [
        37.73008561316,
        50.58965489716,
        60.55339745916,
        58.77785745116,
        34.55226174516,
        60.51433698916,
        60.208663300160005,
        60.160944486160005,
        60.29637398816,
        60.606173367160004
      ],
      "exit_codes": [
        0,
        0,
        0,
        0,
        0,
        0,
        0,
        0,
        0,
        0
      ]
    }
  ]
}
