{
  "results": [
    {
      "command": "normal_run",
      "mean": 22.79808691922,
      "stddev": 9.134367577173826,
      "median": 26.80642194492,
      "user": 0.02802764,
      "system": 0.01348496,
      "min": 6.10255950292,
      "max": 31.22458462292,
      "times": [
        6.10255950292,
        25.12286819592,
        27.74995651392,
        26.80252470192,
        27.49103874492,
        26.81031918792,
        18.45976506692,
        7.46699161392,
        31.22458462292,
        30.75026104092
      ],
      "exit_codes": [
        0,
        0,
        0,
        0,
        0,
        0,
        0,
        0,
        0,
        0
      ]
    },
    {
      "command": "with_nested_loop_join",
      "mean": 25.371759297620002,
      "stddev": 5.781837309411425,
      "median": 26.86203877642,
      "user": 0.035048840000000005,
      "system": 0.01674816,
      "min": 12.49364812592,
      "max": 31.02421447792,
      "times": [
        30.91023964492,
        27.35261431392,
        31.02421447792,
        26.92982338992,
        26.24977063792,
        27.70287862692,
        26.79425416292,
        12.49364812592,
        17.84060381692,
        26.41954577892
      ],
      "exit_codes": [
        0,
        0,
        0,
        0,
        0,
        0,
        0,
        0,
        0,
        0
      ]
    },
    {
      "command": "with_hash_join",
      "mean": 83.60673000552,
      "stddev": 15.078887952432135,
      "median": 92.87168272042001,
      "user": 0.03484574,
      "system": 0.016992760000000003,
      "min": 59.61908287092,
      "max": 93.39347159292,
      "times": [
        93.25623373492,
        92.96991269992,
        93.39347159292,
        61.54730922092,
        92.90187959492,
        59.61908287092,
        92.84148584592,
        92.99676200592,
        92.25210268792,
        64.28905980092
      ],
      "exit_codes": [
        0,
        0,
        0,
        0,
        0,
        0,
        0,
        0,
        0,
        0
      ]
    }
  ]
}
