{
  "results": [
    {
      "command": "normal_run",
      "mean": 42.58319267646,
      "stddev": 9.723794839741146,
      "median": 47.49898825746,
      "user": 0.031212919999999998,
      "system": 0.014204539999999998,
      "min": 24.98457000246,
      "max": 50.48220768746,
      "times": [
        36.39823818646,
        24.98457000246,
        45.09207899346,
        50.48220768746,
        49.60865830346,
        48.20040898146,
        49.50333983546,
        26.56444825946,
        46.957436816459996,
        48.04053969846
      ],
      "exit_codes": [
        0,
        0,
        0,
        0,
        0,
        0,
        0,
        0,
        0,
        0
      ]
    },
    {
      "command": "with_nested_loop_join",
      "mean": 44.07353664956,
      "stddev": 7.285623214964026,
      "median": 47.52902850396,
      "user": 0.03438782,
      "system": 0.015451740000000002,
      "min": 27.27173287246,
      "max": 49.75672729546,
      "times": [
        49.65519802246,
        49.75672729546,
        48.31780770046,
        45.72990974646,
        47.25568591246,
        27.27173287246,
        37.57312425946,
        48.41005532646,
        47.802371095459996,
        38.96275426446
      ],
      "exit_codes": [
        0,
        0,
        0,
        0,
        0,
        0,
        0,
        0,
        0,
        0
      ]
    },
    {
      "command": "with_hash_join",
      "mean": 182.68997657925996,
      "stddev": 64.39329738745081,
      "median": 179.74509364896,
      "user": 0.035139519999999994,
      "system": 0.018268339999999997,
      "min": 87.01959526846,
      "max": 248.76085739046,
      "times": [
        244.64188825846,
        248.48463533546,
        148.72669906946,
        143.35611041846,
        87.01959526846,
        102.64996375746,
        248.06753569146,
        248.76085739046,
        144.42899237446,
        210.76348822846
      ],
      "exit_codes": [
        0,
        0,
        0,
        0,
        0,
        0,
        0,
        0,
        0,
        0
      ]
    }
  ]
}
