{
  "results": [
    {
      "command": "normal_run",
      "mean": 29.185134118580002,
      "stddev": 5.61607257415567,
      "median": 31.56568534038,
      "user": 0.03766637999999999,
      "system": 0.01955056,
      "min": 15.07019743038,
      "max": 32.71975002338,
      "times": [
        32.30575785738,
        32.05941209838,
        29.50276346838,
        30.80464061538,
        31.51972685438,
        23.77879566438,
        15.07019743038,
        31.61164382638,
        32.47865334738,
        32.71975002338
      ],
      "exit_codes": [
        0,
        0,
        0,
        0,
        0,
        0,
        0,
        0,
        0,
        0
      ]
    },
    {
      "command": "with_nested_loop_join",
      "mean": 31.29393307988,
      "stddev": 2.104379847395989,
      "median": 32.19958288788,
      "user": 0.04227168,
      "system": 0.02202276,
      "min": 28.47566358438,
      "max": 33.67436626138,
      "times": [
        33.67436626138,
        32.18290894038,
        32.57297884638,
        28.47566358438,
        28.63170940638,
        33.18272916538,
        32.21625683538,
        33.39112721938,
        29.23124383538,
        29.38034670438
      ],
      "exit_codes": [
        0,
        0,
        0,
        0,
        0,
        0,
        0,
        0,
        0,
        0
      ]
    },
    {
      "command": "with_hash_join",
      "mean": 64.43380298937998,
      "stddev": 14.856532271387884,
      "median": 74.31682946588,
      "user": 0.037852479999999994,
      "system": 0.01944476,
      "min": 39.355677686380005,
      "max": 75.31904156537999,
      "times": [
        75.31904156537999,
        39.355677686380005,
        74.63399166338,
        73.99966726838,
        59.63710133538,
        56.34553853538,
        75.03082542637999,
        39.68642464538,
        75.04548533138,
        75.28427643638
      ],
      "exit_codes": [
        0,
        0,
        0,
        0,
        0,
        0,
        0,
        0,
        0,
        0
      ]
    }
  ]
}
