{
  "results": [
    {
      "command": "normal_run",
      "mean": 66.12562708125999,
      "stddev": 73.02723151687145,
      "median": 49.332021452759996,
      "user": 0.04097189999999999,
      "system": 0.021454019999999997,
      "min": 16.794981098759997,
      "max": 270.62949395676003,
      "times": [
        45.744338770759995,
        16.794981098759997,
        53.036194394759995,
        46.53908766476,
        270.62949395676003,
        23.03620512076,
        52.124955240759995,
        55.00172620576,
        46.01615646376,
        52.33313189576
      ],
      "exit_codes": [
        0,
        0,
        0,
        0,
        0,
        0,
        0,
        0,
        0,
        0
      ]
    },
    {
      "command": "with_nested_loop_join",
      "mean": 45.639964646559996,
      "stddev": 9.35591967451191,
      "median": 46.83465938976,
      "user": 0.037765999999999994,
      "system": 0.01969892,
      "min": 29.583170491759997,
      "max": 54.93397233276,
      "times": [
        52.73150672376,
        41.682559397759995,
        29.583170491759997,
        46.26413302476,
        47.09674759976,
        46.57257117976,
        54.25781926076,
        30.063226396759998,
        54.93397233276,
        53.21394005776
      ],
      "exit_codes": [
        0,
        0,
        0,
        0,
        0,
        0,
        0,
        0,
        0,
        0
      ]
    },
    {
      "command": "with_hash_join",
      "mean": 61.57412394516,
      "stddev": 15.932130354557026,
      "median": 64.19757330176,
      "user": 0.03133709999999999,
      "system": 0.01639202,
      "min": 37.68727520076,
      "max": 89.91955821575999,
      "times": [
        89.91955821575999,
        44.82816503376,
        50.64545386276,
        73.97169432876,
        37.68727520076,
        65.62463997676,
        65.51712648675999,
        62.87802011676,
        49.64457456676,
        75.02473166276
      ],
      "exit_codes": [
        0,
        0,
        0,
        0,
        0,
        0,
        0,
        0,
        0,
        0
      ]
    }
  ]
}
