{
  "results": [
    {
      "command": "normal_run",
      "mean": 0.13137679536000005,
      "stddev": 0.005469454493236825,
      "median": 0.12966698976000002,
      "user": 0.0050027000000000005,
      "system": 0.00036704399999999877,
      "min": 0.12563576676000002,
      "max": 0.14247527276000002,
      "times": [
        0.13004836376,
        0.13613290476,
        0.13693586576000003,
        0.14247527276000002,
        0.12674226876000003,
        0.12928561576000003,
        0.12903109076000002,
        0.12623492076,
        0.13124588376000001,
        0.12563576676000002
      ],
      "exit_codes": [
        0,
        0,
        0,
        0,
        0,
        0,
        0,
        0,
        0,
        0
      ]
    },
    {
      "command": "with_nested_loop_join",
      "mean": 0.13355462406000002,
      "stddev": 0.010301468124843149,
      "median": 0.13252203526,
      "user": 0.0049115,
      "system": 0.00039645999999999855,
      "min": 0.12106163476000001,
      "max": 0.15113759076000002,
      "times": [
        0.13690477276000002,
        0.14648810576000001,
        0.12397331776,
        0.15113759076000002,
        0.14113946676000003,
        0.13385179376,
        0.12309643276000001,
        0.13119227676,
        0.12670084876,
        0.12106163476000001
      ],
      "exit_codes": [
        0,
        0,
        0,
        0,
        0,
        0,
        0,
        0,
        0,
        0
      ]
    },
    {
      "command": "with_hash_join",
      "mean": 53.35578799236,
      "stddev": 13.398553394905303,
      "median": 60.559486381759996,
      "user": 0.028052299999999995,
      "system": 0.01215336,
      "min": 28.80980204176,
      "max": 64.15834036876001,
      "times": [
        64.15834036876001,
        48.968916441759994,
        43.972945210759995,
        63.629138235759996,
        28.80980204176,
        63.809868724759994,
        63.81151743476,
        63.902189801759995,
        35.00532713576,
        57.489834527759996
      ],
      "exit_codes": [
        0,
        0,
        0,
        0,
        0,
        0,
        0,
        0,
        0,
        0
      ]
    }
  ]
}
