{
  "results": [
    {
      "command": "normal_run",
      "mean": 247.98137661398,
      "stddev": 12.723685503134643,
      "median": 255.16833270837998,
      "user": 0.039720719999999994,
      "system": 0.018672059999999997,
      "min": 227.30967919838,
      "max": 258.01802932538004,
      "times": [
        257.16603196038,
        228.22253674837998,
        255.47167093637998,
        252.13910933437998,
        227.30967919838,
        255.40412416638,
        257.10364308938,
        234.04640013038,
        258.01802932538004,
        254.93254125037998
      ],
      "exit_codes": [
        0,
        0,
        0,
        0,
        0,
        0,
        0,
        0,
        0,
        0
      ]
    },
    {
      "command": "with_nested_loop_join",
      "mean": 105.98207412837999,
      "stddev": 8.112443322871387,
      "median": 108.87595772788,
      "user": 0.005050420000000002,
      "system": 0.0005292600000000016,
      "min": 92.83947618438,
      "max": 117.69743024038,
      "times": [
        96.83405602438,
        92.83947618438,
        113.66192802038,
        109.33893421138,
        100.65677649638,
        98.99530817138,
        110.00458263038,
        111.37926806038,
        117.69743024038,
        108.41298124438
      ],
      "exit_codes": [
        0,
        0,
        0,
        0,
        0,
        0,
        0,
        0,
        0,
        0
      ]
    },
    {
      "command": "with_hash_join",
      "mean": 14.40937095648,
      "stddev": 1.1742516761169621,
      "median": 14.33226872138,
      "user": 0.006167620000000001,
      "system": 0.0013705040000000016,
      "min": 13.13651225838,
      "max": 15.66358099638,
      "times": [
        13.442683775379999,
        13.40713829638,
        13.298764993379999,
        13.13651225838,
        13.23458519438,
        15.22185366738,
        15.59725366638,
        15.61823638838,
        15.47310032838,
        15.66358099638
      ],
      "exit_codes": [
        0,
        0,
        0,
        0,
        0,
        0,
        0,
        0,
        0,
        0
      ]
    }
  ]
}
