{
  "results": [
    {
      "command": "normal_run",
      "mean": 53.115890539279995,
      "stddev": 12.029266731517192,
      "median": 57.724398553179995,
      "user": 0.031497460000000005,
      "system": 0.014333959999999998,
      "min": 34.57788414218,
      "max": 64.35358913518,
      "times": [
        53.18226073218,
        62.26653637418,
        64.08463260218001,
        64.35358913518,
        62.58720644818,
        63.111243201179995,
        34.57788414218,
        44.36420287418,
        47.78246054818,
        34.84888933518
      ],
      "exit_codes": [
        0,
        0,
        0,
        0,
        0,
        0,
        0,
        0,
        0,
        0
      ]
    },
    {
      "command": "with_nested_loop_join",
      "mean": 15.00445254888,
      "stddev": 0.4635818119995011,
      "median": 14.82259036818,
      "user": 0.004867659999999999,
      "system": 0.00023717399999999956,
      "min": 14.331474146180001,
      "max": 15.76932601218,
      "times": [
        14.741350416180001,
        15.76932601218,
        15.67434639718,
        14.87726425318,
        15.26851408818,
        14.65104789818,
        14.746620616180001,
        15.216665178180001,
        14.76791648318,
        14.331474146180001
      ],
      "exit_codes": [
        0,
        0,
        0,
        0,
        0,
        0,
        0,
        0,
        0,
        0
      ]
    },
    {
      "command": "with_hash_join",
      "mean": 13.33828995348,
      "stddev": 0.06773292524174276,
      "median": 13.335170210680001,
      "user": 0.004840859999999999,
      "system": 0.0002472879999999996,
      "min": 13.247512528180001,
      "max": 13.43240787018,
      "times": [
        13.247512528180001,
        13.40076028218,
        13.275284156180001,
        13.43240787018,
        13.39102330118,
        13.307440901180001,
        13.362899520180001,
        13.40674404218,
        13.292863418180001,
        13.265963515180001
      ],
      "exit_codes": [
        0,
        0,
        0,
        0,
        0,
        0,
        0,
        0,
        0,
        0
      ]
    }
  ]
}
