{
  "results": [
    {
      "command": "normal_run",
      "mean": 40.346321782260006,
      "stddev": 3.082284491504878,
      "median": 40.373984300260005,
      "user": 0.008462599999999999,
      "system": 0.0045280599999999996,
      "min": 35.48480188676,
      "max": 43.89571669976,
      "times": [
        35.48480188676,
        41.63881929176,
        41.91868694176,
        43.89571669976,
        43.62307180276,
        43.878396752760004,
        36.47141107776,
        39.10914930876,
        38.93501314676,
        38.50815091376
      ],
      "exit_codes": [
        0,
        0,
        0,
        0,
        0,
        0,
        0,
        0,
        0,
        0
      ]
    },
    {
      "command": "with_nested_loop_join",
      "mean": 228.11406384126,
      "stddev": 11.322556437850116,
      "median": 232.78477533926,
      "user": 0.010718299999999998,
      "system": 0.00708936,
      "min": 200.35288567875998,
      "max": 240.23854543975997,
      "times": [
        200.35288567875998,
        234.68792630375998,
        240.23854543975997,
        231.74450827176,
        234.48572830275998,
        234.03448254275997,
        233.82504240676,
        227.46190478175998,
        222.20563984275998,
        222.10397484176
      ],
      "exit_codes": [
        0,
        0,
        0,
        0,
        0,
        0,
        0,
        0,
        0,
        0
      ]
    },
    {
      "command": "with_hash_join",
      "mean": 122.12820107515999,
      "stddev": 45.90659346556941,
      "median": 150.49990427525998,
      "user": 0.03160299999999999,
      "system": 0.017373859999999998,
      "min": 45.26866517176,
      "max": 159.33472689575999,
      "times": [
        46.49635762676,
        45.26866517176,
        89.64776021976,
        159.33472689575999,
        158.31556992676,
        150.50616482875998,
        115.03327479576001,
        150.59588586476,
        155.58996169975998,
        150.49364372175998
      ],
      "exit_codes": [
        0,
        0,
        0,
        0,
        0,
        0,
        0,
        0,
        0,
        0
      ]
    }
  ]
}
