{
  "results": [
    {
      "command": "normal_run",
      "mean": 346.8178868953,
      "stddev": 25.05215311732994,
      "median": 346.4688433025,
      "user": 0.037644979999999995,
      "system": 0.01758208,
      "min": 304.4955469185,
      "max": 398.2672316265,
      "times": [
        398.2672316265,
        362.28651670749997,
        304.4955469185,
        334.71006863549997,
        342.33997463149996,
        348.2483048895,
        350.4180944395,
        322.3188429525,
        344.68938171549996,
        360.40490643649997
      ],
      "exit_codes": [
        0,
        0,
        0,
        0,
        0,
        0,
        0,
        0,
        0,
        0
      ]
    },
    {
      "command": "with_nested_loop_join",
      "mean": 220.5754925936,
      "stddev": 149.0814165909108,
      "median": 154.1927315845,
      "user": 0.012065979999999997,
      "system": 0.0038272240000000006,
      "min": 147.61032933250002,
      "max": 579.8645379055,
      "times": [
        579.8645379055,
        404.77516029149996,
        151.62420673550002,
        148.5251097085,
        147.61032933250002,
        157.98720842150001,
        154.54487945850002,
        151.4406811275,
        155.54222924450002,
        153.8405837105
      ],
      "exit_codes": [
        0,
        0,
        0,
        0,
        0,
        0,
        0,
        0,
        0,
        0
      ]
    },
    {
      "command": "with_hash_join",
      "mean": 42.9213032887,
      "stddev": 4.048031133226282,
      "median": 44.539335305499996,
      "user": 0.006164379999999999,
      "system": 0.002226979999999999,
      "min": 34.2227540515,
      "max": 46.710122837499995,
      "times": [
        34.2227540515,
        36.7044398495,
        46.710122837499995,
        44.1108539345,
        44.7746280385,
        44.499442822499994,
        43.769655952499996,
        44.964041193499995,
        44.5792277885,
        44.8778664185
      ],
      "exit_codes": [
        0,
        0,
        0,
        0,
        0,
        0,
        0,
        0,
        0,
        0
      ]
    }
  ]
}
