{
  "results": [
    {
      "command": "normal_run",
      "mean": 25.848281613980003,
      "stddev": 5.458526026157244,
      "median": 29.27186730868,
      "user": 0.009690339999999997,
      "system": 0.00559812,
      "min": 19.393382404180002,
      "max": 30.96099506318,
      "times": [
        30.93364522218,
        30.96099506318,
        30.042853719180002,
        29.82219941018,
        29.65277781018,
        28.89095680718,
        19.402290382180002,
        19.793434167180003,
        19.59028115418,
        19.393382404180002
      ],
      "exit_codes": [
        0,
        0,
        0,
        0,
        0,
        0,
        0,
        0,
        0,
        0
      ]
    },
    {
      "command": "with_nested_loop_join",
      "mean": 21.177161934480004,
      "stddev": 1.1143539599047032,
      "median": 20.935893772180002,
      "user": 0.007955439999999998,
      "system": 0.00394432,
      "min": 20.07982439418,
      "max": 24.027172777180002,
      "times": [
        24.027172777180002,
        21.576652064180003,
        20.607667359180002,
        21.29537027418,
        20.72005182818,
        20.19302933518,
        20.99869943318,
        20.87308811118,
        21.40006376818,
        20.07982439418
      ],
      "exit_codes": [
        0,
        0,
        0,
        0,
        0,
        0,
        0,
        0,
        0,
        0
      ]
    },
    {
      "command": "with_hash_join",
      "mean": 25.145045449780003,
      "stddev": 0.4015318598859053,
      "median": 25.25282596068,
      "user": 0.00783304,
      "system": 0.00391062,
      "min": 24.43611595918,
      "max": 25.58240939218,
      "times": [
        25.16387028718,
        25.58240939218,
        24.51295939718,
        25.39776172318,
        25.341781634180002,
        25.04455130018,
        25.56444125318,
        24.43611595918,
        25.379278399180002,
        25.027285152180003
      ],
      "exit_codes": [
        0,
        0,
        0,
        0,
        0,
        0,
        0,
        0,
        0,
        0
      ]
    }
  ]
}
