{
  "results": [
    {
      "command": "normal_run",
      "mean": 13.28088260586,
      "stddev": 0.7027462673670141,
      "median": 13.093998345060001,
      "user": 0.008367299999999998,
      "system": 0.0044383800000000004,
      "min": 12.89414096556,
      "max": 15.26141274756,
      "times": [
        12.98959153656,
        13.08522683356,
        13.25431106956,
        13.10276985656,
        13.12243241956,
        12.99769350256,
        12.99724164256,
        12.89414096556,
        13.10400548456,
        15.26141274756
      ],
      "exit_codes": [
        0,
        0,
        0,
        0,
        0,
        0,
        0,
        0,
        0,
        0
      ]
    },
    {
      "command": "with_nested_loop_join",
      "mean": 159.77100462976003,
      "stddev": 42.14635025381979,
      "median": 172.57780472456,
      "user": 0.0092899,
      "system": 0.006309779999999999,
      "min": 39.874059215559996,
      "max": 176.24351148156,
      "times": [
        176.24351148156,
        171.98405931756,
        174.06718953656,
        172.70494414656,
        172.72608297156,
        172.08687722855998,
        172.39885223456,
        39.874059215559996,
        172.45066530256,
        173.17380486256
      ],
      "exit_codes": [
        0,
        0,
        0,
        0,
        0,
        0,
        0,
        0,
        0,
        0
      ]
    },
    {
      "command": "with_hash_join",
      "mean": 18.055719673860004,
      "stddev": 0.5832705326287637,
      "median": 18.134256630560003,
      "user": 0.0098105,
      "system": 0.0065886799999999995,
      "min": 17.02597445756,
      "max": 18.781269474560002,
      "times": [
        18.000424465560002,
        17.92267598056,
        17.41033755456,
        17.02597445756,
        17.57296400656,
        18.49435612556,
        18.781269474560002,
        18.76087592356,
        18.320229954560002,
        18.26808879556
      ],
      "exit_codes": [
        0,
        0,
        0,
        0,
        0,
        0,
        0,
        0,
        0,
        0
      ]
    }
  ]
}
