{
  "results": [
    {
      "command": "normal_run",
      "mean": 14.906924047380002,
      "stddev": 9.209645064120547,
      "median": 14.77937486928,
      "user": 0.0095386,
      "system": 0.006086739999999999,
      "min": 5.98526416478,
      "max": 24.57013778278,
      "times": [
        23.01539221378,
        24.51283488978,
        6.74477660878,
        6.05686253678,
        6.05476981978,
        24.57013778278,
        5.98526416478,
        23.21369310078,
        6.1015362267799995,
        22.81397312978
      ],
      "exit_codes": [
        0,
        0,
        0,
        0,
        0,
        0,
        0,
        0,
        0,
        0
      ]
    },
    {
      "command": "with_nested_loop_join",
      "mean": 119.44047271338002,
      "stddev": 106.9590532809481,
      "median": 89.37670175578,
      "user": 0.0148155,
      "system": 0.007694740000000001,
      "min": 22.25594366478,
      "max": 378.07903884978,
      "times": [
        378.07903884978,
        229.79239012978,
        86.86942656278,
        82.37450556378,
        91.88397694878,
        97.66218676078,
        95.73345492078,
        24.22955098378,
        22.25594366478,
        85.52425274878
      ],
      "exit_codes": [
        0,
        0,
        0,
        0,
        0,
        0,
        0,
        0,
        0,
        0
      ]
    },
    {
      "command": "with_hash_join",
      "mean": 18.20525421878,
      "stddev": 0.2858753370170014,
      "median": 18.16119394278,
      "user": 0.007847299999999998,
      "system": 0.0034307400000000003,
      "min": 17.74543762178,
      "max": 18.76561958278,
      "times": [
        18.76561958278,
        18.21883004878,
        17.94459955878,
        18.10021180778,
        18.12861060678,
        18.18052678478,
        18.54332671978,
        17.74543762178,
        18.28351835578,
        18.141861100779998
      ],
      "exit_codes": [
        0,
        0,
        0,
        0,
        0,
        0,
        0,
        0,
        0,
        0
      ]
    }
  ]
}
