{
  "results": [
    {
      "command": "normal_run",
      "mean": 7.28145038962,
      "stddev": 0.1307029875047583,
      "median": 7.23702295842,
      "user": 0.03875137999999999,
      "system": 0.01788046,
      "min": 7.186938104419999,
      "max": 7.61296461542,
      "times": [
        7.19028708842,
        7.23472644442,
        7.352852020419999,
        7.186938104419999,
        7.29541607742,
        7.18992766442,
        7.23931947242,
        7.1940487394199994,
        7.61296461542,
        7.31802366942
      ],
      "exit_codes": [
        0,
        0,
        0,
        0,
        0,
        0,
        0,
        0,
        0,
        0
      ]
    },
    {
      "command": "with_nested_loop_join",
      "mean": 5.28122379072,
      "stddev": 2.467836654512922,
      "median": 6.02802170392,
      "user": 0.027247680000000003,
      "system": 0.01279266,
      "min": 1.60710452242,
      "max": 7.99151264342,
      "times": [
        3.0990975614200003,
        4.52524211042,
        7.25464127342,
        7.99151264342,
        7.19004465942,
        7.19233488042,
        7.38756960642,
        4.86599874842,
        1.60710452242,
        1.69869190142
      ],
      "exit_codes": [
        0,
        0,
        0,
        0,
        0,
        0,
        0,
        0,
        0,
        0
      ]
    },
    {
      "command": "with_hash_join",
      "mean": 24.24151138142,
      "stddev": 0.3451024264421387,
      "median": 24.22713116242,
      "user": 0.0050332799999999985,
      "system": 0.00020668399999999943,
      "min": 23.80465697342,
      "max": 25.04292228742,
      "times": [
        25.04292228742,
        24.50620244042,
        24.25810794242,
        23.80465697342,
        24.21705099042,
        24.23721133442,
        24.159199759419998,
        23.98072402742,
        24.27108326442,
        23.93795479442
      ],
      "exit_codes": [
        0,
        0,
        0,
        0,
        0,
        0,
        0,
        0,
        0,
        0
      ]
    }
  ]
}
