{
  "results": [
    {
      "command": "normal_run",
      "mean": 1.86154500004,
      "stddev": 0.20066401511351994,
      "median": 1.8008448375400001,
      "user": 0.008484759999999997,
      "system": 0.00447274,
      "min": 1.5740946075400002,
      "max": 2.15271890554,
      "times": [
        1.8013401635400001,
        1.8003495115400001,
        1.61243324354,
        1.5740946075400002,
        1.76047101554,
        2.0059677105400002,
        2.13268297654,
        1.7886988135400002,
        1.9866930525400002,
        2.15271890554
      ],
      "exit_codes": [
        0,
        0,
        0,
        0,
        0,
        0,
        0,
        0,
        0,
        0
      ]
    },
    {
      "command": "with_nested_loop_join",
      "mean": 2.00472713544,
      "stddev": 0.20363921312678337,
      "median": 1.97663977904,
      "user": 0.008433659999999999,
      "system": 0.0044414400000000005,
      "min": 1.7251509685400002,
      "max": 2.43540709954,
      "times": [
        2.43540709954,
        2.09420732254,
        1.93909958854,
        2.11765749754,
        1.84553244654,
        2.14600850354,
        1.7251509685400002,
        1.87105922054,
        2.0141799695400002,
        1.8589687375400001
      ],
      "exit_codes": [
        0,
        0,
        0,
        0,
        0,
        0,
        0,
        0,
        0,
        0
      ]
    },
    {
      "command": "with_hash_join",
      "mean": 11.244823118040001,
      "stddev": 2.8315474901494504,
      "median": 10.21399542854,
      "user": 0.00860746,
      "system": 0.00493674,
      "min": 8.978268591540001,
      "max": 17.08012212454,
      "times": [
        12.20531201354,
        11.056710025540001,
        11.53203646454,
        17.08012212454,
        9.07738636454,
        8.978268591540001,
        9.052163373540001,
        9.07877665654,
        15.01617473454,
        9.37128083154
      ],
      "exit_codes": [
        0,
        0,
        0,
        0,
        0,
        0,
        0,
        0,
        0,
        0
      ]
    }
  ]
}
