{
  "results": [
    {
      "command": "normal_run",
      "mean": 80.34768629676,
      "stddev": 3.406826328000972,
      "median": 80.82314876166,
      "user": 0.008447360000000001,
      "system": 0.00457922,
      "min": 74.50514268815999,
      "max": 84.38306279516,
      "times": [
        83.57857229816,
        80.10860904916,
        77.99845726816,
        76.76543452316,
        78.10455093016,
        81.53768847415999,
        74.50514268815999,
        82.26690154815999,
        84.22844339315999,
        84.38306279516
      ],
      "exit_codes": [
        0,
        0,
        0,
        0,
        0,
        0,
        0,
        0,
        0,
        0
      ]
    },
    {
      "command": "with_nested_loop_join",
      "mean": 102.42015213676,
      "stddev": 15.581279553261394,
      "median": 110.90131581166,
      "user": 0.00921386,
      "system": 0.00588162,
      "min": 76.20608169616,
      "max": 119.57974226616,
      "times": [
        79.80417955616,
        76.20608169616,
        87.69873273316,
        100.73894633716,
        112.38151173816,
        119.57974226616,
        111.02442614716,
        111.32737546615999,
        110.77820547616,
        114.66231995116
      ],
      "exit_codes": [
        0,
        0,
        0,
        0,
        0,
        0,
        0,
        0,
        0,
        0
      ]
    },
    {
      "command": "with_hash_join",
      "mean": 57.563990566259996,
      "stddev": 1.2598732755127426,
      "median": 57.85483478816,
      "user": 0.012112060000000001,
      "system": 0.01152422,
      "min": 55.381603609159995,
      "max": 59.08661502016,
      "times": [
        55.381603609159995,
        58.69085788516,
        58.487741708159994,
        59.08661502016,
        56.81138860016,
        57.268271488159996,
        56.93542884716,
        58.51078219716,
        56.025818219159994,
        58.44139808816
      ],
      "exit_codes": [
        0,
        0,
        0,
        0,
        0,
        0,
        0,
        0,
        0,
        0
      ]
    }
  ]
}
