{
  "results": [
    {
      "command": "normal_run",
      "mean": 103.44990665659998,
      "stddev": 24.691580296799348,
      "median": 118.5238022433,
      "user": 0.007498699999999997,
      "system": 0.00357272,
      "min": 69.80414870279999,
      "max": 125.98731399079999,
      "times": [
        123.3008972098,
        122.83860001679999,
        125.98731399079999,
        123.0548436478,
        121.7270156388,
        115.3205888478,
        88.86173545679999,
        72.74886716079999,
        70.8550558938,
        69.80414870279999
      ],
      "exit_codes": [
        0,
        0,
        0,
        0,
        0,
        0,
        0,
        0,
        0,
        0
      ]
    },
    {
      "command": "with_nested_loop_join",
      "mean": 61.446770068599996,
      "stddev": 7.040151407792076,
      "median": 61.4485538943,
      "user": 0.007794899999999999,
      "system": 0.0030220199999999994,
      "min": 52.1988672818,
      "max": 71.07940605879999,
      "times": [
        71.07940605879999,
        66.4622979588,
        69.07943003579999,
        67.5618127268,
        61.7474329218,
        61.1496748668,
        59.0480638018,
        53.6595984198,
        52.1988672818,
        52.4811166138
      ],
      "exit_codes": [
        0,
        0,
        0,
        0,
        0,
        0,
        0,
        0,
        0,
        0
      ]
    },
    {
      "command": "with_hash_join",
      "mean": 44.35628835560001,
      "stddev": 1.7360646616246838,
      "median": 44.2224317738,
      "user": 0.007453699999999999,
      "system": 0.00280012,
      "min": 42.3271953958,
      "max": 47.477552524800004,
      "times": [
        44.697142695800004,
        42.4978183368,
        46.9697869268,
        44.5737036628,
        42.3271953958,
        44.664891207800004,
        47.477552524800004,
        43.8711598848,
        43.2827986318,
        43.2008342888
      ],
      "exit_codes": [
        0,
        0,
        0,
        0,
        0,
        0,
        0,
        0,
        0,
        0
      ]
    }
  ]
}
