{
  "results": [
    {
      "command": "normal_run",
      "mean": 2.2140899284,
      "stddev": 0.15735523080774752,
      "median": 2.2241079359,
      "user": 0.00988042,
      "system": 0.00707682,
      "min": 1.9579014114,
      "max": 2.5522617244,
      "times": [
        2.5522617244,
        2.2791479794000002,
        2.1586606824000003,
        2.2864944154,
        2.2586060724,
        2.2183712774,
        2.0686938424,
        2.2298445944000003,
        1.9579014114,
        2.1309172844
      ],
      "exit_codes": [
        0,
        0,
        0,
        0,
        0,
        0,
        0,
        0,
        0,
        0
      ]
    },
    {
      "command": "with_nested_loop_join",
      "mean": 2.1584700638,
      "stddev": 0.12288433461722244,
      "median": 2.1977741809,
      "user": 0.010472219999999999,
      "system": 0.006963319999999999,
      "min": 1.9468822544,
      "max": 2.2911951234,
      "times": [
        2.1745235624,
        1.9753015814,
        2.1408954904,
        2.0738824584,
        2.2911951234,
        2.2281621154,
        2.2756999604000003,
        2.2210247994000003,
        1.9468822544,
        2.2571332924000003
      ],
      "exit_codes": [
        0,
        0,
        0,
        0,
        0,
        0,
        0,
        0,
        0,
        0
      ]
    },
    {
      "command": "with_hash_join",
      "mean": 62.31755741229999,
      "stddev": 1.4288241950285967,
      "median": 62.577104050399996,
      "user": 0.01057062,
      "system": 0.007655919999999999,
      "min": 60.0068398634,
      "max": 64.3798145074,
      "times": [
        63.235407493400004,
        60.0068398634,
        63.8224360894,
        61.1906515574,
        62.3961870204,
        63.0872320044,
        61.8140069744,
        60.4849775324,
        62.7580210804,
        64.3798145074
      ],
      "exit_codes": [
        0,
        0,
        0,
        0,
        0,
        0,
        0,
        0,
        0,
        0
      ]
    }
  ]
}
