{
  "results": [
    {
      "command": "normal_run",
      "mean": 3.3887136435399996,
      "stddev": 0.22063146366537806,
      "median": 3.39339171344,
      "user": 0.010957119999999997,
      "system": 0.00679196,
      "min": 2.93272377394,
      "max": 3.68706464294,
      "times": [
        3.68706464294,
        3.55359418694,
        3.33387761794,
        3.63735720094,
        3.29596973594,
        2.93272377394,
        3.27249096194,
        3.2572933909399997,
        3.4529058089399998,
        3.46385911494
      ],
      "exit_codes": [
        0,
        0,
        0,
        0,
        0,
        0,
        0,
        0,
        0,
        0
      ]
    },
    {
      "command": "with_nested_loop_join",
      "mean": 3.30611264164,
      "stddev": 0.13072090968399366,
      "median": 3.2987697234399995,
      "user": 0.010530119999999999,
      "system": 0.005935359999999999,
      "min": 3.1086998329399997,
      "max": 3.5383923239399997,
      "times": [
        3.5383923239399997,
        3.19202434294,
        3.3701669439399997,
        3.21550786594,
        3.4368637129399997,
        3.2706399829399997,
        3.32689946394,
        3.1086998329399997,
        3.2095920199399997,
        3.3923399269399996
      ],
      "exit_codes": [
        0,
        0,
        0,
        0,
        0,
        0,
        0,
        0,
        0,
        0
      ]
    },
    {
      "command": "with_hash_join",
      "mean": 62.504977668639995,
      "stddev": 1.4740729204661318,
      "median": 62.53611934744001,
      "user": 0.00995422,
      "system": 0.00696266,
      "min": 60.06420726694,
      "max": 65.20803125194,
      "times": [
        61.53279345494,
        61.58575838094,
        65.20803125194,
        63.069236712940004,
        61.33091050494,
        60.06420726694,
        63.57716088594,
        62.00300198194,
        63.26397052194,
        63.41470572394
      ],
      "exit_codes": [
        0,
        0,
        0,
        0,
        0,
        0,
        0,
        0,
        0,
        0
      ]
    }
  ]
}
