{
  "results": [
    {
      "command": "normal_run",
      "mean": 0.8440738062400002,
      "stddev": 1.6110334318788342,
      "median": 0.08506577254,
      "user": 0.011347639999999999,
      "system": 0.00789766,
      "min": 0.06429824054,
      "max": 3.9705900575400004,
      "times": [
        0.08446157854,
        0.07963185554,
        3.9705900575400004,
        0.08729668854,
        0.07288051254,
        0.06429824054,
        0.07378928654,
        3.82962102454,
        0.09249885154,
        0.08566996654
      ],
      "exit_codes": [
        0,
        0,
        0,
        0,
        0,
        0,
        0,
        0,
        0,
        0
      ]
    },
    {
      "command": "with_nested_loop_join",
      "mean": 0.45793677503999997,
      "stddev": 1.208557165559702,
      "median": 0.07481316103999999,
      "user": 0.010616040000000002,
      "system": 0.006418760000000001,
      "min": 0.06798718554,
      "max": 3.89749951954,
      "times": [
        0.07161368754,
        0.06798718554,
        0.07174992954,
        3.89749951954,
        0.08728047354,
        0.07387877554,
        0.06891056754,
        0.07574754654,
        0.08609161954,
        0.07860844554
      ],
      "exit_codes": [
        0,
        0,
        0,
        0,
        0,
        0,
        0,
        0,
        0,
        0
      ]
    },
    {
      "command": "with_hash_join",
      "mean": 5.7718098079399995,
      "stddev": 0.2093520297213914,
      "median": 5.8196170690399995,
      "user": 0.010695940000000001,
      "system": 0.006395059999999999,
      "min": 5.37748975354,
      "max": 5.97303766954,
      "times": [
        5.82989799554,
        5.9288482905399995,
        5.97303766954,
        5.94529019254,
        5.809336142539999,
        5.92088853054,
        5.37748975354,
        5.72700835954,
        5.43313441054,
        5.773166734539999
      ],
      "exit_codes": [
        0,
        0,
        0,
        0,
        0,
        0,
        0,
        0,
        0,
        0
      ]
    }
  ]
}
