{
  "results": [
    {
      "command": "normal_run",
      "mean": 0.02332969118,
      "stddev": 0.004095045349127602,
      "median": 0.022113886580000002,
      "user": 0.010371120000000001,
      "system": 0.006049039999999999,
      "min": 0.01712989758,
      "max": 0.03112973558,
      "times": [
        0.01712989758,
        0.03112973558,
        0.027197267580000004,
        0.023343527580000002,
        0.022270030580000003,
        0.02033329658,
        0.027363596580000003,
        0.021483524580000003,
        0.02195774258,
        0.02108829258
      ],
      "exit_codes": [
        0,
        0,
        0,
        0,
        0,
        0,
        0,
        0,
        0,
        0
      ]
    },
    {
      "command": "with_nested_loop_join",
      "mean": 0.026818891480000003,
      "stddev": 0.004522316915491622,
      "median": 0.02686510258,
      "user": 0.01102562,
      "system": 0.007428039999999999,
      "min": 0.01944918358,
      "max": 0.03605822458,
      "times": [
        0.03605822458,
        0.027906543580000002,
        0.026353180580000003,
        0.029722484580000003,
        0.01944918358,
        0.02830784658,
        0.027377024580000003,
        0.025894589580000002,
        0.025788024580000003,
        0.02133181258
      ],
      "exit_codes": [
        0,
        0,
        0,
        0,
        0,
        0,
        0,
        0,
        0,
        0
      ]
    },
    {
      "command": "with_hash_join",
      "mean": 4.08359162718,
      "stddev": 0.08672298391402221,
      "median": 4.075166215079999,
      "user": 0.010237119999999999,
      "system": 0.00696484,
      "min": 3.9238176475800004,
      "max": 4.24449701758,
      "times": [
        4.132354825579999,
        4.07287601058,
        4.24449701758,
        4.07476703458,
        4.08656016258,
        3.9238176475800004,
        4.05240234258,
        4.00705300858,
        4.07556539558,
        4.16602282658
      ],
      "exit_codes": [
        0,
        0,
        0,
        0,
        0,
        0,
        0,
        0,
        0,
        0
      ]
    }
  ]
}
