{
  "results": [
    {
      "command": "normal_run",
      "mean": 2.6247729486799996,
      "stddev": 0.8874543719137261,
      "median": 2.8830574482799998,
      "user": 0.011730659999999995,
      "system": 0.007627560000000001,
      "min": 0.10921072828,
      "max": 3.06169614028,
      "times": [
        2.83761668928,
        2.89335261128,
        2.84213820428,
        0.10921072828,
        2.89433070128,
        2.87276228528,
        2.79083081228,
        2.98743706328,
        2.95835425128,
        3.06169614028
      ],
      "exit_codes": [
        0,
        0,
        0,
        0,
        0,
        0,
        0,
        0,
        0,
        0
      ]
    },
    {
      "command": "with_nested_loop_join",
      "mean": 2.1154867789800003,
      "stddev": 1.398372924022878,
      "median": 2.9288347307800002,
      "user": 0.010808259999999998,
      "system": 0.007253359999999999,
      "min": 0.07721413928,
      "max": 3.06104305428,
      "times": [
        2.89588915728,
        2.96178030428,
        0.07721413928,
        0.09730253528,
        3.04465089828,
        3.03860657028,
        2.88436203528,
        0.09803003628000001,
        2.99598905928,
        3.06104305428
      ],
      "exit_codes": [
        0,
        0,
        0,
        0,
        0,
        0,
        0,
        0,
        0,
        0
      ]
    },
    {
      "command": "with_hash_join",
      "mean": 7.901988872179999,
      "stddev": 5.270507026958922,
      "median": 6.187755964780001,
      "user": 0.019160459999999997,
      "system": 0.011262959999999999,
      "min": 3.4286226862799998,
      "max": 17.33077482628,
      "times": [
        3.4347616202799998,
        3.45942182628,
        3.57494391528,
        8.04956262728,
        9.516923503280001,
        4.325949302280001,
        10.09433859228,
        17.33077482628,
        15.80458982228,
        3.4286226862799998
      ],
      "exit_codes": [
        0,
        0,
        0,
        0,
        0,
        0,
        0,
        0,
        0,
        0
      ]
    }
  ]
}
