{
  "results": [
    {
      "command": "normal_run",
      "mean": 18.92695431644,
      "stddev": 7.92524278294933,
      "median": 23.50044251924,
      "user": 0.03325632,
      "system": 0.015933099999999995,
      "min": 5.1802792687400006,
      "max": 24.23246530574,
      "times": [
        5.1802792687400006,
        23.85417656574,
        23.25838786274,
        11.52525863774,
        6.35143552874,
        23.91654407074,
        23.18087461574,
        24.02762413274,
        24.23246530574,
        23.74249717574
      ],
      "exit_codes": [
        0,
        0,
        0,
        0,
        0,
        0,
        0,
        0,
        0,
        0
      ]
    },
    {
      "command": "with_nested_loop_join",
      "mean": 23.37906157694,
      "stddev": 0.20428335900484088,
      "median": 23.40917644724,
      "user": 0.038205420000000004,
      "system": 0.0185987,
      "min": 23.07649579274,
      "max": 23.65226535474,
      "times": [
        23.39361112074,
        23.25286735774,
        23.62044785974,
        23.15123949874,
        23.07649579274,
        23.591678109740002,
        23.42474177374,
        23.43033505874,
        23.196933842740002,
        23.65226535474
      ],
      "exit_codes": [
        0,
        0,
        0,
        0,
        0,
        0,
        0,
        0,
        0,
        0
      ]
    },
    {
      "command": "with_hash_join",
      "mean": 7.45857198714,
      "stddev": 0.5766012111144113,
      "median": 7.479150260240001,
      "user": 0.038139820000000005,
      "system": 0.017261599999999995,
      "min": 6.84444548074,
      "max": 8.10110174074,
      "times": [
        6.85907403574,
        6.84444548074,
        8.00493992874,
        7.93631212074,
        8.10110174074,
        7.9241996847400005,
        8.04114461674,
        6.922477472740001,
        6.91792395474,
        7.03410083574
      ],
      "exit_codes": [
        0,
        0,
        0,
        0,
        0,
        0,
        0,
        0,
        0,
        0
      ]
    }
  ]
}
