{
  "results": [
    {
      "command": "normal_run",
      "mean": 16.75406733786,
      "stddev": 0.15808327248856752,
      "median": 16.71503366936,
      "user": 0.04007763999999999,
      "system": 0.018040099999999996,
      "min": 16.53664698036,
      "max": 17.03150014936,
      "times": [
        16.68953306736,
        16.88722367636,
        16.53664698036,
        16.71138574136,
        16.71868159736,
        16.85425437536,
        16.55156085036,
        16.88791960736,
        16.67196733336,
        17.03150014936
      ],
      "exit_codes": [
        0,
        0,
        0,
        0,
        0,
        0,
        0,
        0,
        0,
        0
      ]
    },
    {
      "command": "with_nested_loop_join",
      "mean": 16.674939896359998,
      "stddev": 0.1326765942654827,
      "median": 16.67653814186,
      "user": 0.03792724,
      "system": 0.016987999999999996,
      "min": 16.42767636036,
      "max": 16.93559184636,
      "times": [
        16.93559184636,
        16.77315889936,
        16.60064036536,
        16.58196948336,
        16.738735472360002,
        16.64384255136,
        16.66928118336,
        16.68379510036,
        16.42767636036,
        16.69470770136
      ],
      "exit_codes": [
        0,
        0,
        0,
        0,
        0,
        0,
        0,
        0,
        0,
        0
      ]
    },
    {
      "command": "with_hash_join",
      "mean": 100.41989441685999,
      "stddev": 16.22852083463465,
      "median": 97.91317329385998,
      "user": 0.03473754,
      "system": 0.0161433,
      "min": 79.47160973836,
      "max": 121.91504288936,
      "times": [
        121.91504288936,
        87.42246835136,
        118.20174944336,
        85.41406085336,
        116.28467548636,
        85.20660646936,
        114.45638434936,
        92.15193626135999,
        103.67441032635999,
        79.47160973836
      ],
      "exit_codes": [
        0,
        0,
        0,
        0,
        0,
        0,
        0,
        0,
        0,
        0
      ]
    }
  ]
}
