{
  "results": [
    {
      "command": "normal_run",
      "mean": 0.19445750166,
      "stddev": 0.017970405396324395,
      "median": 0.19033194276,
      "user": 0.03817122,
      "system": 0.01754182,
      "min": 0.17818197976000003,
      "max": 0.24197109076000003,
      "times": [
        0.24197109076000003,
        0.19658861076,
        0.17818197976000003,
        0.18945870176000001,
        0.18923543776,
        0.19120518376,
        0.18232201976,
        0.18248545076,
        0.19949071576000002,
        0.19363582576000002
      ],
      "exit_codes": [
        0,
        0,
        0,
        0,
        0,
        0,
        0,
        0,
        0,
        0
      ]
    },
    {
      "command": "with_nested_loop_join",
      "mean": 0.18896654616,
      "stddev": 0.013530461101256119,
      "median": 0.18433444976000002,
      "user": 0.038560819999999996,
      "system": 0.017740819999999997,
      "min": 0.17656915376,
      "max": 0.21981831776000002,
      "times": [
        0.17833985876000003,
        0.18367654876,
        0.17734645176000002,
        0.19144409176000002,
        0.17656915376,
        0.20202478476000002,
        0.18499235076,
        0.19367139676,
        0.21981831776000002,
        0.18178250676000002
      ],
      "exit_codes": [
        0,
        0,
        0,
        0,
        0,
        0,
        0,
        0,
        0,
        0
      ]
    },
    {
      "command": "with_hash_join",
      "mean": 12.35810900796,
      "stddev": 0.26852756659667865,
      "median": 12.24092494576,
      "user": 0.03828771999999999,
      "system": 0.01772392,
      "min": 12.17110421276,
      "max": 12.93727689776,
      "times": [
        12.28315848276,
        12.20726862776,
        12.93727689776,
        12.28560004976,
        12.231959098759999,
        12.77951470276,
        12.24414138376,
        12.17110421276,
        12.23770850776,
        12.20335811576
      ],
      "exit_codes": [
        0,
        0,
        0,
        0,
        0,
        0,
        0,
        0,
        0,
        0
      ]
    }
  ]
}
