{
  "results": [
    {
      "command": "normal_run",
      "mean": 0.20217638519999998,
      "stddev": 0.02233241725969933,
      "median": 0.197678784,
      "user": 0.038305519999999996,
      "system": 0.017551900000000002,
      "min": 0.168786366,
      "max": 0.245092907,
      "times": [
        0.245092907,
        0.207791374,
        0.23243770100000002,
        0.198247067,
        0.20123543400000002,
        0.19711050100000002,
        0.168786366,
        0.196118334,
        0.181409323,
        0.193534845
      ],
      "exit_codes": [
        0,
        0,
        0,
        0,
        0,
        0,
        0,
        0,
        0,
        0
      ]
    },
    {
      "command": "with_nested_loop_join",
      "mean": 0.18270671940000002,
      "stddev": 0.020302756180628004,
      "median": 0.17369218250000001,
      "user": 0.03790531999999999,
      "system": 0.0168573,
      "min": 0.16126880400000002,
      "max": 0.21323977400000002,
      "times": [
        0.177149465,
        0.16433186800000002,
        0.1702349,
        0.16126880400000002,
        0.166169417,
        0.21323977400000002,
        0.20616408900000002,
        0.19495411,
        0.166940155,
        0.206614612
      ],
      "exit_codes": [
        0,
        0,
        0,
        0,
        0,
        0,
        0,
        0,
        0,
        0
      ]
    },
    {
      "command": "with_hash_join",
      "mean": 8.9633343024,
      "stddev": 4.614306163234956,
      "median": 11.9031659395,
      "user": 0.02519342,
      "system": 0.010912799999999999,
      "min": 2.5088954140000004,
      "max": 13.126366699,
      "times": [
        12.429716596999999,
        11.865894495,
        12.587527684,
        2.620063836,
        2.643265035,
        2.5088954140000004,
        7.949634353,
        13.126366699,
        11.961541527,
        11.940437383999999
      ],
      "exit_codes": [
        0,
        0,
        0,
        0,
        0,
        0,
        0,
        0,
        0,
        0
      ]
    }
  ]
}
