{
  "results": [
    {
      "command": "normal_run",
      "mean": 14.162553451800003,
      "stddev": 0.9872847718862027,
      "median": 13.8167440337,
      "user": 0.008759199999999998,
      "system": 0.00469438,
      "min": 12.7196835992,
      "max": 16.3165967792,
      "times": [
        16.3165967792,
        14.8793447562,
        14.7996747502,
        13.7326732492,
        13.7548773542,
        13.6580861182,
        14.3604687362,
        13.878610713199999,
        13.525518462199999,
        12.7196835992
      ],
      "exit_codes": [
        0,
        0,
        0,
        0,
        0,
        0,
        0,
        0,
        0,
        0
      ]
    },
    {
      "command": "with_nested_loop_join",
      "mean": 10.603340417800002,
      "stddev": 2.898562407005631,
      "median": 12.184930452699998,
      "user": 0.008419,
      "system": 0.0042331800000000004,
      "min": 7.051301678200001,
      "max": 13.6619290892,
      "times": [
        12.091304748199999,
        12.278556157199999,
        13.6597947142,
        13.6619290892,
        7.4424043272,
        7.2765259032000005,
        12.3927801392,
        7.3976416752,
        7.051301678200001,
        12.7811657462
      ],
      "exit_codes": [
        0,
        0,
        0,
        0,
        0,
        0,
        0,
        0,
        0,
        0
      ]
    },
    {
      "command": "with_hash_join",
      "mean": 18.517827996599998,
      "stddev": 0.1387202481759681,
      "median": 18.5242905112,
      "user": 0.008454399999999999,
      "system": 0.00421498,
      "min": 18.2515113392,
      "max": 18.7632106832,
      "times": [
        18.2515113392,
        18.4963650722,
        18.7632106832,
        18.5707023642,
        18.3618818552,
        18.6089762442,
        18.4874111662,
        18.5230107872,
        18.5896402192,
        18.5255702352
      ],
      "exit_codes": [
        0,
        0,
        0,
        0,
        0,
        0,
        0,
        0,
        0,
        0
      ]
    }
  ]
}
