{
  "results": [
    {
      "command": "normal_run",
      "mean": 3.72514372698,
      "stddev": 0.22425399630915235,
      "median": 3.66673588008,
      "user": 0.00819628,
      "system": 0.00408532,
      "min": 3.60487677908,
      "max": 4.35563692308,
      "times": [
        3.69583747908,
        3.61159221108,
        3.63033561808,
        3.66381351308,
        3.62915338008,
        3.69985097008,
        3.60487677908,
        3.69068214908,
        3.66965824708,
        4.35563692308
      ],
      "exit_codes": [
        0,
        0,
        0,
        0,
        0,
        0,
        0,
        0,
        0,
        0
      ]
    },
    {
      "command": "with_nested_loop_join",
      "mean": 4.25635535248,
      "stddev": 0.5506256150113427,
      "median": 4.08566177108,
      "user": 0.00860158,
      "system": 0.00492412,
      "min": 3.73798375908,
      "max": 5.3768841500799995,
      "times": [
        3.82986045508,
        4.13289672008,
        4.5549205620799995,
        5.0082646860799995,
        5.3768841500799995,
        4.042326419079999,
        3.73798375908,
        4.1289971230799996,
        3.89743442308,
        3.85398522708
      ],
      "exit_codes": [
        0,
        0,
        0,
        0,
        0,
        0,
        0,
        0,
        0,
        0
      ]
    },
    {
      "command": "with_hash_join",
      "mean": 14.074128458679999,
      "stddev": 1.2370215134553795,
      "median": 14.13345029308,
      "user": 0.008363679999999998,
      "system": 0.004284120000000001,
      "min": 12.61310911008,
      "max": 15.71513961708,
      "times": [
        14.14865935708,
        14.11824122908,
        12.61310911008,
        15.71513961708,
        14.50386153608,
        13.19632206508,
        12.78579257008,
        15.46744247308,
        15.576167061080001,
        12.61654956808
      ],
      "exit_codes": [
        0,
        0,
        0,
        0,
        0,
        0,
        0,
        0,
        0,
        0
      ]
    }
  ]
}
