{
  "results": [
    {
      "command": "normal_run",
      "mean": 11.158101767160002,
      "stddev": 0.5117920352710769,
      "median": 11.011304323160001,
      "user": 0.00904004,
      "system": 0.0049165400000000005,
      "min": 10.70940696166,
      "max": 12.49099171666,
      "times": [
        10.87809631466,
        10.96166605966,
        12.49099171666,
        11.15913726966,
        10.70940696166,
        10.89785633666,
        10.87788984666,
        11.47326240466,
        11.071768174659999,
        11.06094258666
      ],
      "exit_codes": [
        0,
        0,
        0,
        0,
        0,
        0,
        0,
        0,
        0,
        0
      ]
    },
    {
      "command": "with_nested_loop_join",
      "mean": 11.468812559460002,
      "stddev": 0.7355994721215815,
      "median": 11.49539458616,
      "user": 0.00839674,
      "system": 0.004460840000000001,
      "min": 10.43530742166,
      "max": 12.37163892866,
      "times": [
        11.51409737266,
        12.33398023766,
        12.29251483066,
        10.43530742166,
        10.74788830766,
        10.85096303566,
        12.37163892866,
        11.88884792666,
        11.47669179966,
        10.77619573366
      ],
      "exit_codes": [
        0,
        0,
        0,
        0,
        0,
        0,
        0,
        0,
        0,
        0
      ]
    },
    {
      "command": "with_hash_join",
      "mean": 28.207557303559998,
      "stddev": 1.6165072478296902,
      "median": 27.59406221316,
      "user": 0.008596939999999999,
      "system": 0.00451144,
      "min": 26.96637924566,
      "max": 31.61268867366,
      "times": [
        27.55683251666,
        26.96637924566,
        27.35551431366,
        27.82927022366,
        31.61268867366,
        27.82806041366,
        27.27972267266,
        27.209045389659998,
        27.63129190966,
        30.806767676659998
      ],
      "exit_codes": [
        0,
        0,
        0,
        0,
        0,
        0,
        0,
        0,
        0,
        0
      ]
    }
  ]
}
