{
  "results": [
    {
      "command": "normal_run",
      "mean": 4.0959301879000005,
      "stddev": 0.4659330884599224,
      "median": 3.9696959816,
      "user": 0.00850378,
      "system": 0.00473076,
      "min": 3.4640882791000003,
      "max": 4.9202576671,
      "times": [
        4.1825398201,
        3.8567914801,
        4.0041583911,
        3.8488752131,
        3.4640882791000003,
        3.9352335721,
        4.9202576671,
        3.8307480921,
        4.8954434061,
        4.0211659581
      ],
      "exit_codes": [
        0,
        0,
        0,
        0,
        0,
        0,
        0,
        0,
        0,
        0
      ]
    },
    {
      "command": "with_nested_loop_join",
      "mean": 3.6085592660000003,
      "stddev": 0.4088890880699912,
      "median": 3.4968395406,
      "user": 0.008461280000000002,
      "system": 0.004663260000000001,
      "min": 3.0294707691,
      "max": 4.342256380099999,
      "times": [
        4.342256380099999,
        3.9283881771,
        3.3840989881000003,
        3.0294707691,
        3.4514221271000003,
        4.164828336099999,
        3.5145707731,
        3.2768780281,
        3.5118137291,
        3.4818653521000003
      ],
      "exit_codes": [
        0,
        0,
        0,
        0,
        0,
        0,
        0,
        0,
        0,
        0
      ]
    },
    {
      "command": "with_hash_join",
      "mean": 32.4720176073,
      "stddev": 1.6631196157711952,
      "median": 32.8040360656,
      "user": 0.00843808,
      "system": 0.00446636,
      "min": 29.513025687099997,
      "max": 34.9513348611,
      "times": [
        33.0020822771,
        32.2522956671,
        32.8627589671,
        33.1283683611,
        32.745313164100004,
        34.9513348611,
        29.9386145231,
        34.0659839841,
        29.513025687099997,
        32.260398581100006
      ],
      "exit_codes": [
        0,
        0,
        0,
        0,
        0,
        0,
        0,
        0,
        0,
        0
      ]
    }
  ]
}
