{
  "results": [
    {
      "command": "normal_run",
      "mean": 35.82134480816,
      "stddev": 71.88849866901779,
      "median": 4.68852939796,
      "user": 0.00843864,
      "system": 0.004323099999999999,
      "min": 4.1749027839599995,
      "max": 222.66363196896,
      "times": [
        4.1749027839599995,
        97.89845402495999,
        4.346436434959999,
        5.97591790296,
        4.350032360959999,
        5.2219764909599995,
        222.66363196896,
        4.23904188496,
        5.02702643496,
        4.31602779396
      ],
      "exit_codes": [
        0,
        0,
        0,
        0,
        0,
        0,
        0,
        0,
        0,
        0
      ]
    },
    {
      "command": "with_nested_loop_join",
      "mean": 4.9796308826599995,
      "stddev": 1.7894008479022334,
      "median": 4.28299131996,
      "user": 0.008822339999999998,
      "system": 0.0045395999999999995,
      "min": 4.150538012959999,
      "max": 9.96068698496,
      "times": [
        4.26862786096,
        4.2875125469599995,
        4.28897334696,
        4.150538012959999,
        4.16434270396,
        5.01144123096,
        4.27847009296,
        5.21050280396,
        4.17521324196,
        9.96068698496
      ],
      "exit_codes": [
        0,
        0,
        0,
        0,
        0,
        0,
        0,
        0,
        0,
        0
      ]
    },
    {
      "command": "with_hash_join",
      "mean": 56.89078495916,
      "stddev": 10.863112879744518,
      "median": 59.17679536246,
      "user": 0.009931639999999997,
      "system": 0.0070596999999999995,
      "min": 42.26529177596,
      "max": 70.16782460195999,
      "times": [
        42.26529177596,
        42.36810735896,
        54.68414563796,
        66.61471210196,
        50.12045819396,
        63.66944508696,
        47.11235763096,
        70.16782460195999,
        63.72741884396,
        68.17808835896
      ],
      "exit_codes": [
        0,
        0,
        0,
        0,
        0,
        0,
        0,
        0,
        0,
        0
      ]
    }
  ]
}
