{
  "results": [
    {
      "command": "normal_run",
      "mean": 0.14885662718,
      "stddev": 0.01843294590585135,
      "median": 0.14352301918,
      "user": 0.011438219999999999,
      "system": 0.008536199999999999,
      "min": 0.12656553918,
      "max": 0.17856199818000001,
      "times": [
        0.13728816318,
        0.16343255418,
        0.13652160618,
        0.14453856618,
        0.15550584718000002,
        0.17483813218,
        0.14250747218,
        0.12656553918,
        0.12880639318,
        0.17856199818000001
      ],
      "exit_codes": [
        0,
        0,
        0,
        0,
        0,
        0,
        0,
        0,
        0,
        0
      ]
    },
    {
      "command": "with_nested_loop_join",
      "mean": 0.08865596228,
      "stddev": 0.016617224439293768,
      "median": 0.08775214918,
      "user": 0.010418720000000001,
      "system": 0.007870499999999999,
      "min": 0.06894068018,
      "max": 0.11869793718,
      "times": [
        0.08388214818,
        0.06894068018,
        0.09241684418,
        0.11869793718,
        0.08497144818,
        0.11264433118,
        0.07127572918,
        0.09053285018,
        0.07257596218,
        0.09062169218
      ],
      "exit_codes": [
        0,
        0,
        0,
        0,
        0,
        0,
        0,
        0,
        0,
        0
      ]
    },
    {
      "command": "with_hash_join",
      "mean": 3.4323402102800005,
      "stddev": 0.44980531476651914,
      "median": 3.59029586668,
      "user": 0.01130562,
      "system": 0.008035599999999999,
      "min": 2.24798970318,
      "max": 3.7744215171800004,
      "times": [
        3.49780505918,
        3.6239397921800003,
        3.70787037418,
        3.72089905418,
        2.24798970318,
        3.3468955781800003,
        3.22298929118,
        3.58806523518,
        3.7744215171800004,
        3.5925264981800002
      ],
      "exit_codes": [
        0,
        0,
        0,
        0,
        0,
        0,
        0,
        0,
        0,
        0
      ]
    }
  ]
}
