{
  "results": [
    {
      "command": "normal_run",
      "mean": 0.16309257408,
      "stddev": 0.027822348540661433,
      "median": 0.15832065038,
      "user": 0.011522559999999998,
      "system": 0.007262619999999999,
      "min": 0.13548901588,
      "max": 0.23460617588000002,
      "times": [
        0.16521406688,
        0.13548901588,
        0.15583839488,
        0.17557237688000002,
        0.15006834088,
        0.16080290588,
        0.15266248088,
        0.23460617588000002,
        0.13874707788,
        0.16192490488000003
      ],
      "exit_codes": [
        0,
        0,
        0,
        0,
        0,
        0,
        0,
        0,
        0,
        0
      ]
    },
    {
      "command": "with_nested_loop_join",
      "mean": 0.09389165248,
      "stddev": 0.014709763183945719,
      "median": 0.09129073688,
      "user": 0.010821260000000001,
      "system": 0.0070579200000000005,
      "min": 0.07530329388000001,
      "max": 0.12812817988000003,
      "times": [
        0.09506233888000001,
        0.08040461088,
        0.08392835288,
        0.07530329388000001,
        0.12812817988000003,
        0.09210491688,
        0.09047655688,
        0.10248822488,
        0.10066727988000002,
        0.09035276988000002
      ],
      "exit_codes": [
        0,
        0,
        0,
        0,
        0,
        0,
        0,
        0,
        0,
        0
      ]
    },
    {
      "command": "with_hash_join",
      "mean": 3.25413199068,
      "stddev": 0.5380086338630142,
      "median": 3.32631084088,
      "user": 0.01173366,
      "system": 0.00787032,
      "min": 1.8381273818800001,
      "max": 3.90265938588,
      "times": [
        3.36880126088,
        3.54821312088,
        3.47861932688,
        3.2783845398800002,
        3.21447096388,
        1.8381273818800001,
        3.90265938588,
        3.41198342888,
        3.21624007688,
        3.28382042088
      ],
      "exit_codes": [
        0,
        0,
        0,
        0,
        0,
        0,
        0,
        0,
        0,
        0
      ]
    }
  ]
}
