{
  "results": [
    {
      "command": "normal_run",
      "mean": 5.137536648019999,
      "stddev": 2.7393588086116494,
      "median": 4.21313137962,
      "user": 0.01167354,
      "system": 0.00791564,
      "min": 3.78539919312,
      "max": 12.81745925612,
      "times": [
        3.93667073212,
        4.089290634119999,
        3.83317248712,
        4.123954750119999,
        12.81745925612,
        4.890885303119999,
        3.78539919312,
        5.28227206212,
        4.31395405312,
        4.30230800912
      ],
      "exit_codes": [
        0,
        0,
        0,
        0,
        0,
        0,
        0,
        0,
        0,
        0
      ]
    },
    {
      "command": "with_nested_loop_join",
      "mean": 2.51073138502,
      "stddev": 0.8171437067542001,
      "median": 2.25813364962,
      "user": 0.008356539999999999,
      "system": 0.0038396400000000005,
      "min": 1.56490337412,
      "max": 4.407876506119999,
      "times": [
        1.96499329712,
        2.00389041312,
        2.36492903512,
        2.08612149512,
        2.15133826412,
        1.56490337412,
        2.97453953912,
        3.15095715712,
        4.407876506119999,
        2.43776476912
      ],
      "exit_codes": [
        0,
        0,
        0,
        0,
        0,
        0,
        0,
        0,
        0,
        0
      ]
    },
    {
      "command": "with_hash_join",
      "mean": 94.12050808822,
      "stddev": 17.028959018246315,
      "median": 104.19843867662,
      "user": 0.042051939999999996,
      "system": 0.02177784,
      "min": 64.05484395012,
      "max": 105.39971660212,
      "times": [
        104.19440705312,
        105.39971660212,
        105.09280870812,
        103.73330453812,
        104.20247030012,
        71.31168622612,
        73.71433349412,
        104.99473065212,
        104.50677935812,
        64.05484395012
      ],
      "exit_codes": [
        0,
        0,
        0,
        0,
        0,
        0,
        0,
        0,
        0,
        0
      ]
    }
  ]
}
