{
  "results": [
    {
      "command": "normal_run",
      "mean": 12.91676914462,
      "stddev": 32.70212765623278,
      "median": 2.0448598152199997,
      "user": 0.011315619999999998,
      "system": 0.008550760000000001,
      "min": 1.7892087432200001,
      "max": 105.86997948922,
      "times": [
        2.03988329322,
        2.14257171122,
        2.07172530222,
        105.86997948922,
        1.90624139322,
        2.03780730822,
        7.25013532822,
        1.7892087432200001,
        2.01030254022,
        2.04983633722
      ],
      "exit_codes": [
        0,
        0,
        0,
        0,
        0,
        0,
        0,
        0,
        0,
        0
      ]
    },
    {
      "command": "with_nested_loop_join",
      "mean": 0.7559341090200001,
      "stddev": 0.06627488009265575,
      "median": 0.76663264872,
      "user": 0.011175619999999997,
      "system": 0.008588460000000001,
      "min": 0.6364184592200001,
      "max": 0.8329447292200001,
      "times": [
        0.8050403732200001,
        0.82917311122,
        0.7906287702200001,
        0.7049415592200001,
        0.6693889322200001,
        0.6364184592200001,
        0.75753985822,
        0.76382983122,
        0.8329447292200001,
        0.76943546622
      ],
      "exit_codes": [
        0,
        0,
        0,
        0,
        0,
        0,
        0,
        0,
        0,
        0
      ]
    },
    {
      "command": "with_hash_join",
      "mean": 207.42004731152002,
      "stddev": 43.62433354509859,
      "median": 203.98168179472,
      "user": 0.03933002,
      "system": 0.021644459999999997,
      "min": 118.27638266722,
      "max": 261.64077925322,
      "times": [
        118.27638266722,
        180.54126684322,
        203.50269113622,
        197.79418360522,
        252.87154169722,
        204.46067245322,
        261.64077925322,
        258.41547836622,
        181.45077579222,
        215.24670130122
      ],
      "exit_codes": [
        0,
        0,
        0,
        0,
        0,
        0,
        0,
        0,
        0,
        0
      ]
    }
  ]
}
