{
  "results": [
    {
      "command": "normal_run",
      "mean": 36.67564806002,
      "stddev": 48.34444127672519,
      "median": 17.59158975922,
      "user": 0.038750400000000004,
      "system": 0.01789052,
      "min": 10.65102606772,
      "max": 165.19814366772,
      "times": [
        15.19766319772,
        165.19814366772,
        16.06320245972,
        70.36403554272,
        19.11997705872,
        21.18753316472,
        14.26816974872,
        14.08316861172,
        20.623561080720002,
        10.65102606772
      ],
      "exit_codes": [
        0,
        0,
        0,
        0,
        0,
        0,
        0,
        0,
        0,
        0
      ]
    },
    {
      "command": "with_nested_loop_join",
      "mean": 2.45427094752,
      "stddev": 0.6970858050283946,
      "median": 2.3075336797199997,
      "user": 0.005596300000000001,
      "system": 0.0006133360000000013,
      "min": 1.71330289472,
      "max": 3.57154552872,
      "times": [
        3.31388673472,
        1.7349049767200002,
        3.57154552872,
        2.35633511572,
        2.45562151172,
        1.9875823597200002,
        2.25873224372,
        3.29115872772,
        1.85963938172,
        1.71330289472
      ],
      "exit_codes": [
        0,
        0,
        0,
        0,
        0,
        0,
        0,
        0,
        0,
        0
      ]
    },
    {
      "command": "with_hash_join",
      "mean": 129.86561941891998,
      "stddev": 85.11425434238733,
      "median": 121.02345768472,
      "user": 0.005172900000000001,
      "system": 0.0005871200000000016,
      "min": 45.198701229719994,
      "max": 351.50367766472,
      "times": [
        104.89014887672,
        141.37321841172,
        74.35709201972,
        90.78542462772,
        142.36181692872,
        138.28738108072,
        137.15676649271998,
        72.74196685672,
        351.50367766472,
        45.198701229719994
      ],
      "exit_codes": [
        0,
        0,
        0,
        0,
        0,
        0,
        0,
        0,
        0,
        0
      ]
    }
  ]
}
