{
  "results": [
    {
      "command": "normal_run",
      "mean": 0.28853942118,
      "stddev": 0.006392067582769236,
      "median": 0.28894071048000003,
      "user": 0.008257160000000001,
      "system": 0.0043146799999999996,
      "min": 0.27751351598,
      "max": 0.29748814498000004,
      "times": [
        0.29305798598000005,
        0.29748814498000004,
        0.28624694098000003,
        0.28462478698000004,
        0.29051106398000004,
        0.27751351598,
        0.29310244398,
        0.28074934298000004,
        0.29472962898000005,
        0.28737035698
      ],
      "exit_codes": [
        0,
        0,
        0,
        0,
        0,
        0,
        0,
        0,
        0,
        0
      ]
    },
    {
      "command": "with_nested_loop_join",
      "mean": 0.10863980758,
      "stddev": 0.02660013625715656,
      "median": 0.09793960098000001,
      "user": 0.00903506,
      "system": 0.00524098,
      "min": 0.09474616898,
      "max": 0.18158716398,
      "times": [
        0.11938755898,
        0.10356345198000001,
        0.09695742298000001,
        0.09474616898,
        0.09724110198000001,
        0.09655469198000001,
        0.09677112598000001,
        0.10095128898000001,
        0.09863809998,
        0.18158716398
      ],
      "exit_codes": [
        0,
        0,
        0,
        0,
        0,
        0,
        0,
        0,
        0,
        0
      ]
    },
    {
      "command": "with_hash_join",
      "mean": 1.8639218646800004,
      "stddev": 0.16245063077284572,
      "median": 1.80323843048,
      "user": 0.008536060000000002,
      "system": 0.00477818,
      "min": 1.7773732329800003,
      "max": 2.30930230298,
      "times": [
        1.7830934469800002,
        1.7805565189800001,
        1.8220025439800003,
        1.86106073098,
        1.78548415298,
        1.9138688559800001,
        1.81732569498,
        2.30930230298,
        1.7891511659800001,
        1.7773732329800003
      ],
      "exit_codes": [
        0,
        0,
        0,
        0,
        0,
        0,
        0,
        0,
        0,
        0
      ]
    }
  ]
}
