{
  "results": [
    {
      "command": "normal_run",
      "mean": 12.1618153775,
      "stddev": 1.400308739163882,
      "median": 11.80430965,
      "user": 0.00801258,
      "system": 0.004264560000000001,
      "min": 10.9989553425,
      "max": 15.8328793145,
      "times": [
        11.5447684075,
        11.714806961499999,
        12.0055613645,
        10.9989553425,
        11.1044779245,
        11.3494805875,
        11.8938123385,
        15.8328793145,
        12.6261314875,
        12.5472800465
      ],
      "exit_codes": [
        0,
        0,
        0,
        0,
        0,
        0,
        0,
        0,
        0,
        0
      ]
    },
    {
      "command": "with_nested_loop_join",
      "mean": 83.462538265,
      "stddev": 4.974638902498246,
      "median": 82.3363494645,
      "user": 0.008278379999999998,
      "system": 0.00449596,
      "min": 76.1065125205,
      "max": 90.7978755335,
      "times": [
        88.2339906345,
        81.3105340685,
        77.0271867285,
        83.3621648605,
        81.2995323185,
        76.1065125205,
        90.7978755335,
        88.2283570915,
        87.1046516925,
        81.1545772015
      ],
      "exit_codes": [
        0,
        0,
        0,
        0,
        0,
        0,
        0,
        0,
        0,
        0
      ]
    },
    {
      "command": "with_hash_join",
      "mean": 5.966745038499999,
      "stddev": 1.1692251231911852,
      "median": 6.2809031075,
      "user": 0.008153480000000001,
      "system": 0.00450976,
      "min": 4.3635389735,
      "max": 7.9426064115,
      "times": [
        7.9426064115,
        6.6844708695,
        6.2041894315,
        6.3308849445,
        4.5388154465,
        6.2309212705,
        4.4002491115,
        6.5947042425,
        4.3635389735,
        6.3770696835
      ],
      "exit_codes": [
        0,
        0,
        0,
        0,
        0,
        0,
        0,
        0,
        0,
        0
      ]
    }
  ]
}
