{
  "results": [
    {
      "command": "normal_run",
      "mean": 0.73759335778,
      "stddev": 0.043336108584904165,
      "median": 0.7247702279800001,
      "user": 0.008916619999999997,
      "system": 0.00470646,
      "min": 0.6846867159800001,
      "max": 0.8234477559800001,
      "times": [
        0.8234477559800001,
        0.79618422698,
        0.69621979798,
        0.7198228239800001,
        0.7433868019800001,
        0.7297176319800001,
        0.71176717798,
        0.6846867159800001,
        0.7195551329800001,
        0.75114551198
      ],
      "exit_codes": [
        0,
        0,
        0,
        0,
        0,
        0,
        0,
        0,
        0,
        0
      ]
    },
    {
      "command": "with_nested_loop_join",
      "mean": 0.3015468071800001,
      "stddev": 0.031535331982966444,
      "median": 0.29321188548000005,
      "user": 0.008672719999999998,
      "system": 0.00439986,
      "min": 0.27511947298,
      "max": 0.37867532098,
      "times": [
        0.29317353698000004,
        0.29325023398000005,
        0.27989758598000003,
        0.29600003898000005,
        0.27541027598,
        0.37867532098,
        0.28495484398000004,
        0.31392058498000003,
        0.27511947298,
        0.32506617698
      ],
      "exit_codes": [
        0,
        0,
        0,
        0,
        0,
        0,
        0,
        0,
        0,
        0
      ]
    },
    {
      "command": "with_hash_join",
      "mean": 45.371437017580014,
      "stddev": 1.6315539774821506,
      "median": 45.15666542748,
      "user": 0.008436319999999999,
      "system": 0.00481566,
      "min": 41.86424823698,
      "max": 47.359156996980005,
      "times": [
        44.92223844698,
        41.86424823698,
        44.42106434998,
        47.359156996980005,
        46.644471221980005,
        44.55676182898,
        46.770974876980006,
        45.00849897898,
        46.862123361980004,
        45.30483187598
      ],
      "exit_codes": [
        0,
        0,
        0,
        0,
        0,
        0,
        0,
        0,
        0,
        0
      ]
    }
  ]
}
