{
  "results": [
    {
      "command": "normal_run",
      "mean": 25.249291805,
      "stddev": 2.3817026923836933,
      "median": 24.781750607599996,
      "user": 0.009023759999999999,
      "system": 0.00522628,
      "min": 21.9114059186,
      "max": 28.4206585926,
      "times": [
        24.514056787599998,
        23.1299771916,
        25.049444427599997,
        22.5397584876,
        28.2780409836,
        26.647892678599998,
        21.9114059186,
        24.3913562696,
        28.4206585926,
        27.6103267126
      ],
      "exit_codes": [
        0,
        0,
        0,
        0,
        0,
        0,
        0,
        0,
        0,
        0
      ]
    },
    {
      "command": "with_nested_loop_join",
      "mean": 28.525160142799997,
      "stddev": 2.8242358182580007,
      "median": 29.0464590611,
      "user": 0.00801546,
      "system": 0.00424388,
      "min": 23.7037005766,
      "max": 31.9672571656,
      "times": [
        25.7057698986,
        31.5282948706,
        30.0719360546,
        30.1329413496,
        31.9672571656,
        28.0209820676,
        25.9107703846,
        27.2360961376,
        23.7037005766,
        30.9738529226
      ],
      "exit_codes": [
        0,
        0,
        0,
        0,
        0,
        0,
        0,
        0,
        0,
        0
      ]
    },
    {
      "command": "with_hash_join",
      "mean": 42.301049635700004,
      "stddev": 1.0924025773319956,
      "median": 42.1239757611,
      "user": 0.008142259999999998,
      "system": 0.0045261799999999994,
      "min": 40.9605453066,
      "max": 43.9684975536,
      "times": [
        41.094935903599996,
        43.9684975536,
        40.9605453066,
        42.875220309599996,
        41.5518771856,
        43.3932370256,
        41.3662921256,
        42.3720019396,
        41.8759495826,
        43.5519394246
      ],
      "exit_codes": [
        0,
        0,
        0,
        0,
        0,
        0,
        0,
        0,
        0,
        0
      ]
    }
  ]
}
