{
  "results": [
    {
      "command": "normal_run",
      "mean": 5.78053041588,
      "stddev": 3.2488080383802087,
      "median": 3.89401204408,
      "user": 0.008691979999999998,
      "system": 0.004591699999999999,
      "min": 2.96637614758,
      "max": 10.985322933580001,
      "times": [
        10.985322933580001,
        4.27703758558,
        10.04657610558,
        9.23557690558,
        3.33327963358,
        2.96728501158,
        3.5109865025800002,
        2.96637614758,
        3.24756603958,
        7.2352972935799995
      ],
      "exit_codes": [
        0,
        0,
        0,
        0,
        0,
        0,
        0,
        0,
        0,
        0
      ]
    },
    {
      "command": "with_nested_loop_join",
      "mean": 5.07750780328,
      "stddev": 2.975559849468208,
      "median": 3.96017612258,
      "user": 0.00815608,
      "system": 0.0044108,
      "min": 2.93986767658,
      "max": 10.90964339858,
      "times": [
        2.93986767658,
        3.41832544458,
        2.9973984715800004,
        4.49324483058,
        4.24813434658,
        3.88832331658,
        4.03202892858,
        10.36401710758,
        3.4840945115800004,
        10.90964339858
      ],
      "exit_codes": [
        0,
        0,
        0,
        0,
        0,
        0,
        0,
        0,
        0,
        0
      ]
    },
    {
      "command": "with_hash_join",
      "mean": 45.16607608818,
      "stddev": 1.2491274950258355,
      "median": 44.70001583657999,
      "user": 0.008477579999999998,
      "system": 0.004762,
      "min": 43.76802894758,
      "max": 47.62783314158,
      "times": [
        43.862390247579995,
        44.579327520579994,
        44.80385277958,
        44.596178893579996,
        43.76802894758,
        46.772053473579994,
        45.26647370958,
        44.507616587579996,
        47.62783314158,
        45.87700558058
      ],
      "exit_codes": [
        0,
        0,
        0,
        0,
        0,
        0,
        0,
        0,
        0,
        0
      ]
    }
  ]
}
