{
  "results": [
    {
      "command": "normal_run",
      "mean": 2.10443324178,
      "stddev": 0.3705409296875289,
      "median": 1.8754030884800001,
      "user": 0.0081929,
      "system": 0.004022820000000002,
      "min": 1.78310545598,
      "max": 2.56162674198,
      "times": [
        1.7846094089800002,
        1.79291453998,
        2.56162674198,
        2.48839673398,
        1.84394791898,
        1.9068582579800002,
        2.53802392398,
        1.78310545598,
        2.54156804698,
        1.8032813889800001
      ],
      "exit_codes": [
        0,
        0,
        0,
        0,
        0,
        0,
        0,
        0,
        0,
        0
      ]
    },
    {
      "command": "with_nested_loop_join",
      "mean": 0.6268980839799999,
      "stddev": 0.04124647767308182,
      "median": 0.6208722309800001,
      "user": 0.008119199999999998,
      "system": 0.00409522,
      "min": 0.5697681089800001,
      "max": 0.69080950898,
      "times": [
        0.6218965259800001,
        0.63695863498,
        0.69080950898,
        0.5798477899800001,
        0.6098840279800001,
        0.5697681089800001,
        0.6198479359800001,
        0.6540110749800001,
        0.68787582398,
        0.5980814079800001
      ],
      "exit_codes": [
        0,
        0,
        0,
        0,
        0,
        0,
        0,
        0,
        0,
        0
      ]
    },
    {
      "command": "with_hash_join",
      "mean": 12.471520271580001,
      "stddev": 1.2670506544196107,
      "median": 11.85583934748,
      "user": 0.0079836,
      "system": 0.00412542,
      "min": 11.51535326798,
      "max": 15.34751011998,
      "times": [
        15.34751011998,
        13.18327597798,
        12.12624583098,
        11.64314826198,
        11.51535326798,
        11.68022027398,
        11.65677094298,
        13.85099934498,
        11.86331666298,
        11.84836203198
      ],
      "exit_codes": [
        0,
        0,
        0,
        0,
        0,
        0,
        0,
        0,
        0,
        0
      ]
    }
  ]
}
