{
  "results": [
    {
      "command": "normal_run",
      "mean": 3.3397179573000004,
      "stddev": 0.7164529374373861,
      "median": 3.3416111055,
      "user": 0.008092919999999998,
      "system": 0.00422288,
      "min": 2.6710205465,
      "max": 5.1327722885,
      "times": [
        3.4862157785,
        3.4782600365,
        2.8477787904999996,
        5.1327722885,
        3.2419806765,
        3.5306405695,
        2.7760422145,
        3.4412415345,
        2.6710205465,
        2.7912271375
      ],
      "exit_codes": [
        0,
        0,
        0,
        0,
        0,
        0,
        0,
        0,
        0,
        0
      ]
    },
    {
      "command": "with_nested_loop_join",
      "mean": 1.3458992130000003,
      "stddev": 0.06081134791022807,
      "median": 1.3350376995000002,
      "user": 0.008147419999999999,
      "system": 0.00429678,
      "min": 1.2596458825,
      "max": 1.4676001225000002,
      "times": [
        1.3281947365000002,
        1.3418806625000002,
        1.2991793355,
        1.3445815105,
        1.2596458825,
        1.4676001225000002,
        1.4150137175000002,
        1.3806904295000002,
        1.3037361695,
        1.3184695635
      ],
      "exit_codes": [
        0,
        0,
        0,
        0,
        0,
        0,
        0,
        0,
        0,
        0
      ]
    },
    {
      "command": "with_hash_join",
      "mean": 12.4158472192,
      "stddev": 0.40545138269022407,
      "median": 12.3664396975,
      "user": 0.008461919999999998,
      "system": 0.00448778,
      "min": 12.043709233500001,
      "max": 13.445391418500002,
      "times": [
        12.0824866105,
        12.043709233500001,
        12.1091274825,
        12.237220411500001,
        13.445391418500002,
        12.5850446245,
        12.405204514500001,
        12.369415977500001,
        12.5174085015,
        12.3634634175
      ],
      "exit_codes": [
        0,
        0,
        0,
        0,
        0,
        0,
        0,
        0,
        0,
        0
      ]
    }
  ]
}
