{
  "results": [
    {
      "command": "normal_run",
      "mean": 6.07610892702,
      "stddev": 1.1591539147281502,
      "median": 5.75425973142,
      "user": 0.00842882,
      "system": 0.0045156599999999995,
      "min": 5.21030952792,
      "max": 9.10059170892,
      "times": [
        5.21030952792,
        9.10059170892,
        5.489540985920001,
        5.4999542989200005,
        6.22447166692,
        6.28662796892,
        6.41942250392,
        5.28739993692,
        6.00856516392,
        5.2342055079200005
      ],
      "exit_codes": [
        0,
        0,
        0,
        0,
        0,
        0,
        0,
        0,
        0,
        0
      ]
    },
    {
      "command": "with_nested_loop_join",
      "mean": 6.084998247220001,
      "stddev": 0.8362057559125651,
      "median": 5.79921451742,
      "user": 0.00820452,
      "system": 0.0043415599999999995,
      "min": 5.608636387920001,
      "max": 8.40411459892,
      "times": [
        5.728233850920001,
        6.18669929392,
        5.86263137992,
        5.643186071920001,
        5.805402041920001,
        5.79302699292,
        5.708630571920001,
        5.608636387920001,
        8.40411459892,
        6.1094212819200004
      ],
      "exit_codes": [
        0,
        0,
        0,
        0,
        0,
        0,
        0,
        0,
        0,
        0
      ]
    },
    {
      "command": "with_hash_join",
      "mean": 5.18063051312,
      "stddev": 0.08592195931653236,
      "median": 5.180700762920001,
      "user": 0.00824502,
      "system": 0.004320760000000001,
      "min": 5.07290334292,
      "max": 5.31020186792,
      "times": [
        5.31020186792,
        5.189573445920001,
        5.26790724392,
        5.2811245619200005,
        5.17182807992,
        5.10360217592,
        5.20272007192,
        5.13297289992,
        5.07290334292,
        5.073471440920001
      ],
      "exit_codes": [
        0,
        0,
        0,
        0,
        0,
        0,
        0,
        0,
        0,
        0
      ]
    }
  ]
}
