{
  "results": [
    {
      "command": "normal_run",
      "mean": 9.541872263799998,
      "stddev": 0.9572925117078219,
      "median": 9.3537174093,
      "user": 0.008301159999999998,
      "system": 0.00430236,
      "min": 8.4269353863,
      "max": 11.6200479743,
      "times": [
        9.1633724073,
        8.4269353863,
        9.3274663553,
        8.9795903383,
        9.8190605523,
        9.5659632313,
        8.549488137300001,
        11.6200479743,
        10.5868297923,
        9.379968463300001
      ],
      "exit_codes": [
        0,
        0,
        0,
        0,
        0,
        0,
        0,
        0,
        0,
        0
      ]
    },
    {
      "command": "with_nested_loop_join",
      "mean": 10.392902484,
      "stddev": 0.8528511282632106,
      "median": 10.0424863213,
      "user": 0.008099559999999999,
      "system": 0.00458806,
      "min": 9.627296190300001,
      "max": 12.5431892413,
      "times": [
        9.627296190300001,
        10.0858585813,
        9.8140199323,
        9.9863892703,
        9.9251861063,
        9.9991140613,
        10.3129312313,
        12.5431892413,
        10.796883579300001,
        10.8381566463
      ],
      "exit_codes": [
        0,
        0,
        0,
        0,
        0,
        0,
        0,
        0,
        0,
        0
      ]
    },
    {
      "command": "with_hash_join",
      "mean": 7.992096610900001,
      "stddev": 0.06986411276782763,
      "median": 7.9869011958,
      "user": 0.00839556,
      "system": 0.0042419599999999995,
      "min": 7.9263996593,
      "max": 8.1760269233,
      "times": [
        7.996351882300001,
        7.9964676383,
        7.9306227593,
        7.9860824163,
        7.9263996593,
        7.990991017300001,
        8.1760269233,
        7.9802792233,
        7.9500246143,
        7.9877199753
      ],
      "exit_codes": [
        0,
        0,
        0,
        0,
        0,
        0,
        0,
        0,
        0,
        0
      ]
    }
  ]
}
