{
  "results": [
    {
      "command": "normal_run",
      "mean": 1.43950070088,
      "stddev": 0.06499643458980497,
      "median": 1.41146689198,
      "user": 0.008161500000000002,
      "system": 0.00427316,
      "min": 1.39248721098,
      "max": 1.59460502698,
      "times": [
        1.39248721098,
        1.39627330698,
        1.41112281498,
        1.40706822898,
        1.41181096898,
        1.59460502698,
        1.42143487998,
        1.51221889698,
        1.4481321439800001,
        1.3998535299800001
      ],
      "exit_codes": [
        0,
        0,
        0,
        0,
        0,
        0,
        0,
        0,
        0,
        0
      ]
    },
    {
      "command": "with_nested_loop_join",
      "mean": 0.08468424408,
      "stddev": 0.010373866772106655,
      "median": 0.08015624397999999,
      "user": 0.0083249,
      "system": 0.0042968600000000004,
      "min": 0.07730216998,
      "max": 0.11245843098,
      "times": [
        0.07943674598,
        0.11245843098,
        0.08427387798,
        0.08449012398,
        0.08046394498,
        0.07964936398,
        0.08937212198,
        0.07954711798,
        0.07730216998,
        0.07984854297999999
      ],
      "exit_codes": [
        0,
        0,
        0,
        0,
        0,
        0,
        0,
        0,
        0,
        0
      ]
    },
    {
      "command": "with_hash_join",
      "mean": 1.40751082148,
      "stddev": 0.01836527934245855,
      "median": 1.39957903148,
      "user": 0.008024,
      "system": 0.004032559999999999,
      "min": 1.38273910698,
      "max": 1.44260833398,
      "times": [
        1.41865400598,
        1.43210207298,
        1.39886184298,
        1.44260833398,
        1.40029621998,
        1.39736624798,
        1.3980799849799999,
        1.39564031498,
        1.4087600839799999,
        1.38273910698
      ],
      "exit_codes": [
        0,
        0,
        0,
        0,
        0,
        0,
        0,
        0,
        0,
        0
      ]
    }
  ]
}
