{
  "results": [
    {
      "command": "normal_run",
      "mean": 4.6666011673600005,
      "stddev": 1.6797183802169244,
      "median": 5.15991337176,
      "user": 0.008894079999999999,
      "system": 0.004958739999999999,
      "min": 1.63775438276,
      "max": 6.87755046976,
      "times": [
        6.87755046976,
        5.45629664076,
        1.6464334847600002,
        5.11852601776,
        5.20034664076,
        5.18866522176,
        1.63775438276,
        5.32585526776,
        5.13116152176,
        5.08342202576
      ],
      "exit_codes": [
        0,
        0,
        0,
        0,
        0,
        0,
        0,
        0,
        0,
        0
      ]
    },
    {
      "command": "with_nested_loop_join",
      "mean": 1.6359448437600002,
      "stddev": 0.01814331299917006,
      "median": 1.6322157747600001,
      "user": 0.008228979999999999,
      "system": 0.00428194,
      "min": 1.60722038876,
      "max": 1.6601797187600003,
      "times": [
        1.65852834276,
        1.6324506477600003,
        1.60722038876,
        1.6430767887600002,
        1.6565258267600003,
        1.6601797187600003,
        1.6264570587600002,
        1.63198090176,
        1.6175569787600002,
        1.6254717847600002
      ],
      "exit_codes": [
        0,
        0,
        0,
        0,
        0,
        0,
        0,
        0,
        0,
        0
      ]
    },
    {
      "command": "with_hash_join",
      "mean": 5.36910298526,
      "stddev": 0.5544426452994303,
      "median": 5.18638584576,
      "user": 0.009152579999999997,
      "system": 0.00528974,
      "min": 5.04806983176,
      "max": 6.87223199576,
      "times": [
        5.06322537276,
        5.04806983176,
        5.23623896476,
        6.87223199576,
        5.41077367076,
        5.06094685676,
        5.06740501076,
        5.24043027776,
        5.1365327267600005,
        5.55517514476
      ],
      "exit_codes": [
        0,
        0,
        0,
        0,
        0,
        0,
        0,
        0,
        0,
        0
      ]
    }
  ]
}
