{
  "results": [
    {
      "command": "normal_run",
      "mean": 1.4405622074400002,
      "stddev": 0.01208556827382859,
      "median": 1.44166641324,
      "user": 0.008206019999999998,
      "system": 0.0041461,
      "min": 1.42140996924,
      "max": 1.45691460424,
      "times": [
        1.43858007224,
        1.45691460424,
        1.44628405324,
        1.45538337424,
        1.44685234024,
        1.42235494524,
        1.42140996924,
        1.44475275424,
        1.43530057324,
        1.43778938824
      ],
      "exit_codes": [
        0,
        0,
        0,
        0,
        0,
        0,
        0,
        0,
        0,
        0
      ]
    },
    {
      "command": "with_nested_loop_join",
      "mean": 0.08333951994,
      "stddev": 0.005212851713840476,
      "median": 0.08212625373999999,
      "user": 0.00821362,
      "system": 0.0042485,
      "min": 0.07831575024,
      "max": 0.09462163324,
      "times": [
        0.09024113224000001,
        0.08171077224,
        0.08258922024,
        0.07831575024,
        0.08369642024,
        0.07903376624,
        0.07893399724,
        0.08241992924,
        0.09462163324,
        0.08183257824
      ],
      "exit_codes": [
        0,
        0,
        0,
        0,
        0,
        0,
        0,
        0,
        0,
        0
      ]
    },
    {
      "command": "with_hash_join",
      "mean": 1.42113403404,
      "stddev": 0.03981217634751796,
      "median": 1.41205613374,
      "user": 0.00818332,
      "system": 0.0040865,
      "min": 1.3893885342399999,
      "max": 1.52618176324,
      "times": [
        1.41780762624,
        1.4205789822400001,
        1.43053442724,
        1.43056251924,
        1.52618176324,
        1.39996501424,
        1.40630464124,
        1.39551408624,
        1.39450274624,
        1.3893885342399999
      ],
      "exit_codes": [
        0,
        0,
        0,
        0,
        0,
        0,
        0,
        0,
        0,
        0
      ]
    }
  ]
}
