{
  "results": [
    {
      "command": "normal_run",
      "mean": 21.60756943546,
      "stddev": 10.346631487002336,
      "median": 21.20407926816,
      "user": 0.041211040000000004,
      "system": 0.021562039999999998,
      "min": 11.53772936716,
      "max": 35.277356797159996,
      "times": [
        12.70693447816,
        35.277356797159996,
        11.92923774516,
        31.708605580159997,
        11.814072556160001,
        29.84842800516,
        11.56808001516,
        11.53772936716,
        29.984025752159997,
        29.701224058159998
      ],
      "exit_codes": [
        0,
        0,
        0,
        0,
        0,
        0,
        0,
        0,
        0,
        0
      ]
    },
    {
      "command": "with_nested_loop_join",
      "mean": 20.22551086366,
      "stddev": 11.792922601303122,
      "median": 20.886517386159998,
      "user": 0.034314340000000006,
      "system": 0.01785784,
      "min": 2.98904011916,
      "max": 32.58043901616,
      "times": [
        30.047548575159997,
        11.55318243916,
        30.048871335159998,
        2.98904011916,
        10.56753318416,
        32.58043901616,
        11.72548619716,
        31.27752605316,
        31.81309205816,
        9.65238965916
      ],
      "exit_codes": [
        0,
        0,
        0,
        0,
        0,
        0,
        0,
        0,
        0,
        0
      ]
    },
    {
      "command": "with_hash_join",
      "mean": 17.69490074186,
      "stddev": 0.48637072436148054,
      "median": 17.570810147159996,
      "user": 0.04152184,
      "system": 0.021901039999999997,
      "min": 17.37652106816,
      "max": 19.056171501159998,
      "times": [
        19.056171501159998,
        17.64546884216,
        17.519455863159997,
        17.62047928716,
        17.572532158159998,
        17.464005560159997,
        17.37652106816,
        17.569088136159998,
        17.654080224159998,
        17.471204778159997
      ],
      "exit_codes": [
        0,
        0,
        0,
        0,
        0,
        0,
        0,
        0,
        0,
        0
      ]
    }
  ]
}
