{
  "results": [
    {
      "command": "normal_run",
      "mean": 7.3337943045800005,
      "stddev": 2.4818454701185764,
      "median": 8.81986646048,
      "user": 0.038524579999999996,
      "system": 0.017762419999999998,
      "min": 3.72339793098,
      "max": 9.02524681198,
      "times": [
        8.75377539098,
        8.81570794898,
        8.86117863298,
        3.75331690898,
        3.74011510198,
        8.87730839798,
        8.82402497198,
        8.96387094898,
        3.72339793098,
        9.02524681198
      ],
      "exit_codes": [
        0,
        0,
        0,
        0,
        0,
        0,
        0,
        0,
        0,
        0
      ]
    },
    {
      "command": "with_nested_loop_join",
      "mean": 4.82366712058,
      "stddev": 2.215481101233037,
      "median": 3.77541083998,
      "user": 0.038077980000000004,
      "system": 0.017711619999999997,
      "min": 3.67462430598,
      "max": 9.05762945798,
      "times": [
        3.7690712459799998,
        3.7495271619799997,
        8.99335704098,
        3.90920752098,
        3.82723099498,
        3.78175043398,
        3.75127519598,
        9.05762945798,
        3.72299784698,
        3.67462430598
      ],
      "exit_codes": [
        0,
        0,
        0,
        0,
        0,
        0,
        0,
        0,
        0,
        0
      ]
    },
    {
      "command": "with_hash_join",
      "mean": 13.876925280580002,
      "stddev": 5.537270560810044,
      "median": 16.66757105748,
      "user": 0.02802418,
      "system": 0.01212532,
      "min": 3.43529230498,
      "max": 16.90126581498,
      "times": [
        3.44118778398,
        3.43529230498,
        14.75271337098,
        16.90126581498,
        16.88358746598,
        16.64129835998,
        16.69641872098,
        16.69384375498,
        16.78156262098,
        16.54208260798
      ],
      "exit_codes": [
        0,
        0,
        0,
        0,
        0,
        0,
        0,
        0,
        0,
        0
      ]
    }
  ]
}
