{
  "results": [
    {
      "command": "normal_run",
      "mean": 62.144876434839986,
      "stddev": 40.705372586392286,
      "median": 33.53919009793999,
      "user": 0.018322080000000004,
      "system": 0.008789339999999998,
      "min": 30.79936912294,
      "max": 119.65181342193999,
      "times": [
        116.93523341394,
        119.65181342193999,
        117.34268462594,
        74.54662687593999,
        30.79936912294,
        32.25298427094,
        30.81976208194,
        32.021910338939996,
        34.38217613194,
        32.696204063939994
      ],
      "exit_codes": [
        0,
        0,
        0,
        0,
        0,
        0,
        0,
        0,
        0,
        0
      ]
    },
    {
      "command": "with_nested_loop_join",
      "mean": 30.361739326840002,
      "stddev": 1.0323574473940451,
      "median": 30.50015174694,
      "user": 0.005381180000000001,
      "system": 0.0009275399999999993,
      "min": 28.82315307394,
      "max": 31.49463813594,
      "times": [
        30.26725860994,
        31.16475159094,
        31.18637797094,
        30.24490574994,
        29.40275405494,
        31.49463813594,
        31.46302710294,
        30.73304488394,
        28.83748209494,
        28.82315307394
      ],
      "exit_codes": [
        0,
        0,
        0,
        0,
        0,
        0,
        0,
        0,
        0,
        0
      ]
    },
    {
      "command": "with_hash_join",
      "mean": 16.27379920614,
      "stddev": 2.3777579143582064,
      "median": 17.86137624594,
      "user": 0.005508680000000002,
      "system": 0.0013865399999999993,
      "min": 13.37988119094,
      "max": 18.53859656694,
      "times": [
        18.53859656694,
        18.38735658094,
        17.93715589794,
        17.78559659394,
        17.95089107894,
        18.02962630994,
        13.87580021494,
        13.412010155940001,
        13.44107747094,
        13.37988119094
      ],
      "exit_codes": [
        0,
        0,
        0,
        0,
        0,
        0,
        0,
        0,
        0,
        0
      ]
    }
  ]
}
