{
  "results": [
    {
      "command": "normal_run",
      "mean": 18.82787615542,
      "stddev": 2.510020338889067,
      "median": 18.26216828062,
      "user": 0.00819688,
      "system": 0.004358119999999999,
      "min": 15.98646658512,
      "max": 23.31931794012,
      "times": [
        23.31931794012,
        21.377888982119998,
        21.84669156212,
        16.49994951512,
        15.98646658512,
        17.96791367612,
        18.66740509412,
        16.79970008512,
        18.55642288512,
        17.25700522912
      ],
      "exit_codes": [
        0,
        0,
        0,
        0,
        0,
        0,
        0,
        0,
        0,
        0
      ]
    },
    {
      "command": "with_nested_loop_join",
      "mean": 16.09845909442,
      "stddev": 0.6877968137303555,
      "median": 16.24716462162,
      "user": 0.00861718,
      "system": 0.00457692,
      "min": 15.02682774712,
      "max": 17.41953387412,
      "times": [
        15.02682774712,
        15.29340993612,
        15.79246178312,
        16.13004870112,
        15.64611603912,
        16.46532400412,
        16.43575626312,
        16.36428054212,
        17.41953387412,
        16.41083205412
      ],
      "exit_codes": [
        0,
        0,
        0,
        0,
        0,
        0,
        0,
        0,
        0,
        0
      ]
    },
    {
      "command": "with_hash_join",
      "mean": 28.72945279392,
      "stddev": 0.20409119866228603,
      "median": 28.66935299912,
      "user": 0.00810588,
      "system": 0.0043877199999999995,
      "min": 28.47716445012,
      "max": 29.04359724212,
      "times": [
        28.59441388412,
        28.92454717212,
        28.98914037612,
        28.47716445012,
        28.65622437912,
        28.60178220512,
        28.68248161912,
        28.82991681312,
        29.04359724212,
        28.49525979812
      ],
      "exit_codes": [
        0,
        0,
        0,
        0,
        0,
        0,
        0,
        0,
        0,
        0
      ]
    }
  ]
}
