{
  "results": [
    {
      "command": "normal_run",
      "mean": 47.940750191940005,
      "stddev": 104.71229987817745,
      "median": 15.16205880574,
      "user": 0.00784654,
      "system": 0.00421072,
      "min": 11.30107608924,
      "max": 345.92486288324,
      "times": [
        15.28758285124,
        15.03653476024,
        345.92486288324,
        11.30107608924,
        13.73545860224,
        14.70345604724,
        14.68087173724,
        16.04147018024,
        17.179589969240002,
        15.51659879924
      ],
      "exit_codes": [
        0,
        0,
        0,
        0,
        0,
        0,
        0,
        0,
        0,
        0
      ]
    },
    {
      "command": "with_nested_loop_join",
      "mean": 720.0978901481401,
      "stddev": 375.0485209892196,
      "median": 707.17883317724,
      "user": 0.019014839999999998,
      "system": 0.014888020000000002,
      "min": 343.60092295024,
      "max": 1305.99563285624,
      "times": [
        677.09051350924,
        740.14483486024,
        737.26715284524,
        1030.36687900624,
        1270.92563416224,
        1305.99563285624,
        388.71195644124,
        343.60092295024,
        351.70361363024,
        355.17176122024
      ],
      "exit_codes": [
        0,
        0,
        0,
        0,
        0,
        0,
        0,
        0,
        0,
        0
      ]
    },
    {
      "command": "with_hash_join",
      "mean": 29.94892644374,
      "stddev": 8.364038394639067,
      "median": 34.778822118739996,
      "user": 0.008060839999999998,
      "system": 0.004211620000000001,
      "min": 16.356977761240003,
      "max": 37.948857062239995,
      "times": [
        35.67113595324,
        35.583724078239996,
        37.948857062239995,
        35.13475795224,
        34.42288628524,
        35.94144666624,
        20.64990741924,
        29.958643270240003,
        17.82092798924,
        16.356977761240003
      ],
      "exit_codes": [
        0,
        0,
        0,
        0,
        0,
        0,
        0,
        0,
        0,
        0
      ]
    }
  ]
}
