{
  "results": [
    {
      "command": "normal_run",
      "mean": 54.56415333462,
      "stddev": 2.502253026488232,
      "median": 53.88099798332,
      "user": 0.0083273,
      "system": 0.00474048,
      "min": 51.55042050482,
      "max": 59.81507342882,
      "times": [
        53.96785427882,
        51.63769423182,
        56.10187475382,
        53.585628374820004,
        56.86634620482,
        53.79414168782,
        59.81507342882,
        53.37474548082,
        51.55042050482,
        54.94775439982
      ],
      "exit_codes": [
        0,
        0,
        0,
        0,
        0,
        0,
        0,
        0,
        0,
        0
      ]
    },
    {
      "command": "with_nested_loop_join",
      "mean": 105.66318161742,
      "stddev": 65.63993440199577,
      "median": 68.51811636331999,
      "user": 0.018108299999999997,
      "system": 0.010832279999999996,
      "min": 53.02115836682,
      "max": 223.17745710582,
      "times": [
        56.05207948382,
        53.13510616482,
        55.663586987820004,
        53.02115836682,
        139.71181596181998,
        204.24860285382,
        223.17745710582,
        134.58577652282,
        69.46116668382,
        67.57506604282
      ],
      "exit_codes": [
        0,
        0,
        0,
        0,
        0,
        0,
        0,
        0,
        0,
        0
      ]
    },
    {
      "command": "with_hash_join",
      "mean": 38.20903469452001,
      "stddev": 2.5163066553670035,
      "median": 38.85766860932,
      "user": 0.008565399999999997,
      "system": 0.00496198,
      "min": 34.58828024582,
      "max": 41.36031969982,
      "times": [
        40.969469664820004,
        39.30157700782,
        39.14895412182,
        41.36031969982,
        35.797707770820004,
        38.56638309682,
        35.529040299820004,
        34.58828024582,
        36.06486130782,
        40.76375372982
      ],
      "exit_codes": [
        0,
        0,
        0,
        0,
        0,
        0,
        0,
        0,
        0,
        0
      ]
    }
  ]
}
