{
  "results": [
    {
      "command": "normal_run",
      "mean": 26.905841483619998,
      "stddev": 1.1753342831711153,
      "median": 26.905323743020002,
      "user": 0.00851326,
      "system": 0.00473074,
      "min": 24.65318331102,
      "max": 28.90360002902,
      "times": [
        27.032846450020003,
        28.90360002902,
        24.65318331102,
        26.139190912020002,
        28.084979688020002,
        27.11205779602,
        26.385770472020003,
        26.266449253020003,
        27.70253588902,
        26.77780103602
      ],
      "exit_codes": [
        0,
        0,
        0,
        0,
        0,
        0,
        0,
        0,
        0,
        0
      ]
    },
    {
      "command": "with_nested_loop_join",
      "mean": 27.078800360220004,
      "stddev": 1.4594565519081428,
      "median": 26.88280146452,
      "user": 0.00887316,
      "system": 0.00515274,
      "min": 24.436053986020003,
      "max": 29.36180536002,
      "times": [
        27.32613558302,
        26.70014028102,
        26.516890608020002,
        29.36180536002,
        26.95197120202,
        24.436053986020003,
        26.813631727020002,
        27.91242005402,
        29.04058747202,
        25.728367329020003
      ],
      "exit_codes": [
        0,
        0,
        0,
        0,
        0,
        0,
        0,
        0,
        0,
        0
      ]
    },
    {
      "command": "with_hash_join",
      "mean": 29.734843002519995,
      "stddev": 0.6286380552598116,
      "median": 29.64420427502,
      "user": 0.008442559999999998,
      "system": 0.00439654,
      "min": 28.966975001020003,
      "max": 31.055813727020002,
      "times": [
        30.21265893002,
        30.163271429020003,
        29.870449556020002,
        31.055813727020002,
        29.76570257102,
        28.966975001020003,
        29.04126891602,
        29.32203662202,
        29.522705979020003,
        29.427547294020002
      ],
      "exit_codes": [
        0,
        0,
        0,
        0,
        0,
        0,
        0,
        0,
        0,
        0
      ]
    }
  ]
}
