{
  "results": [
    {
      "command": "normal_run",
      "mean": 1.75866152756,
      "stddev": 0.12623125877763733,
      "median": 1.7122505482600001,
      "user": 0.00849726,
      "system": 0.00515006,
      "min": 1.68340117626,
      "max": 2.09914831826,
      "times": [
        1.76718446726,
        1.72016843126,
        1.68340117626,
        1.68974564926,
        1.81330822126,
        1.69374147126,
        1.6954164442600002,
        1.7129821442600002,
        1.71151895226,
        2.09914831826
      ],
      "exit_codes": [
        0,
        0,
        0,
        0,
        0,
        0,
        0,
        0,
        0,
        0
      ]
    },
    {
      "command": "with_nested_loop_join",
      "mean": 1.6754036248600002,
      "stddev": 0.06418875179253723,
      "median": 1.64856978076,
      "user": 0.00816046,
      "system": 0.00454466,
      "min": 1.62956327926,
      "max": 1.83781355226,
      "times": [
        1.83781355226,
        1.6398111912600002,
        1.65451229326,
        1.6803590932599999,
        1.64073446426,
        1.62956327926,
        1.64262726826,
        1.6306399682600001,
        1.67175537226,
        1.72621976626
      ],
      "exit_codes": [
        0,
        0,
        0,
        0,
        0,
        0,
        0,
        0,
        0,
        0
      ]
    },
    {
      "command": "with_hash_join",
      "mean": 39.15047324196,
      "stddev": 1.7698031863919175,
      "median": 39.01634498726,
      "user": 0.00900976,
      "system": 0.00494586,
      "min": 37.02935522626,
      "max": 42.50531290326,
      "times": [
        37.02935522626,
        37.32045126426,
        39.89364155526,
        42.50531290326,
        38.94400909626,
        40.83169484326,
        38.63454222526,
        39.08868087826,
        37.07120767926,
        40.18583674826
      ],
      "exit_codes": [
        0,
        0,
        0,
        0,
        0,
        0,
        0,
        0,
        0,
        0
      ]
    }
  ]
}
